15:13:33.541524 futex(0x55dd72a5a238, FUTEX_WAKE_PRIVATE, 1) = 1 (DELAYED) <20.000167>
15:13:53.541866 futex(0x55dd72a64b40, FUTEX_WAKE_PRIVATE, 1) = 1 <0.000037>
15:13:53.542086 futex(0x55dd72a64d68, FUTEX_WAKE_PRIVATE, 1) = 1 <0.000036>
15:13:53.542608 futex(0x55dd72a5a938, FUTEX_WAKE_PRIVATE, 1) = 1 <0.000036>
15:13:53.546417 futex(0x55dd72a64d68, FUTEX_WAKE_PRIVATE, 1) = 1 <0.000034>
15:13:53.546957 futex(0x55dd72a64d68, FUTEX_WAKE_PRIVATE, 1) = 1 <0.000029>
15:13:53.547040 futex(0x55dd72a64ec0, FUTEX_WAKE_PRIVATE, 1) = 1 <0.000031>
15:13:53.547139 futex(0x55dd72a64d68, FUTEX_WAKE_PRIVATE, 1) = 1 <0.000031>
15:13:53.547214 futex(0x55dd72a64ec0, FUTEX_WAKE_PRIVATE, 1) = 1 <0.000039>
15:13:53.547312 futex(0x55dd72a64d68, FUTEX_WAKE_PRIVATE, 1) = 1 <0.000033>
15:13:53.547391 futex(0x55dd72a64ec0, FUTEX_WAKE_PRIVATE, 1) = 1 <0.000030>
15:13:53.547478 futex(0x55dd72a64d68, FUTEX_WAKE_PRIVATE, 1) = 1 <0.000031>
15:13:53.547554 futex(0x55dd72a64ec0, FUTEX_WAKE_PRIVATE, 1) = 1 <0.000031>
15:13:53.547642 futex(0x55dd72a64d68, FUTEX_WAKE_PRIVATE, 1) = 1 <0.000031>
15:13:53.547719 futex(0x55dd72a64ec0, FUTEX_WAKE_PRIVATE, 1) = 1 <0.000033>
15:13:53.547808 futex(0x55dd72a64d68, FUTEX_WAKE_PRIVATE, 1) = 1 <0.000032>
15:13:53.547884 futex(0x55dd72a64ec0, FUTEX_WAKE_PRIVATE, 1) = 1 <0.000031>
15:13:53.548060 futex(0x55dd72a64d68, FUTEX_WAKE_PRIVATE, 1) = 1 <0.000027>
15:13:53.548127 futex(0x55dd72a64ec0, FUTEX_WAKE_PRIVATE, 1) = 1 <0.000034>
15:13:53.548227 futex(0x55dd72a64d68, FUTEX_WAKE_PRIVATE, 1) = 1 <0.000034>
15:13:53.548301 futex(0x55dd72a64ec0, FUTEX_WAKE_PRIVATE, 1) = 1 <0.000030>
15:13:53.548403 futex(0x7f6080000020, FUTEX_WAIT_PRIVATE, 2, NULL) = -1 EAGAIN (Resource temporarily unavailable) <0.000023>
15:13:53.548525 futex(0x7f6080000020, FUTEX_WAKE_PRIVATE, 1) = 0 <0.000021>
15:13:53.548586 futex(0x55dd72a64d68, FUTEX_WAKE_PRIVATE, 1) = 1 <0.000025>
15:13:53.548649 futex(0x55dd72a64ec0, FUTEX_WAKE_PRIVATE, 1) = 1 <0.000034>
15:13:53.548752 futex(0x7f6080000020, FUTEX_WAIT_PRIVATE, 2, NULL) = -1 EAGAIN (Resource temporarily unavailable) <0.000022>
15:13:53.548813 futex(0x7f6080000020, FUTEX_WAKE_PRIVATE, 1) = 0 <0.000021>
15:13:53.548873 futex(0x55dd72a64d68, FUTEX_WAKE_PRIVATE, 1) = 1 <0.000025>
15:13:53.548945 futex(0x55dd72a64ec0, FUTEX_WAKE_PRIVATE, 1) = 1 <0.000041>
15:13:53.549060 futex(0x55dd72a64d68, FUTEX_WAKE_PRIVATE, 1) = 1 <0.000025>
15:13:53.549124 futex(0x55dd72a64ec0, FUTEX_WAKE_PRIVATE, 1) = 1 <0.000025>
15:13:53.549198 futex(0x55dd72a64d68, FUTEX_WAKE_PRIVATE, 1) = 1 <0.000032>
15:13:53.549298 futex(0x55dd72a64d68, FUTEX_WAKE_PRIVATE, 1) = 1 <0.000025>
15:13:53.549388 futex(0x55dd72a64ec0, FUTEX_WAKE_PRIVATE, 1) = 1 <0.000041>
15:13:53.549496 futex(0x55dd72a64d68, FUTEX_WAKE_PRIVATE, 1) = 1 <0.000024>
15:13:53.549558 futex(0x55dd72a64ec0, FUTEX_WAKE_PRIVATE, 1) = 1 <0.000024>
15:13:53.549635 futex(0x55dd72a64d68, FUTEX_WAKE_PRIVATE, 1) = 1 <0.000024>
15:13:53.549696 futex(0x55dd72a64ec0, FUTEX_WAKE_PRIVATE, 1) = 1 <0.000024>
15:13:53.549771 futex(0x55dd72a64d68, FUTEX_WAKE_PRIVATE, 1) = 1 <0.000025>
15:13:53.549834 futex(0x55dd72a64ec0, FUTEX_WAKE_PRIVATE, 1) = 1 <0.000024>
15:13:53.549910 futex(0x55dd72a64d68, FUTEX_WAKE_PRIVATE, 1) = 1 <0.000027>
15:13:53.549976 futex(0x55dd72a64ec0, FUTEX_WAKE_PRIVATE, 1) = 1 <0.000022>
15:13:53.550044 futex(0x55dd72a64d68, FUTEX_WAKE_PRIVATE, 1) = 1 <0.000027>
15:13:53.550189 futex(0x7f60a31fac80, FUTEX_WAKE_PRIVATE, 1) = 0 <0.000021>
15:13:53.550262 futex(0x55dd72a64d68, FUTEX_WAKE_PRIVATE, 1) = 1 <0.000044>
15:13:53.550356 futex(0x55dd72a64ec0, FUTEX_WAKE_PRIVATE, 1) = 1 <0.000032>
15:13:53.550440 futex(0x55dd72a64d68, FUTEX_WAKE_PRIVATE, 1) = 1 <0.000024>
15:13:53.550499 futex(0x55dd72a64ec0, FUTEX_WAKE_PRIVATE, 1) = 1 <0.000022>
15:13:53.550567 futex(0x55dd72a64d68, FUTEX_WAKE_PRIVATE, 1) = 1 <0.000028>
15:13:53.550631 futex(0x55dd72a64ec0, FUTEX_WAKE_PRIVATE, 1) = 1 <0.000023>
15:13:53.550702 futex(0x55dd72a64d68, FUTEX_WAKE_PRIVATE, 1) = 1 <0.000026>
15:13:53.550768 futex(0x55dd72a64ec0, FUTEX_WAKE_PRIVATE, 1) = 1 <0.000029>
15:13:53.550853 futex(0x55dd72a64d68, FUTEX_WAKE_PRIVATE, 1) = 1 <0.000024>
15:13:53.550946 futex(0x55dd72a64ec0, FUTEX_WAKE_PRIVATE, 1) = 1 <0.000029>
15:13:53.551038 futex(0x55dd72a64d68, FUTEX_WAKE_PRIVATE, 1) = 1 <0.000026>
15:13:53.551103 futex(0x55dd72a64ec0, FUTEX_WAKE_PRIVATE, 1) = 1 <0.000032>
15:13:53.551187 futex(0x55dd72a64d68, FUTEX_WAKE_PRIVATE, 1) = 1 <0.000026>
15:13:53.551257 futex(0x55dd72a64ec0, FUTEX_WAKE_PRIVATE, 1) = 1 <0.000033>
15:13:53.551352 futex(0x55dd72a64d68, FUTEX_WAKE_PRIVATE, 1) = 1 <0.000026>
15:13:53.551417 futex(0x55dd72a64ec0, FUTEX_WAKE_PRIVATE, 1) = 1 <0.000031>
15:13:53.551510 futex(0x55dd72a64d68, FUTEX_WAKE_PRIVATE, 1) = 1 <0.000026>
15:13:53.551576 futex(0x55dd72a64ec0, FUTEX_WAKE_PRIVATE, 1) = 1 <0.000026>
15:13:53.551654 futex(0x55dd72a64d68, FUTEX_WAKE_PRIVATE, 1) = 1 <0.000032>
15:13:53.551730 futex(0x55dd72a64ec0, FUTEX_WAKE_PRIVATE, 1) = 1 <0.000035>
15:13:53.551830 futex(0x55dd72a64d68, FUTEX_WAKE_PRIVATE, 1) = 1 <0.000026>
15:13:53.551896 futex(0x55dd72a64ec0, FUTEX_WAKE_PRIVATE, 1) = 1 <0.000040>
15:13:53.552028 futex(0x55dd72a64d68, FUTEX_WAKE_PRIVATE, 1) = 1 <0.000039>
15:13:53.552140 futex(0x55dd72a64ec0, FUTEX_WAKE_PRIVATE, 1) = 1 <0.000042>
15:13:53.552724 futex(0x55dd72a64d68, FUTEX_WAKE_PRIVATE, 1) = 1 <0.000028>
15:13:53.552802 futex(0x55dd72a64ec0, FUTEX_WAKE_PRIVATE, 1) = 1 <0.000038>
15:13:53.552913 futex(0x55dd72a64d68, FUTEX_WAKE_PRIVATE, 1) = 1 <0.000031>
15:13:53.552992 futex(0x55dd72a64ec0, FUTEX_WAKE_PRIVATE, 1) = 1 <0.000035>
15:13:53.553099 futex(0x55dd72a64d68, FUTEX_WAKE_PRIVATE, 1) = 1 <0.000027>
15:13:53.553168 futex(0x55dd72a64ec0, FUTEX_WAKE_PRIVATE, 1) = 1 <0.000034>
15:13:53.553279 futex(0x55dd72a64d68, FUTEX_WAKE_PRIVATE, 1) = 1 <0.000028>
15:13:53.553351 futex(0x55dd72a64ec0, FUTEX_WAKE_PRIVATE, 1) = 1 <0.000034>
15:13:53.553453 futex(0x55dd72a64d68, FUTEX_WAKE_PRIVATE, 1) = 1 <0.000028>
15:13:53.553524 futex(0x55dd72a64ec0, FUTEX_WAKE_PRIVATE, 1) = 1 <0.000041>
15:13:53.553631 futex(0x55dd72a64d68, FUTEX_WAKE_PRIVATE, 1) = 1 <0.000028>
15:13:53.553701 futex(0x55dd72a64ec0, FUTEX_WAKE_PRIVATE, 1) = 1 <0.000035>
15:13:53.553806 futex(0x55dd72a64d68, FUTEX_WAKE_PRIVATE, 1) = 1 <0.000027>
15:13:53.553876 futex(0x55dd72a64ec0, FUTEX_WAKE_PRIVATE, 1) = 1 <0.000034>
15:13:53.554013 futex(0x55dd72a64d68, FUTEX_WAKE_PRIVATE, 1) = 1 <0.000028>
15:13:53.554090 futex(0x55dd72a64ec0, FUTEX_WAKE_PRIVATE, 1) = 1 <0.000034>
15:13:53.554193 futex(0x55dd72a64d68, FUTEX_WAKE_PRIVATE, 1) = 1 <0.000027>
15:13:53.554267 futex(0x55dd72a64ec0, FUTEX_WAKE_PRIVATE, 1) = 1 <0.000036>
15:13:53.554371 futex(0x55dd72a64d68, FUTEX_WAKE_PRIVATE, 1) = 1 <0.000028>
15:13:53.554443 futex(0x55dd72a64ec0, FUTEX_WAKE_PRIVATE, 1) = 1 <0.000034>
15:13:53.554545 futex(0x55dd72a64d68, FUTEX_WAKE_PRIVATE, 1) = 1 <0.000028>
15:13:53.554615 futex(0x55dd72a64ec0, FUTEX_WAKE_PRIVATE, 1) = 1 <0.000034>
15:13:53.554716 futex(0x55dd72a64d68, FUTEX_WAKE_PRIVATE, 1) = 1 <0.000028>
15:13:53.554786 futex(0x55dd72a64ec0, FUTEX_WAKE_PRIVATE, 1) = 1 <0.000034>
15:13:53.554887 futex(0x55dd72a64d68, FUTEX_WAKE_PRIVATE, 1) = 1 <0.000039>
15:13:53.554977 futex(0x55dd72a64ec0, FUTEX_WAKE_PRIVATE, 1) = 1 <0.000029>
15:13:53.555074 futex(0x55dd72a64d68, FUTEX_WAKE_PRIVATE, 1) = 1 <0.000027>
15:13:53.555144 futex(0x55dd72a64ec0, FUTEX_WAKE_PRIVATE, 1) = 1 <0.000034>
15:13:53.555246 futex(0x55dd72a64d68, FUTEX_WAKE_PRIVATE, 1) = 1 <0.000029>
15:13:53.555325 futex(0x55dd72a64ec0, FUTEX_WAKE_PRIVATE, 1) = 1 <0.000035>
15:13:53.555429 futex(0x55dd72a64d68, FUTEX_WAKE_PRIVATE, 1) = 1 <0.000028>
15:13:53.555501 futex(0x55dd72a64ec0, FUTEX_WAKE_PRIVATE, 1) = 1 <0.000034>
15:13:53.555606 futex(0x55dd72a64d68, FUTEX_WAKE_PRIVATE, 1) = 1 <0.000028>
15:13:53.555677 futex(0x55dd72a64ec0, FUTEX_WAKE_PRIVATE, 1) = 1 <0.000034>
15:13:53.555778 futex(0x55dd72a64d68, FUTEX_WAKE_PRIVATE, 1) = 1 <0.000028>
15:13:53.555850 futex(0x55dd72a64ec0, FUTEX_WAKE_PRIVATE, 1) = 1 <0.000034>
15:13:53.555966 futex(0x55dd72a64d68, FUTEX_WAKE_PRIVATE, 1) = 1 <0.000028>
15:13:53.556039 futex(0x55dd72a64ec0, FUTEX_WAKE_PRIVATE, 1) = 1 <0.000034>
15:13:53.556143 futex(0x55dd72a64d68, FUTEX_WAKE_PRIVATE, 1) = 1 <0.000028>
15:13:53.556220 futex(0x55dd72a64ec0, FUTEX_WAKE_PRIVATE, 1) = 1 <0.000040>
15:13:53.556329 futex(0x55dd72a64d68, FUTEX_WAKE_PRIVATE, 1) = 1 <0.000028>
15:13:53.556401 futex(0x55dd72a64ec0, FUTEX_WAKE_PRIVATE, 1) = 1 <0.000040>
15:13:53.556507 futex(0x55dd72a64d68, FUTEX_WAKE_PRIVATE, 1) = 1 <0.000027>
15:13:53.556577 futex(0x55dd72a64ec0, FUTEX_WAKE_PRIVATE, 1) = 1 <0.000034>
15:13:53.556679 futex(0x55dd72a64d68, FUTEX_WAKE_PRIVATE, 1) = 1 <0.000028>
15:13:53.556750 futex(0x55dd72a64ec0, FUTEX_WAKE_PRIVATE, 1) = 1 <0.000033>
15:13:53.559051 futex(0x55dd72a64d68, FUTEX_WAKE_PRIVATE, 1) = 1 <0.000032>
15:13:53.559140 futex(0x55dd72a64ec0, FUTEX_WAKE_PRIVATE, 1) = 1 <0.000041>
15:13:53.562197 futex(0x55dd72a64d68, FUTEX_WAKE_PRIVATE, 1) = 1 <0.000040>
15:13:53.562298 futex(0x55dd72a64ec0, FUTEX_WAKE_PRIVATE, 1) = 1 <0.000031>
15:13:53.565807 futex(0x55dd72a64d68, FUTEX_WAKE_PRIVATE, 1) = 1 <0.000036>
15:13:53.565906 futex(0x55dd72a64ec0, FUTEX_WAKE_PRIVATE, 1) = 1 <0.000039>
15:13:53.570400 futex(0x55dd72a64d68, FUTEX_WAKE_PRIVATE, 1) = 1 <0.000025>
15:13:53.570469 futex(0x55dd72a64ec0, FUTEX_WAKE_PRIVATE, 1) = 1 <0.000024>
15:13:53.573142 futex(0x55dd72a64d68, FUTEX_WAKE_PRIVATE, 1) = 1 <0.000031>
15:13:53.573227 futex(0x55dd72a64ec0, FUTEX_WAKE_PRIVATE, 1) = 1 <0.000036>
15:13:53.573337 futex(0x55dd72a64d68, FUTEX_WAKE_PRIVATE, 1) = 1 <0.000031>
15:13:53.573415 futex(0x55dd72a64ec0, FUTEX_WAKE_PRIVATE, 1) = 1 <0.000037>
15:13:53.573516 futex(0x55dd72a64d68, FUTEX_WAKE_PRIVATE, 1) = 1 <0.000030>
15:13:53.573592 futex(0x55dd72a64ec0, FUTEX_WAKE_PRIVATE, 1) = 1 <0.000037>
15:13:53.573690 futex(0x55dd72a64d68, FUTEX_WAKE_PRIVATE, 1) = 1 <0.000030>
15:13:53.573766 futex(0x55dd72a64ec0, FUTEX_WAKE_PRIVATE, 1) = 1 <0.000038>
15:13:53.573865 futex(0x55dd72a64d68, FUTEX_WAKE_PRIVATE, 1) = 1 <0.000030>
15:13:53.573945 futex(0x55dd72a64ec0, FUTEX_WAKE_PRIVATE, 1) = 1 <0.000029>
15:13:53.574038 futex(0x55dd72a64d68, FUTEX_WAKE_PRIVATE, 1) = 1 <0.000028>
15:13:53.574108 futex(0x55dd72a64ec0, FUTEX_WAKE_PRIVATE, 1) = 1 <0.000035>
15:13:53.574202 futex(0x55dd72a64d68, FUTEX_WAKE_PRIVATE, 1) = 1 <0.000028>
15:13:53.574278 futex(0x55dd72a64ec0, FUTEX_WAKE_PRIVATE, 1) = 1 <0.000036>
15:13:53.574373 futex(0x55dd72a64d68, FUTEX_WAKE_PRIVATE, 1) = 1 <0.000028>
15:13:53.574443 futex(0x55dd72a64ec0, FUTEX_WAKE_PRIVATE, 1) = 1 <0.000034>
15:13:53.574535 futex(0x55dd72a64d68, FUTEX_WAKE_PRIVATE, 1) = 1 <0.000029>
15:13:53.574606 futex(0x55dd72a64ec0, FUTEX_WAKE_PRIVATE, 1) = 1 <0.000035>
15:13:53.574699 futex(0x55dd72a64d68, FUTEX_WAKE_PRIVATE, 1) = 1 <0.000028>
15:13:53.574770 futex(0x55dd72a64ec0, FUTEX_WAKE_PRIVATE, 1) = 1 <0.000034>
15:13:53.574872 futex(0x55dd72a64d68, FUTEX_WAKE_PRIVATE, 1) = 1 <0.000036>
15:13:53.574982 futex(0x55dd72a64ec0, FUTEX_WAKE_PRIVATE, 1) = 1 <0.000027>
15:13:53.575086 futex(0x55dd72a64d68, FUTEX_WAKE_PRIVATE, 1) = 1 <0.000025>
15:13:53.575144 futex(0x55dd72a64ec0, FUTEX_WAKE_PRIVATE, 1) = 1 <0.000024>
15:13:53.575221 futex(0x55dd72a64d68, FUTEX_WAKE_PRIVATE, 1) = 1 <0.000029>
15:13:53.575282 futex(0x55dd72a64ec0, FUTEX_WAKE_PRIVATE, 1) = 1 <0.000025>
15:13:53.575359 futex(0x55dd72a64d68, FUTEX_WAKE_PRIVATE, 1) = 1 <0.000024>
15:13:53.575415 futex(0x55dd72a64ec0, FUTEX_WAKE_PRIVATE, 1) = 1 <0.000024>
15:13:53.575488 futex(0x55dd72a64d68, FUTEX_WAKE_PRIVATE, 1) = 1 <0.000024>
15:13:53.575544 futex(0x55dd72a64ec0, FUTEX_WAKE_PRIVATE, 1) = 1 <0.000024>
15:13:53.575618 futex(0x55dd72a64d68, FUTEX_WAKE_PRIVATE, 1) = 1 <0.000025>
15:13:53.575688 futex(0x55dd72a64ec0, FUTEX_WAKE_PRIVATE, 1) = 1 <0.000025>
15:13:53.575765 futex(0x55dd72a64d68, FUTEX_WAKE_PRIVATE, 1) = 1 <0.000025>
15:13:53.575822 futex(0x55dd72a64ec0, FUTEX_WAKE_PRIVATE, 1) = 1 <0.000024>
15:13:53.575895 futex(0x55dd72a64d68, FUTEX_WAKE_PRIVATE, 1) = 1 <0.000033>
15:13:53.575966 futex(0x55dd72a64ec0, FUTEX_WAKE_PRIVATE, 1) = 1 <0.000022>
15:13:53.576037 futex(0x55dd72a64d68, FUTEX_WAKE_PRIVATE, 1) = 1 <0.000022>
15:13:53.576091 futex(0x55dd72a64ec0, FUTEX_WAKE_PRIVATE, 1) = 1 <0.000022>
15:13:53.576160 futex(0x55dd72a64d68, FUTEX_WAKE_PRIVATE, 1) = 1 <0.000023>
15:13:53.576226 futex(0x55dd72a64ec0, FUTEX_WAKE_PRIVATE, 1) = 1 <0.000036>
15:13:53.576314 futex(0x55dd72a64d68, FUTEX_WAKE_PRIVATE, 1) = 1 <0.000024>
15:13:53.576371 futex(0x55dd72a64ec0, FUTEX_WAKE_PRIVATE, 1) = 1 <0.000024>
15:13:53.576445 futex(0x55dd72a64d68, FUTEX_WAKE_PRIVATE, 1) = 1 <0.000024>
15:13:53.576505 futex(0x55dd72a64ec0, FUTEX_WAKE_PRIVATE, 1) = 1 <0.000024>
15:13:53.576579 futex(0x55dd72a64d68, FUTEX_WAKE_PRIVATE, 1) = 1 <0.000024>
15:13:53.576638 futex(0x55dd72a64ec0, FUTEX_WAKE_PRIVATE, 1) = 1 <0.000024>
15:13:53.576712 futex(0x55dd72a64d68, FUTEX_WAKE_PRIVATE, 1) = 1 <0.000024>
15:13:53.576771 futex(0x55dd72a64ec0, FUTEX_WAKE_PRIVATE, 1) = 1 <0.000024>
15:13:53.576846 futex(0x55dd72a64d68, FUTEX_WAKE_PRIVATE, 1) = 1 <0.000024>
15:13:53.576905 futex(0x55dd72a64ec0, FUTEX_WAKE_PRIVATE, 1) = 1 <0.000027>
15:13:53.576983 futex(0x55dd72a64d68, FUTEX_WAKE_PRIVATE, 1) = 1 <0.000022>
15:13:53.577044 futex(0x55dd72a64ec0, FUTEX_WAKE_PRIVATE, 1) = 1 <0.000022>
15:13:53.577114 futex(0x55dd72a64d68, FUTEX_WAKE_PRIVATE, 1) = 1 <0.000022>
15:13:53.577179 futex(0x55dd72a64ec0, FUTEX_WAKE_PRIVATE, 1) = 1 <0.000024>
15:13:53.577258 futex(0x55dd72a64d68, FUTEX_WAKE_PRIVATE, 1) = 1 <0.000025>
15:13:53.577315 futex(0x55dd72a64ec0, FUTEX_WAKE_PRIVATE, 1) = 1 <0.000024>
15:13:53.577389 futex(0x55dd72a64d68, FUTEX_WAKE_PRIVATE, 1) = 1 <0.000024>
15:13:53.577445 futex(0x55dd72a64ec0, FUTEX_WAKE_PRIVATE, 1) = 1 <0.000024>
15:13:53.577518 futex(0x55dd72a64d68, FUTEX_WAKE_PRIVATE, 1) = 1 <0.000024>
15:13:53.577573 futex(0x55dd72a64ec0, FUTEX_WAKE_PRIVATE, 1) = 1 <0.000023>
15:13:53.577646 futex(0x55dd72a64d68, FUTEX_WAKE_PRIVATE, 1) = 1 <0.000024>
15:13:53.577702 futex(0x55dd72a64ec0, FUTEX_WAKE_PRIVATE, 1) = 1 <0.000024>
15:13:53.577783 futex(0x55dd72a64d68, FUTEX_WAKE_PRIVATE, 1) = 1 <0.000028>
15:13:53.577862 futex(0x55dd72a64ec0, FUTEX_WAKE_PRIVATE, 1) = 1 <0.000027>
15:13:53.577965 futex(0x55dd72a64d68, FUTEX_WAKE_PRIVATE, 1) = 1 <0.000028>
15:13:53.578045 futex(0x55dd72a64ec0, FUTEX_WAKE_PRIVATE, 1) = 1 <0.000028>
15:13:53.578133 futex(0x55dd72a64d68, FUTEX_WAKE_PRIVATE, 1) = 1 <0.000029>
15:13:53.578207 futex(0x55dd72a64ec0, FUTEX_WAKE_PRIVATE, 1) = 1 <0.000030>
15:13:53.578307 futex(0x55dd72a64d68, FUTEX_WAKE_PRIVATE, 1) = 1 <0.000029>
15:13:53.578383 futex(0x55dd72a64ec0, FUTEX_WAKE_PRIVATE, 1) = 1 <0.000030>
15:13:53.578471 futex(0x55dd72a64d68, FUTEX_WAKE_PRIVATE, 1) = 1 <0.000031>
15:13:53.578547 futex(0x55dd72a64ec0, FUTEX_WAKE_PRIVATE, 1) = 1 <0.000027>
15:13:53.578634 futex(0x55dd72a64d68, FUTEX_WAKE_PRIVATE, 1) = 1 <0.000030>
15:13:53.578708 futex(0x55dd72a64ec0, FUTEX_WAKE_PRIVATE, 1) = 1 <0.000031>
15:13:53.578799 futex(0x55dd72a64d68, FUTEX_WAKE_PRIVATE, 1) = 1 <0.000031>
15:13:53.578879 futex(0x55dd72a64ec0, FUTEX_WAKE_PRIVATE, 1) = 1 <0.000032>
15:13:53.578995 futex(0x55dd72a64d68, FUTEX_WAKE_PRIVATE, 1) = 1 <0.000033>
15:13:53.579074 futex(0x55dd72a64ec0, FUTEX_WAKE_PRIVATE, 1) = 1 <0.000049>
15:13:53.579217 futex(0x55dd72a64d68, FUTEX_WAKE_PRIVATE, 1) = 1 <0.000041>
15:13:53.579309 futex(0x55dd72a64ec0, FUTEX_WAKE_PRIVATE, 1) = 1 <0.000034>
15:13:53.579415 futex(0x55dd72a64d68, FUTEX_WAKE_PRIVATE, 1) = 1 <0.000034>
15:13:53.579509 futex(0x55dd72a64ec0, FUTEX_WAKE_PRIVATE, 1) = 1 <0.000034>
15:13:53.579612 futex(0x55dd72a64d68, FUTEX_WAKE_PRIVATE, 1) = 1 <0.000034>
15:13:53.579711 futex(0x55dd72a64ec0, FUTEX_WAKE_PRIVATE, 1) = 1 <0.000034>
15:13:53.579813 futex(0x55dd72a64d68, FUTEX_WAKE_PRIVATE, 1) = 1 <0.000034>
15:13:53.579907 futex(0x55dd72a64ec0, FUTEX_WAKE_PRIVATE, 1) = 1 <0.000022>
15:13:53.580000 futex(0x55dd72a64d68, FUTEX_WAKE_PRIVATE, 1) = 1 <0.000033>
15:13:53.580090 futex(0x55dd72a64ec0, FUTEX_WAKE_PRIVATE, 1) = 1 <0.000032>
15:13:53.580187 futex(0x55dd72a64d68, FUTEX_WAKE_PRIVATE, 1) = 1 <0.000032>
15:13:53.580273 futex(0x55dd72a64ec0, FUTEX_WAKE_PRIVATE, 1) = 1 <0.000034>
15:13:53.580375 futex(0x55dd72a64d68, FUTEX_WAKE_PRIVATE, 1) = 1 <0.000032>
15:13:53.580464 futex(0x55dd72a64ec0, FUTEX_WAKE_PRIVATE, 1) = 1 <0.000032>
15:13:53.580563 futex(0x55dd72a64d68, FUTEX_WAKE_PRIVATE, 1) = 1 <0.000032>
15:13:53.580664 futex(0x55dd72a64ec0, FUTEX_WAKE_PRIVATE, 1) = 1 <0.000033>
15:13:53.580761 futex(0x55dd72a64d68, FUTEX_WAKE_PRIVATE, 1) = 1 <0.000033>
15:13:53.580853 futex(0x55dd72a64ec0, FUTEX_WAKE_PRIVATE, 1) = 1 <0.000032>
15:13:53.580963 futex(0x55dd72a64d68, FUTEX_WAKE_PRIVATE, 1) = 1 <0.000034>
15:13:53.581051 futex(0x55dd72a64ec0, FUTEX_WAKE_PRIVATE, 1) = 1 <0.000034>
15:13:53.581153 futex(0x55dd72a64d68, FUTEX_WAKE_PRIVATE, 1) = 1 <0.000035>
15:13:53.581261 futex(0x55dd72a64ec0, FUTEX_WAKE_PRIVATE, 1) = 1 <0.000037>
15:13:53.581371 futex(0x55dd72a64d68, FUTEX_WAKE_PRIVATE, 1) = 1 <0.000033>
15:13:53.581468 futex(0x55dd72a64ec0, FUTEX_WAKE_PRIVATE, 1) = 1 <0.000033>
15:13:53.581570 futex(0x55dd72a64d68, FUTEX_WAKE_PRIVATE, 1) = 1 <0.000033>
15:13:53.581649 futex(0x55dd72a64ec0, FUTEX_WAKE_PRIVATE, 1) = 1 <0.000032>
15:13:53.581748 futex(0x55dd72a64d68, FUTEX_WAKE_PRIVATE, 1) = 1 <0.000034>
15:13:53.581846 futex(0x55dd72a64ec0, FUTEX_WAKE_PRIVATE, 1) = 1 <0.000033>
15:13:53.581956 futex(0x55dd72a64d68, FUTEX_WAKE_PRIVATE, 1) = 1 <0.000034>
15:13:53.582054 futex(0x55dd72a64ec0, FUTEX_WAKE_PRIVATE, 1) = 1 <0.000033>
15:13:53.582156 futex(0x55dd72a64d68, FUTEX_WAKE_PRIVATE, 1) = 1 <0.000033>
15:13:53.582249 futex(0x55dd72a64ec0, FUTEX_WAKE_PRIVATE, 1) = 1 <0.000032>
15:13:53.582352 futex(0x55dd72a64d68, FUTEX_WAKE_PRIVATE, 1) = 1 <0.000031>
15:13:53.582437 futex(0x55dd72a64ec0, FUTEX_WAKE_PRIVATE, 1) = 1 <0.000031>
15:13:53.582530 futex(0x55dd72a64d68, FUTEX_WAKE_PRIVATE, 1) = 1 <0.000031>
15:13:53.582617 futex(0x55dd72a64ec0, FUTEX_WAKE_PRIVATE, 1) = 1 <0.000031>
15:13:53.582711 futex(0x55dd72a64d68, FUTEX_WAKE_PRIVATE, 1) = 1 <0.000031>
15:13:53.582798 futex(0x55dd72a64ec0, FUTEX_WAKE_PRIVATE, 1) = 1 <0.000032>
15:13:53.582892 futex(0x55dd72a64d68, FUTEX_WAKE_PRIVATE, 1) = 1 <0.000033>
15:13:53.582972 futex(0x55dd72a64ec0, FUTEX_WAKE_PRIVATE, 1) = 1 <0.000031>
15:13:53.583065 futex(0x55dd72a64d68, FUTEX_WAKE_PRIVATE, 1) = 1 <0.000032>
15:13:53.583151 futex(0x55dd72a64ec0, FUTEX_WAKE_PRIVATE, 1) = 1 <0.000032>
15:13:53.583244 futex(0x55dd72a64d68, FUTEX_WAKE_PRIVATE, 1) = 1 <0.000033>
15:13:53.583340 futex(0x55dd72a64ec0, FUTEX_WAKE_PRIVATE, 1) = 1 <0.000031>
15:13:53.583433 futex(0x55dd72a64d68, FUTEX_WAKE_PRIVATE, 1) = 1 <0.000032>
15:13:53.583520 futex(0x55dd72a64ec0, FUTEX_WAKE_PRIVATE, 1) = 1 <0.000032>
15:13:53.583616 futex(0x55dd72a64d68, FUTEX_WAKE_PRIVATE, 1) = 1 <0.000033>
15:13:53.583713 futex(0x55dd72a64ec0, FUTEX_WAKE_PRIVATE, 1) = 1 <0.000034>
15:13:53.583815 futex(0x55dd72ac7658, FUTEX_WAIT_BITSET_PRIVATE, 4294967295, {tv_sec=812503, tv_nsec=818975553}, FUTEX_BITSET_MATCH_ANY) = -1 ETIMEDOUT (Connection timed out) <0.058603>
15:13:53.642645 futex(0x55dd72ac7658, FUTEX_WAIT_BITSET_PRIVATE, 4294967295, {tv_sec=812503, tv_nsec=919208939}, FUTEX_BITSET_MATCH_ANY) = -1 ETIMEDOUT (Connection timed out) <0.100014>
15:13:53.742860 futex(0x55dd72ac7658, FUTEX_WAIT_BITSET_PRIVATE, 4294967295, {tv_sec=812504, tv_nsec=19418976}, FUTEX_BITSET_MATCH_ANY) = -1 ETIMEDOUT (Connection timed out) <0.100006>
15:13:53.843164 futex(0x55dd72ac7658, FUTEX_WAIT_BITSET_PRIVATE, 4294967295, {tv_sec=812504, tv_nsec=119717787}, FUTEX_BITSET_MATCH_ANY) = 0 <0.010967>
15:13:53.854271 futex(0x55dd72a64d68, FUTEX_WAKE_PRIVATE, 1) = 1 <0.000062>
15:13:53.854411 futex(0x55dd72a64ec0, FUTEX_WAKE_PRIVATE, 1) = 1 <0.000032>
15:13:53.854531 futex(0x55dd72ac7658, FUTEX_WAIT_BITSET_PRIVATE, 4294967295, {tv_sec=812504, tv_nsec=119717277}, FUTEX_BITSET_MATCH_ANY) = -1 ETIMEDOUT (Connection timed out) <0.088654>
15:13:53.943399 futex(0x55dd72ac7658, FUTEX_WAIT_BITSET_PRIVATE, 4294967295, {tv_sec=812504, tv_nsec=219957770}, FUTEX_BITSET_MATCH_ANY) = -1 ETIMEDOUT (Connection timed out) <0.100020>
15:13:54.043673 futex(0x55dd72ac7658, FUTEX_WAIT_BITSET_PRIVATE, 4294967295, {tv_sec=812504, tv_nsec=320223744}, FUTEX_BITSET_MATCH_ANY) = -1 ETIMEDOUT (Connection timed out) <0.099982>
15:13:54.143899 futex(0x55dd72ac7658, FUTEX_WAIT_BITSET_PRIVATE, 4294967295, {tv_sec=812504, tv_nsec=420456456}, FUTEX_BITSET_MATCH_ANY) = 0 <0.010515>
15:13:54.154569 futex(0x55dd72a64d68, FUTEX_WAKE_PRIVATE, 1) = 1 <0.000054>
15:13:54.154684 futex(0x55dd72a64ec0, FUTEX_WAKE_PRIVATE, 1) = 1 <0.000029>
15:13:54.154796 futex(0x55dd72ac7658, FUTEX_WAIT_BITSET_PRIVATE, 4294967295, {tv_sec=812504, tv_nsec=420455919}, FUTEX_BITSET_MATCH_ANY) = -1 ETIMEDOUT (Connection timed out) <0.089148>
15:13:54.244129 futex(0x55dd72ac7658, FUTEX_WAIT_BITSET_PRIVATE, 4294967295, {tv_sec=812504, tv_nsec=520685837}, FUTEX_BITSET_MATCH_ANY) = -1 ETIMEDOUT (Connection timed out) <0.100002>
15:13:54.344395 futex(0x55dd72ac7658, FUTEX_WAIT_BITSET_PRIVATE, 4294967295, {tv_sec=812504, tv_nsec=620951556}, FUTEX_BITSET_MATCH_ANY) = -1 ETIMEDOUT (Connection timed out) <0.099960>
15:13:54.444529 futex(0x55dd72ac7658, FUTEX_WAIT_BITSET_PRIVATE, 4294967295, {tv_sec=812504, tv_nsec=721093773}, FUTEX_BITSET_MATCH_ANY) = 0 <0.010115>
15:13:54.454739 futex(0x55dd72a64d68, FUTEX_WAKE_PRIVATE, 1) = 1 <0.000025>
15:13:54.454840 futex(0x55dd72ac7658, FUTEX_WAIT_BITSET_PRIVATE, 4294967295, {tv_sec=812504, tv_nsec=721093299}, FUTEX_BITSET_MATCH_ANY) = -1 ETIMEDOUT (Connection timed out) <0.089713>
15:13:54.544695 futex(0x55dd72ac7658, FUTEX_WAIT_BITSET_PRIVATE, 4294967295, {tv_sec=812504, tv_nsec=821259483}, FUTEX_BITSET_MATCH_ANY) = -1 ETIMEDOUT (Connection timed out) <0.099992>
15:13:54.644858 futex(0x55dd72ac7658, FUTEX_WAIT_BITSET_PRIVATE, 4294967295, {tv_sec=812504, tv_nsec=921418941}, FUTEX_BITSET_MATCH_ANY) = -1 ETIMEDOUT (Connection timed out) <0.100007>
15:13:54.745039 futex(0x55dd72ac7658, FUTEX_WAIT_BITSET_PRIVATE, 4294967295, {tv_sec=812505, tv_nsec=21601349}, FUTEX_BITSET_MATCH_ANY) = 0 <0.009867>
15:13:54.755014 futex(0x55dd72a64d68, FUTEX_WAKE_PRIVATE, 1) = 1 <0.000039>
15:13:54.755140 futex(0x55dd72ac7658, FUTEX_WAIT_BITSET_PRIVATE, 4294967295, {tv_sec=812505, tv_nsec=21601045}, FUTEX_BITSET_MATCH_ANY) = -1 ETIMEDOUT (Connection timed out) <0.089925>
15:13:54.845222 futex(0x55dd72ac7658, FUTEX_WAIT_BITSET_PRIVATE, 4294967295, {tv_sec=812505, tv_nsec=121778475}, FUTEX_BITSET_MATCH_ANY) = -1 ETIMEDOUT (Connection timed out) <0.099964>
15:13:54.945424 futex(0x55dd72ac7658, FUTEX_WAIT_BITSET_PRIVATE, 4294967295, {tv_sec=812505, tv_nsec=221983532}, FUTEX_BITSET_MATCH_ANY) = -1 ETIMEDOUT (Connection timed out) <0.100019>
15:13:55.045645 futex(0x55dd72ac7658, FUTEX_WAIT_BITSET_PRIVATE, 4294967295, {tv_sec=812505, tv_nsec=322206819}, FUTEX_BITSET_MATCH_ANY) = 0 <0.009656>
15:13:55.055423 futex(0x55dd72a64d68, FUTEX_WAKE_PRIVATE, 1) = 1 <0.000036>
15:13:55.055532 futex(0x55dd72ac7658, FUTEX_WAIT_BITSET_PRIVATE, 4294967295, {tv_sec=812505, tv_nsec=322206250}, FUTEX_BITSET_MATCH_ANY) = -1 ETIMEDOUT (Connection timed out) <0.090159>
15:13:55.145857 futex(0x55dd72ac7658, FUTEX_WAIT_BITSET_PRIVATE, 4294967295, {tv_sec=812505, tv_nsec=422420654}, FUTEX_BITSET_MATCH_ANY) = -1 ETIMEDOUT (Connection timed out) <0.100009>
15:13:55.246082 futex(0x55dd72ac7658, FUTEX_WAIT_BITSET_PRIVATE, 4294967295, {tv_sec=812505, tv_nsec=522641441}, FUTEX_BITSET_MATCH_ANY) = -1 ETIMEDOUT (Connection timed out) <0.100005>
15:13:55.346275 futex(0x55dd72ac7658, FUTEX_WAIT_BITSET_PRIVATE, 4294967295, {tv_sec=812505, tv_nsec=622826496}, FUTEX_BITSET_MATCH_ANY) = 0 <0.009325>
15:13:55.355742 futex(0x55dd72a64d68, FUTEX_WAKE_PRIVATE, 1) = 1 <0.000065>
15:13:55.355887 futex(0x55dd72a64ec0, FUTEX_WAKE_PRIVATE, 1) = 1 <0.000084>
15:13:55.356044 futex(0x55dd72ac7658, FUTEX_WAIT_BITSET_PRIVATE, 4294967295, {tv_sec=812505, tv_nsec=622826024}, FUTEX_BITSET_MATCH_ANY) = -1 ETIMEDOUT (Connection timed out) <0.090248>
15:13:55.446436 futex(0x55dd72ac7658, FUTEX_WAIT_BITSET_PRIVATE, 4294967295, {tv_sec=812505, tv_nsec=722999349}, FUTEX_BITSET_MATCH_ANY) = -1 ETIMEDOUT (Connection timed out) <0.100038>
15:13:55.546674 futex(0x55dd72ac7658, FUTEX_WAIT_BITSET_PRIVATE, 4294967295, {tv_sec=812505, tv_nsec=823232989}, FUTEX_BITSET_MATCH_ANY) = -1 ETIMEDOUT (Connection timed out) <0.099990>
15:13:55.646877 futex(0x55dd72ac7658, FUTEX_WAIT_BITSET_PRIVATE, 4294967295, {tv_sec=812505, tv_nsec=923436117}, FUTEX_BITSET_MATCH_ANY) = 0 <0.008746>
15:13:55.655779 futex(0x55dd72a64d68, FUTEX_WAKE_PRIVATE, 1) = 1 <0.000038>
15:13:55.655894 futex(0x55dd72ac7658, FUTEX_WAIT_BITSET_PRIVATE, 4294967295, {tv_sec=812505, tv_nsec=923435516}, FUTEX_BITSET_MATCH_ANY) = -1 ETIMEDOUT (Connection timed out) <0.091008>
15:13:55.747084 futex(0x55dd72ac7658, FUTEX_WAIT_BITSET_PRIVATE, 4294967295, {tv_sec=812506, tv_nsec=23643041}, FUTEX_BITSET_MATCH_ANY) = -1 ETIMEDOUT (Connection timed out) <0.099977>
15:13:55.847259 futex(0x55dd72ac7658, FUTEX_WAIT_BITSET_PRIVATE, 4294967295, {tv_sec=812506, tv_nsec=123816328}, FUTEX_BITSET_MATCH_ANY) = -1 ETIMEDOUT (Connection timed out) <0.099995>
15:13:55.947449 futex(0x55dd72ac7658, FUTEX_WAIT_BITSET_PRIVATE, 4294967295, {tv_sec=812506, tv_nsec=224013263}, FUTEX_BITSET_MATCH_ANY) = 0 <0.008442>
15:13:55.955993 futex(0x55dd72a64d68, FUTEX_WAKE_PRIVATE, 1) = 1 <0.000031>
15:13:55.956090 futex(0x55dd72ac7658, FUTEX_WAIT_BITSET_PRIVATE, 4294967295, {tv_sec=812506, tv_nsec=224012737}, FUTEX_BITSET_MATCH_ANY) = -1 ETIMEDOUT (Connection timed out) <0.091385>
15:13:56.047620 futex(0x55dd72ac7658, FUTEX_WAIT_BITSET_PRIVATE, 4294967295, {tv_sec=812506, tv_nsec=324185406}, FUTEX_BITSET_MATCH_ANY) = -1 ETIMEDOUT (Connection timed out) <0.100010>
15:13:56.147844 futex(0x55dd72ac7658, FUTEX_WAIT_BITSET_PRIVATE, 4294967295, {tv_sec=812506, tv_nsec=424407187}, FUTEX_BITSET_MATCH_ANY) = -1 ETIMEDOUT (Connection timed out) <0.100000>
15:13:56.248043 futex(0x55dd72ac7658, FUTEX_WAIT_BITSET_PRIVATE, 4294967295, {tv_sec=812506, tv_nsec=524608947}, FUTEX_BITSET_MATCH_ANY) = 0 <0.008092>
15:13:56.256242 futex(0x55dd72a64d68, FUTEX_WAKE_PRIVATE, 1) = 1 <0.000034>
15:13:56.256358 futex(0x55dd72ac7658, FUTEX_WAIT_BITSET_PRIVATE, 4294967295, {tv_sec=812506, tv_nsec=524608310}, FUTEX_BITSET_MATCH_ANY) = -1 ETIMEDOUT (Connection timed out) <0.091810>
15:13:56.348508 futex(0x55dd72ac7658, FUTEX_WAIT_BITSET_PRIVATE, 4294967295, {tv_sec=812506, tv_nsec=624977712}, FUTEX_BITSET_MATCH_ANY) = -1 ETIMEDOUT (Connection timed out) <0.099969>
15:13:56.448841 futex(0x55dd72ac7658, FUTEX_WAIT_BITSET_PRIVATE, 4294967295, {tv_sec=812506, tv_nsec=725324752}, FUTEX_BITSET_MATCH_ANY) = -1 ETIMEDOUT (Connection timed out) <0.100047>
15:13:56.549292 futex(0x55dd72ac7658, FUTEX_WAIT_BITSET_PRIVATE, 4294967295, {tv_sec=812506, tv_nsec=825745858}, FUTEX_BITSET_MATCH_ANY) = 0 <0.007118>
15:13:56.556561 futex(0x55dd72a64d68, FUTEX_WAKE_PRIVATE, 1) = 1 <0.000032>
15:13:56.556669 futex(0x55dd72ac7658, FUTEX_WAIT_BITSET_PRIVATE, 4294967295, {tv_sec=812506, tv_nsec=825744887}, FUTEX_BITSET_MATCH_ANY) = -1 ETIMEDOUT (Connection timed out) <0.092550>
15:13:56.649368 futex(0x55dd72ac7658, FUTEX_WAIT_BITSET_PRIVATE, 4294967295, {tv_sec=812506, tv_nsec=925951472}, FUTEX_BITSET_MATCH_ANY) = -1 ETIMEDOUT (Connection timed out) <0.100175>
15:13:56.750064 futex(0x55dd72ac7658, FUTEX_WAIT_BITSET_PRIVATE, 4294967295, {tv_sec=812507, tv_nsec=26503982}, FUTEX_BITSET_MATCH_ANY) = -1 ETIMEDOUT (Connection timed out) <0.099832>
15:13:56.850163 futex(0x55dd72ac7658, FUTEX_WAIT_BITSET_PRIVATE, 4294967295, {tv_sec=812507, tv_nsec=126720366}, FUTEX_BITSET_MATCH_ANY) = 0 <0.006515>
15:13:56.856782 futex(0x55dd72a64d68, FUTEX_WAKE_PRIVATE, 1) = 1 <0.000030>
15:13:56.856887 futex(0x55dd72ac7658, FUTEX_WAIT_BITSET_PRIVATE, 4294967295, {tv_sec=812507, tv_nsec=126719813}, FUTEX_BITSET_MATCH_ANY) = -1 ETIMEDOUT (Connection timed out) <0.093305>
15:13:56.950352 futex(0x55dd72ac7658, FUTEX_WAIT_BITSET_PRIVATE, 4294967295, {tv_sec=812507, tv_nsec=226907416}, FUTEX_BITSET_MATCH_ANY) = -1 ETIMEDOUT (Connection timed out) <0.099998>
15:13:57.050568 futex(0x55dd72ac7658, FUTEX_WAIT_BITSET_PRIVATE, 4294967295, {tv_sec=812507, tv_nsec=327126948}, FUTEX_BITSET_MATCH_ANY) = -1 ETIMEDOUT (Connection timed out) <0.100122>
15:13:57.151133 futex(0x55dd72ac7658, FUTEX_WAIT_BITSET_PRIVATE, 4294967295, {tv_sec=812507, tv_nsec=427594198}, FUTEX_BITSET_MATCH_ANY) = 0 <0.006006>
15:13:57.157355 futex(0x55dd72a64d68, FUTEX_WAKE_PRIVATE, 1) = 1 <0.000095>
15:13:57.157656 futex(0x55dd72ac7658, FUTEX_WAIT_BITSET_PRIVATE, 4294967295, {tv_sec=812507, tv_nsec=427593243}, FUTEX_BITSET_MATCH_ANY) = -1 ETIMEDOUT (Connection timed out) <0.093349>
15:13:57.251212 futex(0x55dd72ac7658, FUTEX_WAIT_BITSET_PRIVATE, 4294967295, {tv_sec=812507, tv_nsec=527776564}, FUTEX_BITSET_MATCH_ANY) = -1 ETIMEDOUT (Connection timed out) <0.100064>
15:13:57.351466 futex(0x55dd72ac7658, FUTEX_WAIT_BITSET_PRIVATE, 4294967295, {tv_sec=812507, tv_nsec=628031123}, FUTEX_BITSET_MATCH_ANY) = -1 ETIMEDOUT (Connection timed out) <0.100009>
15:13:57.451653 futex(0x55dd72ac7658, FUTEX_WAIT_BITSET_PRIVATE, 4294967295, {tv_sec=812507, tv_nsec=728217876}, FUTEX_BITSET_MATCH_ANY) = 0 <0.005539>
15:13:57.457301 futex(0x55dd72a64d68, FUTEX_WAKE_PRIVATE, 1) = 1 <0.000030>
15:13:57.457407 futex(0x55dd72ac7658, FUTEX_WAIT_BITSET_PRIVATE, 4294967295, {tv_sec=812507, tv_nsec=728217666}, FUTEX_BITSET_MATCH_ANY) = -1 ETIMEDOUT (Connection timed out) <0.094281>
15:13:57.551841 futex(0x55dd72ac7658, FUTEX_WAIT_BITSET_PRIVATE, 4294967295, {tv_sec=812507, tv_nsec=828401795}, FUTEX_BITSET_MATCH_ANY) = -1 ETIMEDOUT (Connection timed out) <0.100006>
15:13:57.652051 futex(0x55dd72ac7658, FUTEX_WAIT_BITSET_PRIVATE, 4294967295, {tv_sec=812507, tv_nsec=928611409}, FUTEX_BITSET_MATCH_ANY) = -1 ETIMEDOUT (Connection timed out) <0.100012>
15:13:57.752299 futex(0x55dd72ac7658, FUTEX_WAIT_BITSET_PRIVATE, 4294967295, {tv_sec=812508, tv_nsec=28833379}, FUTEX_BITSET_MATCH_ANY) = 0 <0.005136>
15:13:57.757552 futex(0x55dd72a64d68, FUTEX_WAKE_PRIVATE, 1) = 1 <0.000031>
15:13:57.757663 futex(0x55dd72ac7658, FUTEX_WAIT_BITSET_PRIVATE, 4294967295, {tv_sec=812508, tv_nsec=28832930}, FUTEX_BITSET_MATCH_ANY) = -1 ETIMEDOUT (Connection timed out) <0.094660>
15:13:57.852508 futex(0x55dd72ac7658, FUTEX_WAIT_BITSET_PRIVATE, 4294967295, {tv_sec=812508, tv_nsec=129056698}, FUTEX_BITSET_MATCH_ANY) = -1 ETIMEDOUT (Connection timed out) <0.099990>
15:13:57.952688 futex(0x55dd72ac7658, FUTEX_WAIT_BITSET_PRIVATE, 4294967295, {tv_sec=812508, tv_nsec=229249051}, FUTEX_BITSET_MATCH_ANY) = -1 ETIMEDOUT (Connection timed out) <0.099951>
15:13:58.052892 futex(0x55dd72ac7658, FUTEX_WAIT_BITSET_PRIVATE, 4294967295, {tv_sec=812508, tv_nsec=329448477}, FUTEX_BITSET_MATCH_ANY) = 0 <0.004797>
15:13:58.057831 futex(0x55dd72a64d68, FUTEX_WAKE_PRIVATE, 1) = 1 <0.000038>
15:13:58.057970 futex(0x55dd72ac7658, FUTEX_WAIT_BITSET_PRIVATE, 4294967295, {tv_sec=812508, tv_nsec=329447897}, FUTEX_BITSET_MATCH_ANY) = -1 ETIMEDOUT (Connection timed out) <0.094970>
15:13:58.153126 futex(0x55dd72ac7658, FUTEX_WAIT_BITSET_PRIVATE, 4294967295, {tv_sec=812508, tv_nsec=429682805}, FUTEX_BITSET_MATCH_ANY) = -1 ETIMEDOUT (Connection timed out) <0.099991>
15:13:58.253330 futex(0x55dd72ac7658, FUTEX_WAIT_BITSET_PRIVATE, 4294967295, {tv_sec=812508, tv_nsec=529891324}, FUTEX_BITSET_MATCH_ANY) = -1 ETIMEDOUT (Connection timed out) <0.100010>
15:13:58.353574 futex(0x55dd72ac7658, FUTEX_WAIT_BITSET_PRIVATE, 4294967295, {tv_sec=812508, tv_nsec=630129768}, FUTEX_BITSET_MATCH_ANY) = 0 <0.004634>
15:13:58.358366 futex(0x55dd72a64d68, FUTEX_WAKE_PRIVATE, 1) = 1 <0.000052>
15:13:58.358524 futex(0x55dd72ac7658, FUTEX_WAIT_BITSET_PRIVATE, 4294967295, {tv_sec=812508, tv_nsec=630129319}, FUTEX_BITSET_MATCH_ANY) = -1 ETIMEDOUT (Connection timed out) <0.095103>
15:13:58.453808 futex(0x55dd72ac7658, FUTEX_WAIT_BITSET_PRIVATE, 4294967295, {tv_sec=812508, tv_nsec=730360187}, FUTEX_BITSET_MATCH_ANY) = -1 ETIMEDOUT (Connection timed out) <0.099990>
15:13:58.553996 futex(0x55dd72ac7658, FUTEX_WAIT_BITSET_PRIVATE, 4294967295, {tv_sec=812508, tv_nsec=830543127}, FUTEX_BITSET_MATCH_ANY) = -1 ETIMEDOUT (Connection timed out) <0.099996>
15:13:58.654202 futex(0x55dd72ac7658, FUTEX_WAIT_BITSET_PRIVATE, 4294967295, {tv_sec=812508, tv_nsec=930752160}, FUTEX_BITSET_MATCH_ANY) = 0 <0.004073>
15:13:58.658419 futex(0x55dd72a64d68, FUTEX_WAKE_PRIVATE, 1) = 1 <0.000049>
15:13:58.658573 futex(0x55dd72ac7658, FUTEX_WAIT_BITSET_PRIVATE, 4294967295, {tv_sec=812508, tv_nsec=930751343}, FUTEX_BITSET_MATCH_ANY) = -1 ETIMEDOUT (Connection timed out) <0.095653>
15:13:58.754426 futex(0x55dd72ac7658, FUTEX_WAIT_BITSET_PRIVATE, 4294967295, {tv_sec=812509, tv_nsec=30976006}, FUTEX_BITSET_MATCH_ANY) = -1 ETIMEDOUT (Connection timed out) <0.099955>
15:13:58.854598 futex(0x55dd72ac7658, FUTEX_WAIT_BITSET_PRIVATE, 4294967295, {tv_sec=812509, tv_nsec=131159182}, FUTEX_BITSET_MATCH_ANY) = -1 ETIMEDOUT (Connection timed out) <0.100058>
15:13:58.954824 futex(0x55dd72ac7658, FUTEX_WAIT_BITSET_PRIVATE, 4294967295, {tv_sec=812509, tv_nsec=231392326}, FUTEX_BITSET_MATCH_ANY) = 0 <0.004020>
15:13:58.959024 futex(0x55dd72a64d68, FUTEX_WAKE_PRIVATE, 1) = 1 <0.000066>
15:13:58.959246 futex(0x55dd72ac7658, FUTEX_WAIT_BITSET_PRIVATE, 4294967295, {tv_sec=812509, tv_nsec=231392934}, FUTEX_BITSET_MATCH_ANY) = -1 ETIMEDOUT (Connection timed out) <0.095598>
15:13:59.055005 futex(0x55dd72ac7658, FUTEX_WAIT_BITSET_PRIVATE, 4294967295, {tv_sec=812509, tv_nsec=331573136}, FUTEX_BITSET_MATCH_ANY) = -1 ETIMEDOUT (Connection timed out) <0.100057>
15:13:59.155366 futex(0x55dd72ac7658, FUTEX_WAIT_BITSET_PRIVATE, 4294967295, {tv_sec=812509, tv_nsec=431838481}, FUTEX_BITSET_MATCH_ANY) = -1 ETIMEDOUT (Connection timed out) <0.099937>
15:13:59.255568 futex(0x55dd72ac7658, FUTEX_WAIT_BITSET_PRIVATE, 4294967295, {tv_sec=812509, tv_nsec=532100980}, FUTEX_BITSET_MATCH_ANY) = 0 <0.003421>
15:13:59.259152 futex(0x55dd72a64d68, FUTEX_WAKE_PRIVATE, 1) = 1 <0.000041>
15:13:59.259287 futex(0x55dd72ac7658, FUTEX_WAIT_BITSET_PRIVATE, 4294967295, {tv_sec=812509, tv_nsec=532100624}, FUTEX_BITSET_MATCH_ANY) = -1 ETIMEDOUT (Connection timed out) <0.096266>
15:13:59.355711 futex(0x55dd72ac7658, FUTEX_WAIT_BITSET_PRIVATE, 4294967295, {tv_sec=812509, tv_nsec=632285012}, FUTEX_BITSET_MATCH_ANY) = -1 ETIMEDOUT (Connection timed out) <0.100047>
15:13:59.456038 futex(0x55dd72ac7658, FUTEX_WAIT_BITSET_PRIVATE, 4294967295, {tv_sec=812509, tv_nsec=732576693}, FUTEX_BITSET_MATCH_ANY) = -1 ETIMEDOUT (Connection timed out) <0.099930>
15:13:59.556163 futex(0x55dd72ac7658, FUTEX_WAIT_BITSET_PRIVATE, 4294967295, {tv_sec=812509, tv_nsec=832736579}, FUTEX_BITSET_MATCH_ANY) = 0 <0.003207>
15:13:59.559455 futex(0x55dd72a64d68, FUTEX_WAKE_PRIVATE, 1) = 1 <0.000038>
15:13:59.559569 futex(0x55dd72ac7658, FUTEX_WAIT_BITSET_PRIVATE, 4294967295, {tv_sec=812509, tv_nsec=832736477}, FUTEX_BITSET_MATCH_ANY) = -1 ETIMEDOUT (Connection timed out) <0.096666>
15:13:59.656506 futex(0x55dd72ac7658, FUTEX_WAIT_BITSET_PRIVATE, 4294967295, {tv_sec=812509, tv_nsec=933050011}, FUTEX_BITSET_MATCH_ANY) = -1 ETIMEDOUT (Connection timed out) <0.099949>
15:13:59.756670 futex(0x55dd72ac7658, FUTEX_WAIT_BITSET_PRIVATE, 4294967295, {tv_sec=812510, tv_nsec=33242182}, FUTEX_BITSET_MATCH_ANY) = -1 ETIMEDOUT (Connection timed out) <0.100043>
15:13:59.856972 futex(0x55dd72ac7658, FUTEX_WAIT_BITSET_PRIVATE, 4294967295, {tv_sec=812510, tv_nsec=133512542}, FUTEX_BITSET_MATCH_ANY) = 0 <0.002604>
15:13:59.859712 futex(0x55dd72a64d68, FUTEX_WAKE_PRIVATE, 1) = 1 <0.000039>
15:13:59.859825 futex(0x55dd72ac7658, FUTEX_WAIT_BITSET_PRIVATE, 4294967295, {tv_sec=812510, tv_nsec=133512481}, FUTEX_BITSET_MATCH_ANY) = -1 ETIMEDOUT (Connection timed out) <0.097141>
15:13:59.957111 futex(0x55dd72ac7658, FUTEX_WAIT_BITSET_PRIVATE, 4294967295, {tv_sec=812510, tv_nsec=233678203}, FUTEX_BITSET_MATCH_ANY) = -1 ETIMEDOUT (Connection timed out) <0.100081>
15:14:00.057523 futex(0x55dd72ac7658, FUTEX_WAIT_BITSET_PRIVATE, 4294967295, {tv_sec=812510, tv_nsec=333964395}, FUTEX_BITSET_MATCH_ANY) = -1 ETIMEDOUT (Connection timed out) <0.099829>
15:14:00.157627 futex(0x55dd72ac7658, FUTEX_WAIT_BITSET_PRIVATE, 4294967295, {tv_sec=812510, tv_nsec=434189185}, FUTEX_BITSET_MATCH_ANY) = 0 <0.002080>
15:14:00.159829 futex(0x55dd72a64d68, FUTEX_WAKE_PRIVATE, 1) = 1 <0.000043>
15:14:00.159977 futex(0x55dd72ac7658, FUTEX_WAIT_BITSET_PRIVATE, 4294967295, {tv_sec=812510, tv_nsec=434188875}, FUTEX_BITSET_MATCH_ANY) = -1 ETIMEDOUT (Connection timed out) <0.097686>
15:14:00.257821 futex(0x55dd72ac7658, FUTEX_WAIT_BITSET_PRIVATE, 4294967295, {tv_sec=812510, tv_nsec=534394779}, FUTEX_BITSET_MATCH_ANY) = -1 ETIMEDOUT (Connection timed out) <0.100122>
15:14:00.358237 futex(0x55dd72ac7658, FUTEX_WAIT_BITSET_PRIVATE, 4294967295, {tv_sec=812510, tv_nsec=634760316}, FUTEX_BITSET_MATCH_ANY) = -1 ETIMEDOUT (Connection timed out) <0.099861>
15:14:00.458415 futex(0x55dd72ac7658, FUTEX_WAIT_BITSET_PRIVATE, 4294967295, {tv_sec=812510, tv_nsec=734975941}, FUTEX_BITSET_MATCH_ANY) = 0 <0.001605>
15:14:00.460133 futex(0x55dd72a64d68, FUTEX_WAKE_PRIVATE, 1) = 1 <0.000038>
15:14:00.460252 futex(0x55dd72ac7658, FUTEX_WAIT_BITSET_PRIVATE, 4294967295, {tv_sec=812510, tv_nsec=734975629}, FUTEX_BITSET_MATCH_ANY) = -1 ETIMEDOUT (Connection timed out) <0.098294>
15:14:00.558713 futex(0x55dd72ac7658, FUTEX_WAIT_BITSET_PRIVATE, 4294967295, {tv_sec=812510, tv_nsec=835285563}, FUTEX_BITSET_MATCH_ANY) = -1 ETIMEDOUT (Connection timed out) <0.100041>
15:14:00.658984 futex(0x55dd72ac7658, FUTEX_WAIT_BITSET_PRIVATE, 4294967295, {tv_sec=812510, tv_nsec=935524879}, FUTEX_BITSET_MATCH_ANY) = -1 ETIMEDOUT (Connection timed out) <0.099961>
15:14:00.759137 futex(0x55dd72ac7658, FUTEX_WAIT_BITSET_PRIVATE, 4294967295, {tv_sec=812511, tv_nsec=35708452}, FUTEX_BITSET_MATCH_ANY) = 0 <0.001237>
15:14:00.760476 futex(0x55dd72a64d68, FUTEX_WAKE_PRIVATE, 1) = 1 <0.000034>
15:14:00.760581 futex(0x55dd72ac7658, FUTEX_WAIT_BITSET_PRIVATE, 4294967295, {tv_sec=812511, tv_nsec=35708146}, FUTEX_BITSET_MATCH_ANY) = -1 ETIMEDOUT (Connection timed out) <0.098619>
15:14:00.859346 futex(0x55dd72ac7658, FUTEX_WAIT_BITSET_PRIVATE, 4294967295, {tv_sec=812511, tv_nsec=135915962}, FUTEX_BITSET_MATCH_ANY) = -1 ETIMEDOUT (Connection timed out) <0.100150>
15:14:00.959750 futex(0x55dd72ac7658, FUTEX_WAIT_BITSET_PRIVATE, 4294967295, {tv_sec=812511, tv_nsec=236281823}, FUTEX_BITSET_MATCH_ANY) = -1 ETIMEDOUT (Connection timed out) <0.099941>
15:14:01.059950 futex(0x55dd72ac7658, FUTEX_WAIT_BITSET_PRIVATE, 4294967295, {tv_sec=812511, tv_nsec=336498618}, FUTEX_BITSET_MATCH_ANY) = 0 <0.000620>
15:14:01.060687 futex(0x55dd72a64d68, FUTEX_WAKE_PRIVATE, 1) = 1 <0.000042>
15:14:01.060810 futex(0x55dd72ac7658, FUTEX_WAIT_BITSET_PRIVATE, 4294967295, {tv_sec=812511, tv_nsec=336498255}, FUTEX_BITSET_MATCH_ANY) = -1 ETIMEDOUT (Connection timed out) <0.099172>
15:14:01.160156 futex(0x55dd72ac7658, FUTEX_WAIT_BITSET_PRIVATE, 4294967295, {tv_sec=812511, tv_nsec=436716967}, FUTEX_BITSET_MATCH_ANY) = -1 ETIMEDOUT (Connection timed out) <0.100007>
15:14:01.260381 futex(0x55dd72ac7658, FUTEX_WAIT_BITSET_PRIVATE, 4294967295, {tv_sec=812511, tv_nsec=536940965}, FUTEX_BITSET_MATCH_ANY) = -1 ETIMEDOUT (Connection timed out) <0.100008>
15:14:01.360606 futex(0x55dd72ac7658, FUTEX_WAIT_BITSET_PRIVATE, 4294967295, {tv_sec=812511, tv_nsec=637166811}, FUTEX_BITSET_MATCH_ANY) = 0 <0.000257>
15:14:01.361018 futex(0x55dd72a64d68, FUTEX_WAKE_PRIVATE, 1) = 1 <0.000041>
15:14:01.361147 futex(0x55dd72ac7658, FUTEX_WAIT_BITSET_PRIVATE, 4294967295, {tv_sec=812511, tv_nsec=637166453}, FUTEX_BITSET_MATCH_ANY) = -1 ETIMEDOUT (Connection timed out) <0.099592>
15:14:01.460917 futex(0x55dd72ac7658, FUTEX_WAIT_BITSET_PRIVATE, 4294967295, {tv_sec=812511, tv_nsec=737479767}, FUTEX_BITSET_MATCH_ANY) = -1 ETIMEDOUT (Connection timed out) <0.099986>
15:14:01.561138 futex(0x55dd72ac7658, FUTEX_WAIT_BITSET_PRIVATE, 4294967295, {tv_sec=812511, tv_nsec=837700651}, FUTEX_BITSET_MATCH_ANY) = 0 <0.099997>
15:14:01.661329 futex(0x55dd72a64d68, FUTEX_WAKE_PRIVATE, 1) = 1 <0.000045>
15:14:01.661494 futex(0x55dd72ac7658, FUTEX_WAIT_BITSET_PRIVATE, 4294967295, {tv_sec=812511, tv_nsec=937910493}, FUTEX_BITSET_MATCH_ANY) = -1 ETIMEDOUT (Connection timed out) <0.099873>
15:14:01.761516 futex(0x55dd72ac7658, FUTEX_WAIT_BITSET_PRIVATE, 4294967295, {tv_sec=812512, tv_nsec=38084809}, FUTEX_BITSET_MATCH_ANY) = -1 ETIMEDOUT (Connection timed out) <0.100025>
15:14:01.861735 futex(0x55dd72ac7658, FUTEX_WAIT_BITSET_PRIVATE, 4294967295, {tv_sec=812512, tv_nsec=138299221}, FUTEX_BITSET_MATCH_ANY) = 0 <0.099630>
15:14:01.961548 futex(0x55dd72a64d68, FUTEX_WAKE_PRIVATE, 1) = 1 <0.000038>
15:14:01.961727 futex(0x55dd72ac7658, FUTEX_WAIT_BITSET_PRIVATE, 4294967295, {tv_sec=812512, tv_nsec=238323495}, FUTEX_BITSET_MATCH_ANY) = -1 ETIMEDOUT (Connection timed out) <0.100060>
15:14:02.062007 futex(0x55dd72ac7658, FUTEX_WAIT_BITSET_PRIVATE, 4294967295, {tv_sec=812512, tv_nsec=338552295}, FUTEX_BITSET_MATCH_ANY) = -1 ETIMEDOUT (Connection timed out) <0.099974>
15:14:02.162195 futex(0x55dd72ac7658, FUTEX_WAIT_BITSET_PRIVATE, 4294967295, {tv_sec=812512, tv_nsec=438756616}, FUTEX_BITSET_MATCH_ANY) = 0 <0.099504>
15:14:02.261875 futex(0x55dd72a64d68, FUTEX_WAKE_PRIVATE, 1) = 1 <0.000047>
15:14:02.262045 futex(0x55dd72ac7658, FUTEX_WAIT_BITSET_PRIVATE, 4294967295, {tv_sec=812512, tv_nsec=438756648}, FUTEX_BITSET_MATCH_ANY) = -1 ETIMEDOUT (Connection timed out) <0.000139>
15:14:02.262281 futex(0x55dd72ac7658, FUTEX_WAIT_BITSET_PRIVATE, 4294967295, {tv_sec=812512, tv_nsec=538865189}, FUTEX_BITSET_MATCH_ANY) = -1 ETIMEDOUT (Connection timed out) <0.100143>
15:14:02.362600 futex(0x55dd72ac7658, FUTEX_WAIT_BITSET_PRIVATE, 4294967295, {tv_sec=812512, tv_nsec=639161138}, FUTEX_BITSET_MATCH_ANY) = -1 ETIMEDOUT (Connection timed out) <0.100008>
15:14:02.462871 futex(0x55dd72ac7658, FUTEX_WAIT_BITSET_PRIVATE, 4294967295, {tv_sec=812512, tv_nsec=739425062}, FUTEX_BITSET_MATCH_ANY) = 0 <0.099115>
15:14:02.562207 futex(0x55dd72a64d68, FUTEX_WAKE_PRIVATE, 1) = 1 <0.000044>
15:14:02.562377 futex(0x55dd72ac7658, FUTEX_WAIT_BITSET_PRIVATE, 4294967295, {tv_sec=812512, tv_nsec=739425057}, FUTEX_BITSET_MATCH_ANY) = -1 ETIMEDOUT (Connection timed out) <0.000475>
15:14:02.562945 futex(0x55dd72ac7658, FUTEX_WAIT_BITSET_PRIVATE, 4294967295, {tv_sec=812512, tv_nsec=839537930}, FUTEX_BITSET_MATCH_ANY) = -1 ETIMEDOUT (Connection timed out) <0.100073>
15:14:02.663233 futex(0x55dd72ac7658, FUTEX_WAIT_BITSET_PRIVATE, 4294967295, {tv_sec=812512, tv_nsec=939790053}, FUTEX_BITSET_MATCH_ANY) = -1 ETIMEDOUT (Connection timed out) <0.100003>
15:14:02.763466 futex(0x55dd72ac7658, FUTEX_WAIT_BITSET_PRIVATE, 4294967295, {tv_sec=812513, tv_nsec=40024492}, FUTEX_BITSET_MATCH_ANY) = 0 <0.098786>
15:14:02.862423 futex(0x55dd72a64d68, FUTEX_WAKE_PRIVATE, 1) = 1 <0.000040>
15:14:02.862583 futex(0x55dd72ac7658, FUTEX_WAIT_BITSET_PRIVATE, 4294967295, {tv_sec=812513, tv_nsec=40024505}, FUTEX_BITSET_MATCH_ANY) = -1 ETIMEDOUT (Connection timed out) <0.000869>
15:14:02.863546 futex(0x55dd72ac7658, FUTEX_WAIT_BITSET_PRIVATE, 4294967295, {tv_sec=812513, tv_nsec=140143399}, FUTEX_BITSET_MATCH_ANY) = -1 ETIMEDOUT (Connection timed out) <0.100095>
15:14:02.963850 futex(0x55dd72ac7658, FUTEX_WAIT_BITSET_PRIVATE, 4294967295, {tv_sec=812513, tv_nsec=240401062}, FUTEX_BITSET_MATCH_ANY) = -1 ETIMEDOUT (Connection timed out) <0.099947>
15:14:03.064099 futex(0x55dd72ac7658, FUTEX_WAIT_BITSET_PRIVATE, 4294967295, {tv_sec=812513, tv_nsec=340656325}, FUTEX_BITSET_MATCH_ANY) = 0 <0.098291>
15:14:03.162557 futex(0x55dd72a64d68, FUTEX_WAKE_PRIVATE, 1) = 1 <0.000035>
15:14:03.162715 futex(0x55dd72ac7658, FUTEX_WAIT_BITSET_PRIVATE, 4294967295, {tv_sec=812513, tv_nsec=340656357}, FUTEX_BITSET_MATCH_ANY) = -1 ETIMEDOUT (Connection timed out) <0.001371>
15:14:03.164193 futex(0x55dd72ac7658, FUTEX_WAIT_BITSET_PRIVATE, 4294967295, {tv_sec=812513, tv_nsec=440780846}, FUTEX_BITSET_MATCH_ANY) = -1 ETIMEDOUT (Connection timed out) <0.100064>
15:14:03.264422 futex(0x55dd72ac7658, FUTEX_WAIT_BITSET_PRIVATE, 4294967295, {tv_sec=812513, tv_nsec=540983126}, FUTEX_BITSET_MATCH_ANY) = -1 ETIMEDOUT (Connection timed out) <0.099992>
15:14:03.364575 futex(0x55dd72ac7658, FUTEX_WAIT_BITSET_PRIVATE, 4294967295, {tv_sec=812513, tv_nsec=641143846}, FUTEX_BITSET_MATCH_ANY) = 0 <0.098088>
15:14:03.462802 futex(0x55dd72a64d68, FUTEX_WAKE_PRIVATE, 1) = 1 <0.000030>
15:14:03.462961 futex(0x55dd72ac7658, FUTEX_WAIT_BITSET_PRIVATE, 4294967295, {tv_sec=812513, tv_nsec=641144385}, FUTEX_BITSET_MATCH_ANY) = -1 ETIMEDOUT (Connection timed out) <0.001605>
15:14:03.464649 futex(0x55dd72ac7658, FUTEX_WAIT_BITSET_PRIVATE, 4294967295, {tv_sec=812513, tv_nsec=741247603}, FUTEX_BITSET_MATCH_ANY) = -1 ETIMEDOUT (Connection timed out) <0.100048>
15:14:03.564834 futex(0x55dd72ac7658, FUTEX_WAIT_BITSET_PRIVATE, 4294967295, {tv_sec=812513, tv_nsec=841400034}, FUTEX_BITSET_MATCH_ANY) = -1 ETIMEDOUT (Connection timed out) <0.100016>
15:14:03.665043 futex(0x55dd72ac7658, FUTEX_WAIT_BITSET_PRIVATE, 4294967295, {tv_sec=812513, tv_nsec=941609055}, FUTEX_BITSET_MATCH_ANY) = 0 <0.097936>
15:14:03.763137 futex(0x55dd72a64d68, FUTEX_WAKE_PRIVATE, 1) = 1 <0.000034>
15:14:03.763301 futex(0x55dd72ac7658, FUTEX_WAIT_BITSET_PRIVATE, 4294967295, {tv_sec=812513, tv_nsec=941609146}, FUTEX_BITSET_MATCH_ANY) = -1 ETIMEDOUT (Connection timed out) <0.001733>
15:14:03.765115 futex(0x55dd72ac7658, FUTEX_WAIT_BITSET_PRIVATE, 4294967295, {tv_sec=812514, tv_nsec=41715080}, FUTEX_BITSET_MATCH_ANY) = -1 ETIMEDOUT (Connection timed out) <0.100086>
15:14:03.865371 futex(0x55dd72ac7658, FUTEX_WAIT_BITSET_PRIVATE, 4294967295, {tv_sec=812514, tv_nsec=141935796}, FUTEX_BITSET_MATCH_ANY) = -1 ETIMEDOUT (Connection timed out) <0.099996>
15:14:03.965569 futex(0x55dd72ac7658, FUTEX_WAIT_BITSET_PRIVATE, 4294967295, {tv_sec=812514, tv_nsec=242128794}, FUTEX_BITSET_MATCH_ANY) = 0 <0.097625>
15:14:04.063368 futex(0x55dd72a64d68, FUTEX_WAKE_PRIVATE, 1) = 1 <0.000035>
15:14:04.063526 futex(0x55dd72ac7658, FUTEX_WAIT_BITSET_PRIVATE, 4294967295, {tv_sec=812514, tv_nsec=242128936}, FUTEX_BITSET_MATCH_ANY) = -1 ETIMEDOUT (Connection timed out) <0.002030>
15:14:04.065642 futex(0x55dd72ac7658, FUTEX_WAIT_BITSET_PRIVATE, 4294967295, {tv_sec=812514, tv_nsec=342242611}, FUTEX_BITSET_MATCH_ANY) = -1 ETIMEDOUT (Connection timed out) <0.100093>
15:14:04.165901 futex(0x55dd72ac7658, FUTEX_WAIT_BITSET_PRIVATE, 4294967295, {tv_sec=812514, tv_nsec=442464048}, FUTEX_BITSET_MATCH_ANY) = -1 ETIMEDOUT (Connection timed out) <0.100013>
15:14:04.266123 futex(0x55dd72ac7658, FUTEX_WAIT_BITSET_PRIVATE, 4294967295, {tv_sec=812514, tv_nsec=542694086}, FUTEX_BITSET_MATCH_ANY) = 0 <0.097274>
15:14:04.363545 futex(0x55dd72a64d68, FUTEX_WAKE_PRIVATE, 1) = 1 <0.000029>
15:14:04.363644 futex(0x7f60a31fac80, FUTEX_WAKE_PRIVATE, 1) = 0 <0.000025>
15:14:04.363740 futex(0x55dd72ac7658, FUTEX_WAIT_BITSET_PRIVATE, 4294967295, {tv_sec=812514, tv_nsec=542694591}, FUTEX_BITSET_MATCH_ANY) = -1 ETIMEDOUT (Connection timed out) <0.002383>
15:14:04.366204 futex(0x55dd72ac7658, FUTEX_WAIT_BITSET_PRIVATE, 4294967295, {tv_sec=812514, tv_nsec=642801363}, FUTEX_BITSET_MATCH_ANY) = -1 ETIMEDOUT (Connection timed out) <0.100059>
15:14:04.466446 futex(0x55dd72ac7658, FUTEX_WAIT_BITSET_PRIVATE, 4294967295, {tv_sec=812514, tv_nsec=743015005}, FUTEX_BITSET_MATCH_ANY) = -1 ETIMEDOUT (Connection timed out) <0.099984>
15:14:04.566615 futex(0x55dd72ac7658, FUTEX_WAIT_BITSET_PRIVATE, 4294967295, {tv_sec=812514, tv_nsec=843182794}, FUTEX_BITSET_MATCH_ANY) = 0 <0.097058>
15:14:04.663802 futex(0x55dd72a64d68, FUTEX_WAKE_PRIVATE, 1) = 1 <0.000030>
15:14:04.663965 futex(0x55dd72ac7658, FUTEX_WAIT_BITSET_PRIVATE, 4294967295, {tv_sec=812514, tv_nsec=843182873}, FUTEX_BITSET_MATCH_ANY) = -1 ETIMEDOUT (Connection timed out) <0.002614>
15:14:04.666698 futex(0x55dd72ac7658, FUTEX_WAIT_BITSET_PRIVATE, 4294967295, {tv_sec=812514, tv_nsec=943293294}, FUTEX_BITSET_MATCH_ANY) = -1 ETIMEDOUT (Connection timed out) <0.100048>
15:14:04.766924 futex(0x55dd72ac7658, FUTEX_WAIT_BITSET_PRIVATE, 4294967295, {tv_sec=812515, tv_nsec=43493421}, FUTEX_BITSET_MATCH_ANY) = -1 ETIMEDOUT (Connection timed out) <0.099977>
15:14:04.867093 futex(0x55dd72ac7658, FUTEX_WAIT_BITSET_PRIVATE, 4294967295, {tv_sec=812515, tv_nsec=143667142}, FUTEX_BITSET_MATCH_ANY) = 0 <0.097078>
15:14:04.964310 futex(0x55dd72a64d68, FUTEX_WAKE_PRIVATE, 1) = 1 <0.000030>
15:14:04.964444 futex(0x55dd72ac7658, FUTEX_WAIT_BITSET_PRIVATE, 4294967295, {tv_sec=812515, tv_nsec=143666922}, FUTEX_BITSET_MATCH_ANY) = -1 ETIMEDOUT (Connection timed out) <0.002662>
15:14:04.967197 futex(0x55dd72ac7658, FUTEX_WAIT_BITSET_PRIVATE, 4294967295, {tv_sec=812515, tv_nsec=243790136}, FUTEX_BITSET_MATCH_ANY) = -1 ETIMEDOUT (Connection timed out) <0.100063>
15:14:05.067420 futex(0x55dd72ac7658, FUTEX_WAIT_BITSET_PRIVATE, 4294967295, {tv_sec=812515, tv_nsec=343988017}, FUTEX_BITSET_MATCH_ANY) = -1 ETIMEDOUT (Connection timed out) <0.099983>
15:14:05.167611 futex(0x55dd72ac7658, FUTEX_WAIT_BITSET_PRIVATE, 4294967295, {tv_sec=812515, tv_nsec=444181223}, FUTEX_BITSET_MATCH_ANY) = 0 <0.096982>
15:14:05.264752 futex(0x55dd72a64d68, FUTEX_WAKE_PRIVATE, 1) = 1 <0.000033>
15:14:05.264897 futex(0x55dd72ac7658, FUTEX_WAIT_BITSET_PRIVATE, 4294967295, {tv_sec=812515, tv_nsec=444181207}, FUTEX_BITSET_MATCH_ANY) = -1 ETIMEDOUT (Connection timed out) <0.002728>
15:14:05.267722 futex(0x55dd72ac7658, FUTEX_WAIT_BITSET_PRIVATE, 4294967295, {tv_sec=812515, tv_nsec=544312295}, FUTEX_BITSET_MATCH_ANY) = -1 ETIMEDOUT (Connection timed out) <0.100047>
15:14:05.367893 futex(0x55dd72ac7658, FUTEX_WAIT_BITSET_PRIVATE, 4294967295, {tv_sec=812515, tv_nsec=644478121}, FUTEX_BITSET_MATCH_ANY) = -1 ETIMEDOUT (Connection timed out) <0.100000>
15:14:05.468108 futex(0x55dd72ac7658, FUTEX_WAIT_BITSET_PRIVATE, 4294967295, {tv_sec=812515, tv_nsec=744683477}, FUTEX_BITSET_MATCH_ANY) = 0 <0.096579>
15:14:05.564838 futex(0x55dd72a64d68, FUTEX_WAKE_PRIVATE, 1) = 1 <0.000030>
15:14:05.564998 futex(0x55dd72ac7658, FUTEX_WAIT_BITSET_PRIVATE, 4294967295, {tv_sec=812515, tv_nsec=744682845}, FUTEX_BITSET_MATCH_ANY) = -1 ETIMEDOUT (Connection timed out) <0.003110>
15:14:05.568200 futex(0x55dd72ac7658, FUTEX_WAIT_BITSET_PRIVATE, 4294967295, {tv_sec=812515, tv_nsec=844799771}, FUTEX_BITSET_MATCH_ANY) = -1 ETIMEDOUT (Connection timed out) <0.100058>
15:14:05.668434 futex(0x55dd72ac7658, FUTEX_WAIT_BITSET_PRIVATE, 4294967295, {tv_sec=812515, tv_nsec=945000382}, FUTEX_BITSET_MATCH_ANY) = -1 ETIMEDOUT (Connection timed out) <0.099999>
15:14:05.768640 futex(0x55dd72ac7658, FUTEX_WAIT_BITSET_PRIVATE, 4294967295, {tv_sec=812516, tv_nsec=45211220}, FUTEX_BITSET_MATCH_ANY) = 0 <0.096305>
15:14:05.865089 futex(0x55dd72a64d68, FUTEX_WAKE_PRIVATE, 1) = 1 <0.000029>
15:14:05.865220 futex(0x55dd72ac7658, FUTEX_WAIT_BITSET_PRIVATE, 4294967295, {tv_sec=812516, tv_nsec=45211263}, FUTEX_BITSET_MATCH_ANY) = -1 ETIMEDOUT (Connection timed out) <0.003428>
15:14:05.868735 futex(0x55dd72ac7658, FUTEX_WAIT_BITSET_PRIVATE, 4294967295, {tv_sec=812516, tv_nsec=145333517}, FUTEX_BITSET_MATCH_ANY) = -1 ETIMEDOUT (Connection timed out) <0.100057>
15:14:05.968959 futex(0x55dd72ac7658, FUTEX_WAIT_BITSET_PRIVATE, 4294967295, {tv_sec=812516, tv_nsec=245508273}, FUTEX_BITSET_MATCH_ANY) = -1 ETIMEDOUT (Connection timed out) <0.099983>
15:14:06.069124 futex(0x55dd72ac7658, FUTEX_WAIT_BITSET_PRIVATE, 4294967295, {tv_sec=812516, tv_nsec=345696346}, FUTEX_BITSET_MATCH_ANY) = 0 <0.096437>
15:14:06.165731 futex(0x55dd72a64d68, FUTEX_WAKE_PRIVATE, 1) = 1 <0.000032>
15:14:06.165858 futex(0x7f60a31fac80, FUTEX_WAKE_PRIVATE, 1) = 0 <0.000025>
15:14:06.165970 futex(0x55dd72ac7658, FUTEX_WAIT_BITSET_PRIVATE, 4294967295, {tv_sec=812516, tv_nsec=345696422}, FUTEX_BITSET_MATCH_ANY) = -1 ETIMEDOUT (Connection timed out) <0.003172>
15:14:06.169279 futex(0x55dd72ac7658, FUTEX_WAIT_BITSET_PRIVATE, 4294967295, {tv_sec=812516, tv_nsec=445848366}, FUTEX_BITSET_MATCH_ANY) = -1 ETIMEDOUT (Connection timed out) <0.100024>
15:14:06.269450 futex(0x55dd72ac7658, FUTEX_WAIT_BITSET_PRIVATE, 4294967295, {tv_sec=812516, tv_nsec=546025137}, FUTEX_BITSET_MATCH_ANY) = -1 ETIMEDOUT (Connection timed out) <0.100011>
15:14:06.369619 futex(0x55dd72ac7658, FUTEX_WAIT_BITSET_PRIVATE, 4294967295, {tv_sec=812516, tv_nsec=646197698}, FUTEX_BITSET_MATCH_ANY) = 0 <0.095906>
15:14:06.465664 futex(0x55dd72a64d68, FUTEX_WAKE_PRIVATE, 1) = 1 <0.000036>
15:14:06.465802 futex(0x55dd72ac7658, FUTEX_WAIT_BITSET_PRIVATE, 4294967295, {tv_sec=812516, tv_nsec=646198146}, FUTEX_BITSET_MATCH_ANY) = -1 ETIMEDOUT (Connection timed out) <0.003825>
15:14:06.469723 futex(0x55dd72ac7658, FUTEX_WAIT_BITSET_PRIVATE, 4294967295, {tv_sec=812516, tv_nsec=746314490}, FUTEX_BITSET_MATCH_ANY) = -1 ETIMEDOUT (Connection timed out) <0.100047>
15:14:06.569906 futex(0x55dd72ac7658, FUTEX_WAIT_BITSET_PRIVATE, 4294967295, {tv_sec=812516, tv_nsec=846478251}, FUTEX_BITSET_MATCH_ANY) = -1 ETIMEDOUT (Connection timed out) <0.099986>
15:14:06.670075 futex(0x55dd72ac7658, FUTEX_WAIT_BITSET_PRIVATE, 4294967295, {tv_sec=812516, tv_nsec=946646622}, FUTEX_BITSET_MATCH_ANY) = 0 <0.096061>
15:14:06.766294 futex(0x55dd72a64d68, FUTEX_WAKE_PRIVATE, 1) = 1 <0.000030>
15:14:06.766435 futex(0x55dd72ac7658, FUTEX_WAIT_BITSET_PRIVATE, 4294967295, {tv_sec=812516, tv_nsec=946646868}, FUTEX_BITSET_MATCH_ANY) = -1 ETIMEDOUT (Connection timed out) <0.003641>
15:14:06.770168 futex(0x55dd72ac7658, FUTEX_WAIT_BITSET_PRIVATE, 4294967295, {tv_sec=812517, tv_nsec=46761517}, FUTEX_BITSET_MATCH_ANY) = -1 ETIMEDOUT (Connection timed out) <0.100038>
15:14:06.870356 futex(0x55dd72ac7658, FUTEX_WAIT_BITSET_PRIVATE, 4294967295, {tv_sec=812517, tv_nsec=146934851}, FUTEX_BITSET_MATCH_ANY) = -1 ETIMEDOUT (Connection timed out) <0.100019>
15:14:06.970535 futex(0x55dd72ac7658, FUTEX_WAIT_BITSET_PRIVATE, 4294967295, {tv_sec=812517, tv_nsec=247110169}, FUTEX_BITSET_MATCH_ANY) = 0 <0.095786>
15:14:07.066502 futex(0x55dd72a64d68, FUTEX_WAKE_PRIVATE, 1) = 1 <0.000034>
15:14:07.066674 futex(0x55dd72ac7658, FUTEX_WAIT_BITSET_PRIVATE, 4294967295, {tv_sec=812517, tv_nsec=247110456}, FUTEX_BITSET_MATCH_ANY) = -1 ETIMEDOUT (Connection timed out) <0.003864>
15:14:07.070650 futex(0x55dd72ac7658, FUTEX_WAIT_BITSET_PRIVATE, 4294967295, {tv_sec=812517, tv_nsec=347244271}, FUTEX_BITSET_MATCH_ANY) = -1 ETIMEDOUT (Connection timed out) <0.100051>
15:14:07.170868 futex(0x55dd72ac7658, FUTEX_WAIT_BITSET_PRIVATE, 4294967295, {tv_sec=812517, tv_nsec=447433679}, FUTEX_BITSET_MATCH_ANY) = -1 ETIMEDOUT (Connection timed out) <0.099985>
15:14:07.271051 futex(0x55dd72ac7658, FUTEX_WAIT_BITSET_PRIVATE, 4294967295, {tv_sec=812517, tv_nsec=547619916}, FUTEX_BITSET_MATCH_ANY) = 0 <0.095637>
15:14:07.366825 futex(0x55dd72a64d68, FUTEX_WAKE_PRIVATE, 1) = 1 <0.000031>
15:14:07.366970 futex(0x55dd72ac7658, FUTEX_WAIT_BITSET_PRIVATE, 4294967295, {tv_sec=812517, tv_nsec=547619755}, FUTEX_BITSET_MATCH_ANY) = -1 ETIMEDOUT (Connection timed out) <0.004082>
15:14:07.371142 futex(0x55dd72ac7658, FUTEX_WAIT_BITSET_PRIVATE, 4294967295, {tv_sec=812517, tv_nsec=647736618}, FUTEX_BITSET_MATCH_ANY) = -1 ETIMEDOUT (Connection timed out) <0.100050>
15:14:07.471366 futex(0x55dd72ac7658, FUTEX_WAIT_BITSET_PRIVATE, 4294967295, {tv_sec=812517, tv_nsec=747937937}, FUTEX_BITSET_MATCH_ANY) = -1 ETIMEDOUT (Connection timed out) <0.100026>
15:14:07.571599 futex(0x55dd72ac7658, FUTEX_WAIT_BITSET_PRIVATE, 4294967295, {tv_sec=812517, tv_nsec=848157415}, FUTEX_BITSET_MATCH_ANY) = 0 <0.095589>
15:14:07.667442 futex(0x55dd72a64d68, FUTEX_WAKE_PRIVATE, 1) = 1 <0.000061>
15:14:07.667696 futex(0x55dd72ac7658, FUTEX_WAIT_BITSET_PRIVATE, 4294967295, {tv_sec=812517, tv_nsec=848157548}, FUTEX_BITSET_MATCH_ANY) = -1 ETIMEDOUT (Connection timed out) <0.003917>
15:14:07.671768 futex(0x55dd72ac7658, FUTEX_WAIT_BITSET_PRIVATE, 4294967295, {tv_sec=812517, tv_nsec=948334766}, FUTEX_BITSET_MATCH_ANY) = -1 ETIMEDOUT (Connection timed out) <0.100031>
15:14:07.772064 futex(0x55dd72ac7658, FUTEX_WAIT_BITSET_PRIVATE, 4294967295, {tv_sec=812518, tv_nsec=48622268}, FUTEX_BITSET_MATCH_ANY) = -1 ETIMEDOUT (Connection timed out) <0.100002>
15:14:07.872343 futex(0x55dd72ac7658, FUTEX_WAIT_BITSET_PRIVATE, 4294967295, {tv_sec=812518, tv_nsec=148873978}, FUTEX_BITSET_MATCH_ANY) = 0 <0.094989>
15:14:07.967493 futex(0x55dd72a64d68, FUTEX_WAKE_PRIVATE, 1) = 1 <0.000031>
15:14:07.967631 futex(0x55dd72ac7658, FUTEX_WAIT_BITSET_PRIVATE, 4294967295, {tv_sec=812518, tv_nsec=148874049}, FUTEX_BITSET_MATCH_ANY) = -1 ETIMEDOUT (Connection timed out) <0.004689>
15:14:07.972447 futex(0x55dd72ac7658, FUTEX_WAIT_BITSET_PRIVATE, 4294967295, {tv_sec=812518, tv_nsec=249010764}, FUTEX_BITSET_MATCH_ANY) = -1 ETIMEDOUT (Connection timed out) <0.100018>
15:14:08.072634 futex(0x55dd72ac7658, FUTEX_WAIT_BITSET_PRIVATE, 4294967295, {tv_sec=812518, tv_nsec=349195305}, FUTEX_BITSET_MATCH_ANY) = -1 ETIMEDOUT (Connection timed out) <0.100033>
15:14:08.172993 futex(0x55dd72ac7658, FUTEX_WAIT_BITSET_PRIVATE, 4294967295, {tv_sec=812518, tv_nsec=449475610}, FUTEX_BITSET_MATCH_ANY) = 0 <0.094595>
15:14:08.267833 futex(0x55dd72a64d68, FUTEX_WAKE_PRIVATE, 1) = 1 <0.000039>
15:14:08.267999 futex(0x55dd72ac7658, FUTEX_WAIT_BITSET_PRIVATE, 4294967295, {tv_sec=812518, tv_nsec=449475681}, FUTEX_BITSET_MATCH_ANY) = -1 ETIMEDOUT (Connection timed out) <0.004928>
15:14:08.273108 futex(0x55dd72ac7658, FUTEX_WAIT_BITSET_PRIVATE, 4294967295, {tv_sec=812518, tv_nsec=549669210}, FUTEX_BITSET_MATCH_ANY) = -1 ETIMEDOUT (Connection timed out) <0.099996>
15:14:08.373284 futex(0x55dd72ac7658, FUTEX_WAIT_BITSET_PRIVATE, 4294967295, {tv_sec=812518, tv_nsec=649853687}, FUTEX_BITSET_MATCH_ANY) = -1 ETIMEDOUT (Connection timed out) <0.100033>
15:14:08.473542 futex(0x55dd72ac7658, FUTEX_WAIT_BITSET_PRIVATE, 4294967295, {tv_sec=812518, tv_nsec=750072931}, FUTEX_BITSET_MATCH_ANY) = 0 <0.094532>
15:14:08.568241 futex(0x55dd72a64d68, FUTEX_WAKE_PRIVATE, 1) = 1 <0.000045>
15:14:08.568402 futex(0x55dd72ac7658, FUTEX_WAIT_BITSET_PRIVATE, 4294967295, {tv_sec=812518, tv_nsec=750073656}, FUTEX_BITSET_MATCH_ANY) = -1 ETIMEDOUT (Connection timed out) <0.005126>
15:14:08.573627 futex(0x55dd72ac7658, FUTEX_WAIT_BITSET_PRIVATE, 4294967295, {tv_sec=812518, tv_nsec=850222093}, FUTEX_BITSET_MATCH_ANY) = -1 ETIMEDOUT (Connection timed out) <0.100079>
15:14:08.673880 futex(0x55dd72ac7658, FUTEX_WAIT_BITSET_PRIVATE, 4294967295, {tv_sec=812518, tv_nsec=950443269}, FUTEX_BITSET_MATCH_ANY) = -1 ETIMEDOUT (Connection timed out) <0.100008>
15:14:08.774200 futex(0x55dd72ac7658, FUTEX_WAIT_BITSET_PRIVATE, 4294967295, {tv_sec=812519, tv_nsec=50739866}, FUTEX_BITSET_MATCH_ANY) = 0 <0.094257>
15:14:08.868615 futex(0x55dd72a64d68, FUTEX_WAKE_PRIVATE, 1) = 1 <0.000042>
15:14:08.868777 futex(0x55dd72ac7658, FUTEX_WAIT_BITSET_PRIVATE, 4294967295, {tv_sec=812519, tv_nsec=50739679}, FUTEX_BITSET_MATCH_ANY) = -1 ETIMEDOUT (Connection timed out) <0.005410>
15:14:08.874299 futex(0x55dd72ac7658, FUTEX_WAIT_BITSET_PRIVATE, 4294967295, {tv_sec=812519, tv_nsec=150873926}, FUTEX_BITSET_MATCH_ANY) = -1 ETIMEDOUT (Connection timed out) <0.100048>
15:14:08.974517 futex(0x55dd72ac7658, FUTEX_WAIT_BITSET_PRIVATE, 4294967295, {tv_sec=812519, tv_nsec=251081591}, FUTEX_BITSET_MATCH_ANY) = -1 ETIMEDOUT (Connection timed out) <0.100042>
15:14:09.074729 futex(0x55dd72ac7658, FUTEX_WAIT_BITSET_PRIVATE, 4294967295, {tv_sec=812519, tv_nsec=351293253}, FUTEX_BITSET_MATCH_ANY) = 0 <0.094244>
15:14:09.169194 futex(0x55dd72a64d68, FUTEX_WAKE_PRIVATE, 1) = 1 <0.000048>
15:14:09.169406 futex(0x55dd72ac7658, FUTEX_WAIT_BITSET_PRIVATE, 4294967295, {tv_sec=812519, tv_nsec=351293387}, FUTEX_BITSET_MATCH_ANY) = -1 ETIMEDOUT (Connection timed out) <0.005370>
15:14:09.174977 futex(0x55dd72ac7658, FUTEX_WAIT_BITSET_PRIVATE, 4294967295, {tv_sec=812519, tv_nsec=451490302}, FUTEX_BITSET_MATCH_ANY) = -1 ETIMEDOUT (Connection timed out) <0.100000>
15:14:09.275163 futex(0x55dd72ac7658, FUTEX_WAIT_BITSET_PRIVATE, 4294967295, {tv_sec=812519, tv_nsec=551729181}, FUTEX_BITSET_MATCH_ANY) = -1 ETIMEDOUT (Connection timed out) <0.100071>
15:14:09.375497 futex(0x55dd72ac7658, FUTEX_WAIT_BITSET_PRIVATE, 4294967295, {tv_sec=812519, tv_nsec=652025762}, FUTEX_BITSET_MATCH_ANY) = 0 <0.094030>
15:14:09.469800 futex(0x55dd72a64d68, FUTEX_WAKE_PRIVATE, 1) = 1 <0.000114>
15:14:09.470073 futex(0x55dd72a64ec0, FUTEX_WAKE_PRIVATE, 1) = 1 <0.000037>
15:14:09.470212 futex(0x55dd72ac7658, FUTEX_WAIT_BITSET_PRIVATE, 4294967295, {tv_sec=812519, tv_nsec=652025890}, FUTEX_BITSET_MATCH_ANY) = -1 ETIMEDOUT (Connection timed out) <0.005283>
15:14:09.475602 futex(0x55dd72ac7658, FUTEX_WAIT_BITSET_PRIVATE, 4294967295, {tv_sec=812519, tv_nsec=752184108}, FUTEX_BITSET_MATCH_ANY) = -1 ETIMEDOUT (Connection timed out) <0.100037>
15:14:09.575797 futex(0x55dd72ac7658, FUTEX_WAIT_BITSET_PRIVATE, 4294967295, {tv_sec=812519, tv_nsec=852368564}, FUTEX_BITSET_MATCH_ANY) = -1 ETIMEDOUT (Connection timed out) <0.100025>
15:14:09.676093 futex(0x55dd72ac7658, FUTEX_WAIT_BITSET_PRIVATE, 4294967295, {tv_sec=812519, tv_nsec=952636189}, FUTEX_BITSET_MATCH_ANY) = 0 <0.093581>
15:14:09.769819 futex(0x55dd72a64d68, FUTEX_WAKE_PRIVATE, 1) = 1 <0.000041>
15:14:09.770010 futex(0x55dd72ac7658, FUTEX_WAIT_BITSET_PRIVATE, 4294967295, {tv_sec=812519, tv_nsec=952636493}, FUTEX_BITSET_MATCH_ANY) = -1 ETIMEDOUT (Connection timed out) <0.006056>
15:14:09.776183 futex(0x55dd72ac7658, FUTEX_WAIT_BITSET_PRIVATE, 4294967295, {tv_sec=812520, tv_nsec=52773598}, FUTEX_BITSET_MATCH_ANY) = -1 ETIMEDOUT (Connection timed out) <0.100083>
15:14:09.876483 futex(0x55dd72ac7658, FUTEX_WAIT_BITSET_PRIVATE, 4294967295, {tv_sec=812520, tv_nsec=153031686}, FUTEX_BITSET_MATCH_ANY) = -1 ETIMEDOUT (Connection timed out) <0.099982>
15:14:09.976669 futex(0x55dd72ac7658, FUTEX_WAIT_BITSET_PRIVATE, 4294967295, {tv_sec=812520, tv_nsec=253229520}, FUTEX_BITSET_MATCH_ANY) = 0 <0.093146>
15:14:10.069987 futex(0x55dd72a64d68, FUTEX_WAKE_PRIVATE, 1) = 1 <0.000039>
15:14:10.070153 futex(0x55dd72ac7658, FUTEX_WAIT_BITSET_PRIVATE, 4294967295, {tv_sec=812520, tv_nsec=253229592}, FUTEX_BITSET_MATCH_ANY) = -1 ETIMEDOUT (Connection timed out) <0.006512>
15:14:10.076779 futex(0x55dd72ac7658, FUTEX_WAIT_BITSET_PRIVATE, 4294967295, {tv_sec=812520, tv_nsec=353362613}, FUTEX_BITSET_MATCH_ANY) = -1 ETIMEDOUT (Connection timed out) <0.100052>
15:14:10.177055 futex(0x55dd72ac7658, FUTEX_WAIT_BITSET_PRIVATE, 4294967295, {tv_sec=812520, tv_nsec=453606840}, FUTEX_BITSET_MATCH_ANY) = -1 ETIMEDOUT (Connection timed out) <0.099989>
15:14:10.277274 futex(0x55dd72ac7658, FUTEX_WAIT_BITSET_PRIVATE, 4294967295, {tv_sec=812520, tv_nsec=553830824}, FUTEX_BITSET_MATCH_ANY) = 0 <0.092776>
15:14:10.370213 futex(0x55dd72a64d68, FUTEX_WAKE_PRIVATE, 1) = 1 <0.000034>
15:14:10.370381 futex(0x55dd72ac7658, FUTEX_WAIT_BITSET_PRIVATE, 4294967295, {tv_sec=812520, tv_nsec=553832094}, FUTEX_BITSET_MATCH_ANY) = -1 ETIMEDOUT (Connection timed out) <0.006891>
15:14:10.377427 futex(0x55dd72ac7658, FUTEX_WAIT_BITSET_PRIVATE, 4294967295, {tv_sec=812520, tv_nsec=654005610}, FUTEX_BITSET_MATCH_ANY) = -1 ETIMEDOUT (Connection timed out) <0.100022>
15:14:10.477637 futex(0x55dd72ac7658, FUTEX_WAIT_BITSET_PRIVATE, 4294967295, {tv_sec=812520, tv_nsec=754200227}, FUTEX_BITSET_MATCH_ANY) = -1 ETIMEDOUT (Connection timed out) <0.099992>
15:14:10.577865 futex(0x55dd72ac7658, FUTEX_WAIT_BITSET_PRIVATE, 4294967295, {tv_sec=812520, tv_nsec=854426877}, FUTEX_BITSET_MATCH_ANY) = 0 <0.092471>
15:14:10.670506 futex(0x55dd72a64d68, FUTEX_WAKE_PRIVATE, 1) = 1 <0.000031>
15:14:10.670661 futex(0x55dd72ac7658, FUTEX_WAIT_BITSET_PRIVATE, 4294967295, {tv_sec=812520, tv_nsec=854426942}, FUTEX_BITSET_MATCH_ANY) = -1 ETIMEDOUT (Connection timed out) <0.007271>
15:14:10.678174 futex(0x55dd72ac7658, FUTEX_WAIT_BITSET_PRIVATE, 4294967295, {tv_sec=812520, tv_nsec=954684675}, FUTEX_BITSET_MATCH_ANY) = -1 ETIMEDOUT (Connection timed out) <0.099941>
15:14:10.778341 futex(0x55dd72ac7658, FUTEX_WAIT_BITSET_PRIVATE, 4294967295, {tv_sec=812521, tv_nsec=54900338}, FUTEX_BITSET_MATCH_ANY) = -1 ETIMEDOUT (Connection timed out) <0.099985>
15:14:10.878525 futex(0x55dd72ac7658, FUTEX_WAIT_BITSET_PRIVATE, 4294967295, {tv_sec=812521, tv_nsec=155084902}, FUTEX_BITSET_MATCH_ANY) = 0 <0.092091>
15:14:10.970738 futex(0x55dd72a64d68, FUTEX_WAKE_PRIVATE, 1) = 1 <0.000036>
15:14:10.970877 futex(0x55dd72ac7658, FUTEX_WAIT_BITSET_PRIVATE, 4294967295, {tv_sec=812521, tv_nsec=155085172}, FUTEX_BITSET_MATCH_ANY) = -1 ETIMEDOUT (Connection timed out) <0.007650>
15:14:10.978607 futex(0x55dd72ac7658, FUTEX_WAIT_BITSET_PRIVATE, 4294967295, {tv_sec=812521, tv_nsec=255204811}, FUTEX_BITSET_MATCH_ANY) = -1 ETIMEDOUT (Connection timed out) <0.100053>
15:14:11.078793 futex(0x55dd72ac7658, FUTEX_WAIT_BITSET_PRIVATE, 4294967295, {tv_sec=812521, tv_nsec=355360336}, FUTEX_BITSET_MATCH_ANY) = -1 ETIMEDOUT (Connection timed out) <0.100011>
15:14:11.178992 futex(0x55dd72ac7658, FUTEX_WAIT_BITSET_PRIVATE, 4294967295, {tv_sec=812521, tv_nsec=455525679}, FUTEX_BITSET_MATCH_ANY) = 0 <0.091944>
15:14:11.271092 futex(0x55dd72a64d68, FUTEX_WAKE_PRIVATE, 1) = 1 <0.000037>
15:14:11.271213 futex(0x55dd72a64ec0, FUTEX_WAKE_PRIVATE, 1) = 1 <0.000049>
15:14:11.271372 futex(0x55dd72ac7658, FUTEX_WAIT_BITSET_PRIVATE, 4294967295, {tv_sec=812521, tv_nsec=455526005}, FUTEX_BITSET_MATCH_ANY) = -1 ETIMEDOUT (Connection timed out) <0.007592>
15:14:11.279083 futex(0x55dd72ac7658, FUTEX_WAIT_BITSET_PRIVATE, 4294967295, {tv_sec=812521, tv_nsec=555670973}, FUTEX_BITSET_MATCH_ANY) = -1 ETIMEDOUT (Connection timed out) <0.100017>
15:14:11.379304 futex(0x55dd72ac7658, FUTEX_WAIT_BITSET_PRIVATE, 4294967295, {tv_sec=812521, tv_nsec=655852961}, FUTEX_BITSET_MATCH_ANY) = -1 ETIMEDOUT (Connection timed out) <0.099974>
15:14:11.479518 futex(0x55dd72ac7658, FUTEX_WAIT_BITSET_PRIVATE, 4294967295, {tv_sec=812521, tv_nsec=756055847}, FUTEX_BITSET_MATCH_ANY) = 0 <0.091802>
15:14:11.571494 futex(0x55dd72a64d68, FUTEX_WAKE_PRIVATE, 1) = 1 <0.000029>
15:14:11.571644 futex(0x55dd72ac7658, FUTEX_WAIT_BITSET_PRIVATE, 4294967295, {tv_sec=812521, tv_nsec=756056265}, FUTEX_BITSET_MATCH_ANY) = -1 ETIMEDOUT (Connection timed out) <0.007846>
15:14:11.579578 futex(0x55dd72ac7658, FUTEX_WAIT_BITSET_PRIVATE, 4294967295, {tv_sec=812521, tv_nsec=856177785}, FUTEX_BITSET_MATCH_ANY) = -1 ETIMEDOUT (Connection timed out) <0.100061>
15:14:11.679814 futex(0x55dd72ac7658, FUTEX_WAIT_BITSET_PRIVATE, 4294967295, {tv_sec=812521, tv_nsec=956370815}, FUTEX_BITSET_MATCH_ANY) = -1 ETIMEDOUT (Connection timed out) <0.099993>
15:14:11.780019 futex(0x55dd72ac7658, FUTEX_WAIT_BITSET_PRIVATE, 4294967295, {tv_sec=812522, tv_nsec=56577392}, FUTEX_BITSET_MATCH_ANY) = 0 <0.091500>
15:14:11.871681 futex(0x55dd72a64d68, FUTEX_WAKE_PRIVATE, 1) = 1 <0.000032>
15:14:11.871837 futex(0x55dd72ac7658, FUTEX_WAIT_BITSET_PRIVATE, 4294967295, {tv_sec=812522, tv_nsec=56577563}, FUTEX_BITSET_MATCH_ANY) = -1 ETIMEDOUT (Connection timed out) <0.008185>
15:14:11.880137 futex(0x55dd72ac7658, FUTEX_WAIT_BITSET_PRIVATE, 4294967295, {tv_sec=812522, tv_nsec=156720517}, FUTEX_BITSET_MATCH_ANY) = -1 ETIMEDOUT (Connection timed out) <0.100036>
15:14:11.980352 futex(0x55dd72ac7658, FUTEX_WAIT_BITSET_PRIVATE, 4294967295, {tv_sec=812522, tv_nsec=256911873}, FUTEX_BITSET_MATCH_ANY) = -1 ETIMEDOUT (Connection timed out) <0.099985>
15:14:12.080533 futex(0x55dd72ac7658, FUTEX_WAIT_BITSET_PRIVATE, 4294967295, {tv_sec=812522, tv_nsec=357090818}, FUTEX_BITSET_MATCH_ANY) = 0 <0.091188>
15:14:12.171853 futex(0x55dd72a64d68, FUTEX_WAKE_PRIVATE, 1) = 1 <0.000028>
15:14:12.172002 futex(0x55dd72ac7658, FUTEX_WAIT_BITSET_PRIVATE, 4294967295, {tv_sec=812522, tv_nsec=357091052}, FUTEX_BITSET_MATCH_ANY) = -1 ETIMEDOUT (Connection timed out) <0.008523>
15:14:12.180623 futex(0x55dd72ac7658, FUTEX_WAIT_BITSET_PRIVATE, 4294967295, {tv_sec=812522, tv_nsec=457218915}, FUTEX_BITSET_MATCH_ANY) = -1 ETIMEDOUT (Connection timed out) <0.100035>
15:14:12.280799 futex(0x55dd72ac7658, FUTEX_WAIT_BITSET_PRIVATE, 4294967295, {tv_sec=812522, tv_nsec=557365119}, FUTEX_BITSET_MATCH_ANY) = -1 ETIMEDOUT (Connection timed out) <0.100031>
15:14:12.381081 futex(0x55dd72ac7658, FUTEX_WAIT_BITSET_PRIVATE, 4294967295, {tv_sec=812522, tv_nsec=657623451}, FUTEX_BITSET_MATCH_ANY) = 0 <0.090902>
15:14:12.472191 futex(0x55dd72a64d68, FUTEX_WAKE_PRIVATE, 1) = 1 <0.000063>
15:14:12.472413 futex(0x55dd72ac7658, FUTEX_WAIT_BITSET_PRIVATE, 4294967295, {tv_sec=812522, tv_nsec=657623630}, FUTEX_BITSET_MATCH_ANY) = -1 ETIMEDOUT (Connection timed out) <0.008651>
15:14:12.481197 futex(0x55dd72ac7658, FUTEX_WAIT_BITSET_PRIVATE, 4294967295, {tv_sec=812522, tv_nsec=757781107}, FUTEX_BITSET_MATCH_ANY) = -1 ETIMEDOUT (Connection timed out) <0.100079>
15:14:12.581490 futex(0x55dd72ac7658, FUTEX_WAIT_BITSET_PRIVATE, 4294967295, {tv_sec=812522, tv_nsec=858038096}, FUTEX_BITSET_MATCH_ANY) = -1 ETIMEDOUT (Connection timed out) <0.100014>
15:14:12.681765 futex(0x55dd72ac7658, FUTEX_WAIT_BITSET_PRIVATE, 4294967295, {tv_sec=812522, tv_nsec=958306384}, FUTEX_BITSET_MATCH_ANY) = 0 <0.090547>
15:14:12.772535 futex(0x55dd72a64d68, FUTEX_WAKE_PRIVATE, 1) = 1 <0.000053>
15:14:12.772694 futex(0x55dd72a64ec0, FUTEX_WAKE_PRIVATE, 1) = 1 <0.000043>
15:14:12.772873 futex(0x55dd72ac7658, FUTEX_WAIT_BITSET_PRIVATE, 4294967295, {tv_sec=812522, tv_nsec=958306469}, FUTEX_BITSET_MATCH_ANY) = -1 ETIMEDOUT (Connection timed out) <0.008900>
15:14:12.781953 futex(0x55dd72ac7658, FUTEX_WAIT_BITSET_PRIVATE, 4294967295, {tv_sec=812523, tv_nsec=58510048}, FUTEX_BITSET_MATCH_ANY) = -1 ETIMEDOUT (Connection timed out) <0.100028>
15:14:12.882228 futex(0x55dd72ac7658, FUTEX_WAIT_BITSET_PRIVATE, 4294967295, {tv_sec=812523, tv_nsec=158774317}, FUTEX_BITSET_MATCH_ANY) = -1 ETIMEDOUT (Connection timed out) <0.099988>
15:14:12.982514 futex(0x55dd72ac7658, FUTEX_WAIT_BITSET_PRIVATE, 4294967295, {tv_sec=812523, tv_nsec=259063269}, FUTEX_BITSET_MATCH_ANY) = 0 <0.089958>
15:14:13.072675 futex(0x55dd72a64d68, FUTEX_WAKE_PRIVATE, 1) = 1 <0.000044>
15:14:13.072861 futex(0x55dd72ac7658, FUTEX_WAIT_BITSET_PRIVATE, 4294967295, {tv_sec=812523, tv_nsec=259063395}, FUTEX_BITSET_MATCH_ANY) = -1 ETIMEDOUT (Connection timed out) <0.009636>
15:14:13.082607 futex(0x55dd72ac7658, FUTEX_WAIT_BITSET_PRIVATE, 4294967295, {tv_sec=812523, tv_nsec=359197266}, FUTEX_BITSET_MATCH_ANY) = -1 ETIMEDOUT (Connection timed out) <0.100078>
15:14:13.182886 futex(0x55dd72ac7658, FUTEX_WAIT_BITSET_PRIVATE, 4294967295, {tv_sec=812523, tv_nsec=459444518}, FUTEX_BITSET_MATCH_ANY) = -1 ETIMEDOUT (Connection timed out) <0.099942>
15:14:13.283096 futex(0x55dd72ac7658, FUTEX_WAIT_BITSET_PRIVATE, 4294967295, {tv_sec=812523, tv_nsec=559651706}, FUTEX_BITSET_MATCH_ANY) = 0 <0.089836>
15:14:13.373106 futex(0x55dd72a64d68, FUTEX_WAKE_PRIVATE, 1) = 1 <0.000031>
15:14:13.373242 futex(0x55dd72ac7658, FUTEX_WAIT_BITSET_PRIVATE, 4294967295, {tv_sec=812523, tv_nsec=559651469}, FUTEX_BITSET_MATCH_ANY) = -1 ETIMEDOUT (Connection timed out) <0.009841>
15:14:13.383180 futex(0x55dd72ac7658, FUTEX_WAIT_BITSET_PRIVATE, 4294967295, {tv_sec=812523, tv_nsec=659778529}, FUTEX_BITSET_MATCH_ANY) = -1 ETIMEDOUT (Connection timed out) <0.100049>
15:14:13.483385 futex(0x55dd72ac7658, FUTEX_WAIT_BITSET_PRIVATE, 4294967295, {tv_sec=812523, tv_nsec=759960498}, FUTEX_BITSET_MATCH_ANY) = -1 ETIMEDOUT (Connection timed out) <0.100021>
15:14:13.583542 futex(0x55dd72ac7658, FUTEX_WAIT_BITSET_PRIVATE, 4294967295, {tv_sec=812523, tv_nsec=860114552}, FUTEX_BITSET_MATCH_ANY) = 0 <0.089634>
15:14:13.673346 futex(0x55dd72a64d68, FUTEX_WAKE_PRIVATE, 1) = 1 <0.000057>
15:14:13.673481 futex(0x55dd72a64ec0, FUTEX_WAKE_PRIVATE, 1) = 1 <0.000030>
15:14:13.673608 futex(0x55dd72ac7658, FUTEX_WAIT_BITSET_PRIVATE, 4294967295, {tv_sec=812523, tv_nsec=860114704}, FUTEX_BITSET_MATCH_ANY) = -1 ETIMEDOUT (Connection timed out) <0.009955>
15:14:13.683652 futex(0x55dd72ac7658, FUTEX_WAIT_BITSET_PRIVATE, 4294967295, {tv_sec=812523, tv_nsec=960248850}, FUTEX_BITSET_MATCH_ANY) = -1 ETIMEDOUT (Connection timed out) <0.100066>
15:14:13.783887 futex(0x55dd72ac7658, FUTEX_WAIT_BITSET_PRIVATE, 4294967295, {tv_sec=812524, tv_nsec=60450250}, FUTEX_BITSET_MATCH_ANY) = -1 ETIMEDOUT (Connection timed out) <0.099977>
15:14:13.884078 futex(0x55dd72ac7658, FUTEX_WAIT_BITSET_PRIVATE, 4294967295, {tv_sec=812524, tv_nsec=160643094}, FUTEX_BITSET_MATCH_ANY) = 0 <0.089264>
15:14:13.973466 futex(0x55dd72a64d68, FUTEX_WAKE_PRIVATE, 1) = 1 <0.000031>
15:14:13.973584 futex(0x55dd72ac7658, FUTEX_WAIT_BITSET_PRIVATE, 4294967295, {tv_sec=812524, tv_nsec=160642836}, FUTEX_BITSET_MATCH_ANY) = -1 ETIMEDOUT (Connection timed out) <0.010573>
15:14:13.984381 futex(0x55dd72ac7658, FUTEX_WAIT_BITSET_PRIVATE, 4294967295, {tv_sec=812524, tv_nsec=260905566}, FUTEX_BITSET_MATCH_ANY) = -1 ETIMEDOUT (Connection timed out) <0.099940>
15:14:14.084490 futex(0x55dd72ac7658, FUTEX_WAIT_BITSET_PRIVATE, 4294967295, {tv_sec=812524, tv_nsec=361064633}, FUTEX_BITSET_MATCH_ANY) = -1 ETIMEDOUT (Connection timed out) <0.100097>
15:14:14.184983 futex(0x55dd72ac7658, FUTEX_WAIT_BITSET_PRIVATE, 4294967295, {tv_sec=812524, tv_nsec=461407086}, FUTEX_BITSET_MATCH_ANY) = 0 <0.088427>
15:14:14.273577 futex(0x55dd72a64d68, FUTEX_WAKE_PRIVATE, 1) = 1 <0.000027>
15:14:14.273703 futex(0x55dd72ac7658, FUTEX_WAIT_BITSET_PRIVATE, 4294967295, {tv_sec=812524, tv_nsec=461406525}, FUTEX_BITSET_MATCH_ANY) = -1 ETIMEDOUT (Connection timed out) <0.011191>
15:14:14.285141 futex(0x55dd72ac7658, FUTEX_WAIT_BITSET_PRIVATE, 4294967295, {tv_sec=812524, tv_nsec=561654777}, FUTEX_BITSET_MATCH_ANY) = -1 ETIMEDOUT (Connection timed out) <0.100088>
15:14:14.385583 futex(0x55dd72ac7658, FUTEX_WAIT_BITSET_PRIVATE, 4294967295, {tv_sec=812524, tv_nsec=662055588}, FUTEX_BITSET_MATCH_ANY) = -1 ETIMEDOUT (Connection timed out) <0.099982>
15:14:14.485990 futex(0x55dd72ac7658, FUTEX_WAIT_BITSET_PRIVATE, 4294967295, {tv_sec=812524, tv_nsec=762456157}, FUTEX_BITSET_MATCH_ANY) = 0 <0.087869>
15:14:14.574022 futex(0x55dd72a64d68, FUTEX_WAKE_PRIVATE, 1) = 1 <0.000029>
15:14:14.574137 futex(0x55dd72ac7658, FUTEX_WAIT_BITSET_PRIVATE, 4294967295, {tv_sec=812524, tv_nsec=762455392}, FUTEX_BITSET_MATCH_ANY) = -1 ETIMEDOUT (Connection timed out) <0.011758>
15:14:14.585986 futex(0x55dd72ac7658, FUTEX_WAIT_BITSET_PRIVATE, 4294967295, {tv_sec=812524, tv_nsec=862581306}, FUTEX_BITSET_MATCH_ANY) = -1 ETIMEDOUT (Connection timed out) <0.100056>
15:14:14.686182 futex(0x55dd72ac7658, FUTEX_WAIT_BITSET_PRIVATE, 4294967295, {tv_sec=812524, tv_nsec=962758439}, FUTEX_BITSET_MATCH_ANY) = -1 ETIMEDOUT (Connection timed out) <0.100101>
15:14:14.786595 futex(0x55dd72ac7658, FUTEX_WAIT_BITSET_PRIVATE, 4294967295, {tv_sec=812525, tv_nsec=63086638}, FUTEX_BITSET_MATCH_ANY) = 0 <0.087512>
15:14:14.874387 futex(0x55dd72a64d68, FUTEX_WAKE_PRIVATE, 1) = 1 <0.000102>
15:14:14.874759 futex(0x55dd72ac7658, FUTEX_WAIT_BITSET_PRIVATE, 4294967295, {tv_sec=812525, tv_nsec=63087271}, FUTEX_BITSET_MATCH_ANY) = -1 ETIMEDOUT (Connection timed out) <0.011865>
15:14:14.886910 futex(0x55dd72ac7658, FUTEX_WAIT_BITSET_PRIVATE, 4294967295, {tv_sec=812525, tv_nsec=163407554}, FUTEX_BITSET_MATCH_ANY) = -1 ETIMEDOUT (Connection timed out) <0.099964>
15:14:14.987217 futex(0x55dd72ac7658, FUTEX_WAIT_BITSET_PRIVATE, 4294967295, {tv_sec=812525, tv_nsec=263701228}, FUTEX_BITSET_MATCH_ANY) = -1 ETIMEDOUT (Connection timed out) <0.099999>
15:14:15.087652 futex(0x55dd72ac7658, FUTEX_WAIT_BITSET_PRIVATE, 4294967295, {tv_sec=812525, tv_nsec=364127804}, FUTEX_BITSET_MATCH_ANY) = 0 <0.086493>
15:14:15.174299 futex(0x55dd72a64d68, FUTEX_WAKE_PRIVATE, 1) = 1 <0.000034>
15:14:15.174426 futex(0x55dd72ac7658, FUTEX_WAIT_BITSET_PRIVATE, 4294967295, {tv_sec=812525, tv_nsec=364126943}, FUTEX_BITSET_MATCH_ANY) = -1 ETIMEDOUT (Connection timed out) <0.013150>
15:14:15.187659 futex(0x55dd72ac7658, FUTEX_WAIT_BITSET_PRIVATE, 4294967295, {tv_sec=812525, tv_nsec=464251707}, FUTEX_BITSET_MATCH_ANY) = -1 ETIMEDOUT (Connection timed out) <0.100073>
15:14:15.287843 futex(0x55dd72ac7658, FUTEX_WAIT_BITSET_PRIVATE, 4294967295, {tv_sec=812525, tv_nsec=564424228}, FUTEX_BITSET_MATCH_ANY) = -1 ETIMEDOUT (Connection timed out) <0.100041>
15:14:15.388030 futex(0x55dd72ac7658, FUTEX_WAIT_BITSET_PRIVATE, 4294967295, {tv_sec=812525, tv_nsec=664609199}, FUTEX_BITSET_MATCH_ANY) = 0 <0.086397>
15:14:15.474553 futex(0x55dd72a64d68, FUTEX_WAKE_PRIVATE, 1) = 1 <0.000034>
15:14:15.474696 futex(0x55dd72ac7658, FUTEX_WAIT_BITSET_PRIVATE, 4294967295, {tv_sec=812525, tv_nsec=664609413}, FUTEX_BITSET_MATCH_ANY) = -1 ETIMEDOUT (Connection timed out) <0.013355>
15:14:15.488148 futex(0x55dd72ac7658, FUTEX_WAIT_BITSET_PRIVATE, 4294967295, {tv_sec=812525, tv_nsec=764738726}, FUTEX_BITSET_MATCH_ANY) = -1 ETIMEDOUT (Connection timed out) <0.100164>
15:14:15.588736 futex(0x55dd72ac7658, FUTEX_WAIT_BITSET_PRIVATE, 4294967295, {tv_sec=812525, tv_nsec=865208091}, FUTEX_BITSET_MATCH_ANY) = -1 ETIMEDOUT (Connection timed out) <0.099937>
15:14:15.689073 futex(0x55dd72ac7658, FUTEX_WAIT_BITSET_PRIVATE, 4294967295, {tv_sec=812525, tv_nsec=965521905}, FUTEX_BITSET_MATCH_ANY) = 0 <0.085619>
15:14:15.774881 futex(0x55dd72a64d68, FUTEX_WAKE_PRIVATE, 1) = 1 <0.000029>
15:14:15.775030 futex(0x55dd72ac7658, FUTEX_WAIT_BITSET_PRIVATE, 4294967295, {tv_sec=812525, tv_nsec=965521417}, FUTEX_BITSET_MATCH_ANY) = -1 ETIMEDOUT (Connection timed out) <0.013928>
15:14:15.789060 futex(0x55dd72ac7658, FUTEX_WAIT_BITSET_PRIVATE, 4294967295, {tv_sec=812526, tv_nsec=65656587}, FUTEX_BITSET_MATCH_ANY) = -1 ETIMEDOUT (Connection timed out) <0.100045>
15:14:15.889282 futex(0x55dd72ac7658, FUTEX_WAIT_BITSET_PRIVATE, 4294967295, {tv_sec=812526, tv_nsec=165836161}, FUTEX_BITSET_MATCH_ANY) = -1 ETIMEDOUT (Connection timed out) <0.100106>
15:14:15.989750 futex(0x55dd72ac7658, FUTEX_WAIT_BITSET_PRIVATE, 4294967295, {tv_sec=812526, tv_nsec=266214580}, FUTEX_BITSET_MATCH_ANY) = 0 <0.085297>
15:14:16.075354 futex(0x55dd72a64d68, FUTEX_WAKE_PRIVATE, 1) = 1 <0.000034>
15:14:16.075503 futex(0x55dd72ac7658, FUTEX_WAIT_BITSET_PRIVATE, 4294967295, {tv_sec=812526, tv_nsec=266214072}, FUTEX_BITSET_MATCH_ANY) = -1 ETIMEDOUT (Connection timed out) <0.014285>
15:14:16.090086 futex(0x55dd72ac7658, FUTEX_WAIT_BITSET_PRIVATE, 4294967295, {tv_sec=812526, tv_nsec=366677272}, FUTEX_BITSET_MATCH_ANY) = -1 ETIMEDOUT (Connection timed out) <0.100042>
15:14:16.190293 futex(0x55dd72ac7658, FUTEX_WAIT_BITSET_PRIVATE, 4294967295, {tv_sec=812526, tv_nsec=466850325}, FUTEX_BITSET_MATCH_ANY) = -1 ETIMEDOUT (Connection timed out) <0.099994>
15:14:16.290434 futex(0x55dd72ac7658, FUTEX_WAIT_BITSET_PRIVATE, 4294967295, {tv_sec=812526, tv_nsec=567007935}, FUTEX_BITSET_MATCH_ANY) = 0 <0.084698>
15:14:16.375246 futex(0x55dd72a64d68, FUTEX_WAKE_PRIVATE, 1) = 1 <0.000030>
15:14:16.375376 futex(0x55dd72ac7658, FUTEX_WAIT_BITSET_PRIVATE, 4294967295, {tv_sec=812526, tv_nsec=567008004}, FUTEX_BITSET_MATCH_ANY) = -1 ETIMEDOUT (Connection timed out) <0.015094>
15:14:16.390584 futex(0x55dd72ac7658, FUTEX_WAIT_BITSET_PRIVATE, 4294967295, {tv_sec=812526, tv_nsec=667176357}, FUTEX_BITSET_MATCH_ANY) = -1 ETIMEDOUT (Connection timed out) <0.100108>
15:14:16.490956 futex(0x55dd72ac7658, FUTEX_WAIT_BITSET_PRIVATE, 4294967295, {tv_sec=812526, tv_nsec=767466208}, FUTEX_BITSET_MATCH_ANY) = -1 ETIMEDOUT (Connection timed out) <0.100008>
15:14:16.591367 futex(0x55dd72ac7658, FUTEX_WAIT_BITSET_PRIVATE, 4294967295, {tv_sec=812526, tv_nsec=867831589}, FUTEX_BITSET_MATCH_ANY) = 0 <0.084262>
15:14:16.675851 futex(0x55dd72a64d68, FUTEX_WAKE_PRIVATE, 1) = 1 <0.000062>
15:14:16.675996 futex(0x55dd72a64ec0, FUTEX_WAKE_PRIVATE, 1) = 1 <0.000033>
15:14:16.676124 futex(0x55dd72ac7658, FUTEX_WAIT_BITSET_PRIVATE, 4294967295, {tv_sec=812526, tv_nsec=867832010}, FUTEX_BITSET_MATCH_ANY) = -1 ETIMEDOUT (Connection timed out) <0.015226>
15:14:16.691582 futex(0x55dd72ac7658, FUTEX_WAIT_BITSET_PRIVATE, 4294967295, {tv_sec=812526, tv_nsec=968101068}, FUTEX_BITSET_MATCH_ANY) = -1 ETIMEDOUT (Connection timed out) <0.100063>
15:14:16.791995 futex(0x55dd72ac7658, FUTEX_WAIT_BITSET_PRIVATE, 4294967295, {tv_sec=812527, tv_nsec=68479631}, FUTEX_BITSET_MATCH_ANY) = -1 ETIMEDOUT (Connection timed out) <0.099928>
15:14:16.892161 futex(0x55dd72ac7658, FUTEX_WAIT_BITSET_PRIVATE, 4294967295, {tv_sec=812527, tv_nsec=168730284}, FUTEX_BITSET_MATCH_ANY) = 0 <0.083618>
15:14:16.976051 futex(0x55dd72a64d68, FUTEX_WAKE_PRIVATE, 1) = 1 <0.000101>
15:14:16.976374 futex(0x55dd72ac7658, FUTEX_WAIT_BITSET_PRIVATE, 4294967295, {tv_sec=812527, tv_nsec=168730317}, FUTEX_BITSET_MATCH_ANY) = -1 ETIMEDOUT (Connection timed out) <0.015800>
15:14:16.992268 futex(0x55dd72ac7658, FUTEX_WAIT_BITSET_PRIVATE, 4294967295, {tv_sec=812527, tv_nsec=268860600}, FUTEX_BITSET_MATCH_ANY) = -1 ETIMEDOUT (Connection timed out) <0.100044>
15:14:17.092451 futex(0x55dd72ac7658, FUTEX_WAIT_BITSET_PRIVATE, 4294967295, {tv_sec=812527, tv_nsec=369028820}, FUTEX_BITSET_MATCH_ANY) = -1 ETIMEDOUT (Connection timed out) <0.100014>
15:14:17.192616 futex(0x55dd72ac7658, FUTEX_WAIT_BITSET_PRIVATE, 4294967295, {tv_sec=812527, tv_nsec=469198204}, FUTEX_BITSET_MATCH_ANY) = 0 <0.083431>
15:14:17.276289 futex(0x55dd72a64d68, FUTEX_WAKE_PRIVATE, 1) = 1 <0.000102>
15:14:17.276625 futex(0x55dd72ac7658, FUTEX_WAIT_BITSET_PRIVATE, 4294967295, {tv_sec=812527, tv_nsec=469198917}, FUTEX_BITSET_MATCH_ANY) = -1 ETIMEDOUT (Connection timed out) <0.016069>
15:14:17.292965 futex(0x55dd72ac7658, FUTEX_WAIT_BITSET_PRIVATE, 4294967295, {tv_sec=812527, tv_nsec=569487121}, FUTEX_BITSET_MATCH_ANY) = -1 ETIMEDOUT (Connection timed out) <0.099922>
15:14:17.393056 futex(0x55dd72ac7658, FUTEX_WAIT_BITSET_PRIVATE, 4294967295, {tv_sec=812527, tv_nsec=669633929}, FUTEX_BITSET_MATCH_ANY) = -1 ETIMEDOUT (Connection timed out) <0.100008>
15:14:17.493203 futex(0x55dd72ac7658, FUTEX_WAIT_BITSET_PRIVATE, 4294967295, {tv_sec=812527, tv_nsec=769771231}, FUTEX_BITSET_MATCH_ANY) = 0 <0.083495>
15:14:17.576815 futex(0x55dd72a64d68, FUTEX_WAKE_PRIVATE, 1) = 1 <0.000031>
15:14:17.576951 futex(0x55dd72ac7658, FUTEX_WAIT_BITSET_PRIVATE, 4294967295, {tv_sec=812527, tv_nsec=769771167}, FUTEX_BITSET_MATCH_ANY) = -1 ETIMEDOUT (Connection timed out) <0.016317>
15:14:17.593484 futex(0x55dd72ac7658, FUTEX_WAIT_BITSET_PRIVATE, 4294967295, {tv_sec=812527, tv_nsec=870012495}, FUTEX_BITSET_MATCH_ANY) = -1 ETIMEDOUT (Connection timed out) <0.099989>
15:14:17.693741 futex(0x55dd72ac7658, FUTEX_WAIT_BITSET_PRIVATE, 4294967295, {tv_sec=812527, tv_nsec=970278471}, FUTEX_BITSET_MATCH_ANY) = -1 ETIMEDOUT (Connection timed out) <0.099935>
15:14:17.793888 futex(0x55dd72ac7658, FUTEX_WAIT_BITSET_PRIVATE, 4294967295, {tv_sec=812528, tv_nsec=70453638}, FUTEX_BITSET_MATCH_ANY) = 0 <0.082740>
15:14:17.876860 futex(0x55dd72a64d68, FUTEX_WAKE_PRIVATE, 1) = 1 <0.000071>
15:14:17.877158 futex(0x55dd72ac7658, FUTEX_WAIT_BITSET_PRIVATE, 4294967295, {tv_sec=812528, tv_nsec=70454027}, FUTEX_BITSET_MATCH_ANY) = -1 ETIMEDOUT (Connection timed out) <0.016754>
15:14:17.894035 futex(0x55dd72ac7658, FUTEX_WAIT_BITSET_PRIVATE, 4294967295, {tv_sec=812528, tv_nsec=170614783}, FUTEX_BITSET_MATCH_ANY) = -1 ETIMEDOUT (Connection timed out) <0.100039>
15:14:17.994240 futex(0x55dd72ac7658, FUTEX_WAIT_BITSET_PRIVATE, 4294967295, {tv_sec=812528, tv_nsec=270805238}, FUTEX_BITSET_MATCH_ANY) = -1 ETIMEDOUT (Connection timed out) <0.100030>
15:14:18.094628 futex(0x55dd72ac7658, FUTEX_WAIT_BITSET_PRIVATE, 4294967295, {tv_sec=812528, tv_nsec=371152459}, FUTEX_BITSET_MATCH_ANY) = 0 <0.082094>
15:14:18.176989 futex(0x55dd72a64d68, FUTEX_WAKE_PRIVATE, 1) = 1 <0.000061>
15:14:18.177202 futex(0x55dd72ac7658, FUTEX_WAIT_BITSET_PRIVATE, 4294967295, {tv_sec=812528, tv_nsec=371152337}, FUTEX_BITSET_MATCH_ANY) = -1 ETIMEDOUT (Connection timed out) <0.017463>
15:14:18.194919 futex(0x55dd72ac7658, FUTEX_WAIT_BITSET_PRIVATE, 4294967295, {tv_sec=812528, tv_nsec=471400089}, FUTEX_BITSET_MATCH_ANY) = -1 ETIMEDOUT (Connection timed out) <0.099957>
15:14:18.295283 futex(0x55dd72ac7658, FUTEX_WAIT_BITSET_PRIVATE, 4294967295, {tv_sec=812528, tv_nsec=571793234}, FUTEX_BITSET_MATCH_ANY) = -1 ETIMEDOUT (Connection timed out) <0.099928>
15:14:18.395453 futex(0x55dd72ac7658, FUTEX_WAIT_BITSET_PRIVATE, 4294967295, {tv_sec=812528, tv_nsec=672020213}, FUTEX_BITSET_MATCH_ANY) = 0 <0.081443>
15:14:18.477035 futex(0x55dd72a64d68, FUTEX_WAKE_PRIVATE, 1) = 1 <0.000037>
15:14:18.477170 futex(0x55dd72ac7658, FUTEX_WAIT_BITSET_PRIVATE, 4294967295, {tv_sec=812528, tv_nsec=672020114}, FUTEX_BITSET_MATCH_ANY) = -1 ETIMEDOUT (Connection timed out) <0.018294>
15:14:18.495560 futex(0x55dd72ac7658, FUTEX_WAIT_BITSET_PRIVATE, 4294967295, {tv_sec=812528, tv_nsec=772151741}, FUTEX_BITSET_MATCH_ANY) = -1 ETIMEDOUT (Connection timed out) <0.100061>
15:14:18.595781 futex(0x55dd72ac7658, FUTEX_WAIT_BITSET_PRIVATE, 4294967295, {tv_sec=812528, tv_nsec=872347668}, FUTEX_BITSET_MATCH_ANY) = -1 ETIMEDOUT (Connection timed out) <0.100149>
15:14:18.696161 futex(0x55dd72ac7658, FUTEX_WAIT_BITSET_PRIVATE, 4294967295, {tv_sec=812528, tv_nsec=972722825}, FUTEX_BITSET_MATCH_ANY) = 0 <0.081081>
15:14:18.777416 futex(0x55dd72a64d68, FUTEX_WAKE_PRIVATE, 1) = 1 <0.000041>
15:14:18.777574 futex(0x55dd72ac7658, FUTEX_WAIT_BITSET_PRIVATE, 4294967295, {tv_sec=812528, tv_nsec=972722767}, FUTEX_BITSET_MATCH_ANY) = -1 ETIMEDOUT (Connection timed out) <0.018592>
15:14:18.796304 futex(0x55dd72ac7658, FUTEX_WAIT_BITSET_PRIVATE, 4294967295, {tv_sec=812529, tv_nsec=72883859}, FUTEX_BITSET_MATCH_ANY) = -1 ETIMEDOUT (Connection timed out) <0.100057>
15:14:18.896547 futex(0x55dd72ac7658, FUTEX_WAIT_BITSET_PRIVATE, 4294967295, {tv_sec=812529, tv_nsec=173113116}, FUTEX_BITSET_MATCH_ANY) = -1 ETIMEDOUT (Connection timed out) <0.100015>
15:14:18.996780 futex(0x55dd72ac7658, FUTEX_WAIT_BITSET_PRIVATE, 4294967295, {tv_sec=812529, tv_nsec=273342072}, FUTEX_BITSET_MATCH_ANY) = 0 <0.080922>
15:14:19.078054 futex(0x55dd72a64d68, FUTEX_WAKE_PRIVATE, 1) = 1 <0.000130>
15:14:19.078389 futex(0x55dd72a64ec0, FUTEX_WAKE_PRIVATE, 1) = 1 <0.000030>
15:14:19.078513 futex(0x55dd72ac7658, FUTEX_WAIT_BITSET_PRIVATE, 4294967295, {tv_sec=812529, tv_nsec=273341834}, FUTEX_BITSET_MATCH_ANY) = -1 ETIMEDOUT (Connection timed out) <0.018269>
15:14:19.096963 futex(0x55dd72ac7658, FUTEX_WAIT_BITSET_PRIVATE, 4294967295, {tv_sec=812529, tv_nsec=373523138}, FUTEX_BITSET_MATCH_ANY) = -1 ETIMEDOUT (Connection timed out) <0.100024>
15:14:19.197199 futex(0x55dd72ac7658, FUTEX_WAIT_BITSET_PRIVATE, 4294967295, {tv_sec=812529, tv_nsec=473762675}, FUTEX_BITSET_MATCH_ANY) = -1 ETIMEDOUT (Connection timed out) <0.100086>
15:14:19.297659 futex(0x55dd72ac7658, FUTEX_WAIT_BITSET_PRIVATE, 4294967295, {tv_sec=812529, tv_nsec=574131736}, FUTEX_BITSET_MATCH_ANY) = 0 <0.080244>
15:14:19.378332 futex(0x55dd72a64d68, FUTEX_WAKE_PRIVATE, 1) = 1 <0.000129>
15:14:19.378684 futex(0x55dd72a64ec0, FUTEX_WAKE_PRIVATE, 1) = 1 <0.000099>
15:14:19.379093 futex(0x55dd72ac7658, FUTEX_WAIT_BITSET_PRIVATE, 4294967295, {tv_sec=812529, tv_nsec=574131865}, FUTEX_BITSET_MATCH_ANY) = -1 ETIMEDOUT (Connection timed out) <0.018414>
15:14:19.397694 futex(0x55dd72ac7658, FUTEX_WAIT_BITSET_PRIVATE, 4294967295, {tv_sec=812529, tv_nsec=674274133}, FUTEX_BITSET_MATCH_ANY) = -1 ETIMEDOUT (Connection timed out) <0.100126>
15:14:19.498110 futex(0x55dd72ac7658, FUTEX_WAIT_BITSET_PRIVATE, 4294967295, {tv_sec=812529, tv_nsec=774601404}, FUTEX_BITSET_MATCH_ANY) = -1 ETIMEDOUT (Connection timed out) <0.099896>
15:14:19.598250 futex(0x55dd72ac7658, FUTEX_WAIT_BITSET_PRIVATE, 4294967295, {tv_sec=812529, tv_nsec=874806332}, FUTEX_BITSET_MATCH_ANY) = 0 <0.079828>
15:14:19.678311 futex(0x55dd72a64d68, FUTEX_WAKE_PRIVATE, 1) = 1 <0.000073>
15:14:19.678517 futex(0x55dd72ac7658, FUTEX_WAIT_BITSET_PRIVATE, 4294967295, {tv_sec=812529, tv_nsec=874807051}, FUTEX_BITSET_MATCH_ANY) = -1 ETIMEDOUT (Connection timed out) <0.019745>
15:14:19.698396 futex(0x55dd72ac7658, FUTEX_WAIT_BITSET_PRIVATE, 4294967295, {tv_sec=812529, tv_nsec=974978425}, FUTEX_BITSET_MATCH_ANY) = -1 ETIMEDOUT (Connection timed out) <0.100034>
15:14:19.798619 futex(0x55dd72ac7658, FUTEX_WAIT_BITSET_PRIVATE, 4294967295, {tv_sec=812530, tv_nsec=75179262}, FUTEX_BITSET_MATCH_ANY) = -1 ETIMEDOUT (Connection timed out) <0.099990>
15:14:19.898831 futex(0x55dd72ac7658, FUTEX_WAIT_BITSET_PRIVATE, 4294967295, {tv_sec=812530, tv_nsec=175388441}, FUTEX_BITSET_MATCH_ANY) = 0 <0.079352>
15:14:19.978371 futex(0x55dd72a64d68, FUTEX_WAKE_PRIVATE, 1) = 1 <0.000039>
15:14:19.978564 futex(0x55dd72ac7658, FUTEX_WAIT_BITSET_PRIVATE, 4294967295, {tv_sec=812530, tv_nsec=175389006}, FUTEX_BITSET_MATCH_ANY) = -1 ETIMEDOUT (Connection timed out) <0.020259>
15:14:19.998971 futex(0x55dd72ac7658, FUTEX_WAIT_BITSET_PRIVATE, 4294967295, {tv_sec=812530, tv_nsec=275533825}, FUTEX_BITSET_MATCH_ANY) = -1 ETIMEDOUT (Connection timed out) <0.100026>
15:14:20.099185 futex(0x55dd72ac7658, FUTEX_WAIT_BITSET_PRIVATE, 4294967295, {tv_sec=812530, tv_nsec=375740594}, FUTEX_BITSET_MATCH_ANY) = -1 ETIMEDOUT (Connection timed out) <0.099992>
15:14:20.199401 futex(0x55dd72ac7658, FUTEX_WAIT_BITSET_PRIVATE, 4294967295, {tv_sec=812530, tv_nsec=475952218}, FUTEX_BITSET_MATCH_ANY) = 0 <0.079189>
15:14:20.278806 futex(0x55dd72a64d68, FUTEX_WAKE_PRIVATE, 1) = 1 <0.000072>
15:14:20.279103 futex(0x55dd72ac7658, FUTEX_WAIT_BITSET_PRIVATE, 4294967295, {tv_sec=812530, tv_nsec=475952948}, FUTEX_BITSET_MATCH_ANY) = -1 ETIMEDOUT (Connection timed out) <0.020295>
15:14:20.299543 futex(0x55dd72ac7658, FUTEX_WAIT_BITSET_PRIVATE, 4294967295, {tv_sec=812530, tv_nsec=576116459}, FUTEX_BITSET_MATCH_ANY) = -1 ETIMEDOUT (Connection timed out) <0.100043>
15:14:20.399808 futex(0x55dd72ac7658, FUTEX_WAIT_BITSET_PRIVATE, 4294967295, {tv_sec=812530, tv_nsec=676345119}, FUTEX_BITSET_MATCH_ANY) = -1 ETIMEDOUT (Connection timed out) <0.099966>
15:14:20.499981 futex(0x55dd72ac7658, FUTEX_WAIT_BITSET_PRIVATE, 4294967295, {tv_sec=812530, tv_nsec=776522872}, FUTEX_BITSET_MATCH_ANY) = 0 <0.078728>
15:14:20.578855 futex(0x55dd72a64d68, FUTEX_WAKE_PRIVATE, 1) = 1 <0.000040>
15:14:20.579036 futex(0x55dd72ac7658, FUTEX_WAIT_BITSET_PRIVATE, 4294967295, {tv_sec=812530, tv_nsec=776522937}, FUTEX_BITSET_MATCH_ANY) = -1 ETIMEDOUT (Connection timed out) <0.020948>
15:14:20.600143 futex(0x55dd72ac7658, FUTEX_WAIT_BITSET_PRIVATE, 4294967295, {tv_sec=812530, tv_nsec=876705199}, FUTEX_BITSET_MATCH_ANY) = -1 ETIMEDOUT (Connection timed out) <0.100121>
15:14:20.700459 futex(0x55dd72ac7658, FUTEX_WAIT_BITSET_PRIVATE, 4294967295, {tv_sec=812530, tv_nsec=977014991}, FUTEX_BITSET_MATCH_ANY) = -1 ETIMEDOUT (Connection timed out) <0.100027>
15:14:20.800713 futex(0x55dd72ac7658, FUTEX_WAIT_BITSET_PRIVATE, 4294967295, {tv_sec=812531, tv_nsec=77269982}, FUTEX_BITSET_MATCH_ANY) = 0 <0.078347>
15:14:20.879237 futex(0x55dd72a64d68, FUTEX_WAKE_PRIVATE, 1) = 1 <0.000042>
15:14:20.879417 futex(0x55dd72ac7658, FUTEX_WAIT_BITSET_PRIVATE, 4294967295, {tv_sec=812531, tv_nsec=77270333}, FUTEX_BITSET_MATCH_ANY) = -1 ETIMEDOUT (Connection timed out) <0.021390>
15:14:20.900992 futex(0x55dd72ac7658, FUTEX_WAIT_BITSET_PRIVATE, 4294967295, {tv_sec=812531, tv_nsec=177545289}, FUTEX_BITSET_MATCH_ANY) = -1 ETIMEDOUT (Connection timed out) <0.099962>
15:14:21.001134 futex(0x55dd72ac7658, FUTEX_WAIT_BITSET_PRIVATE, 4294967295, {tv_sec=812531, tv_nsec=277693537}, FUTEX_BITSET_MATCH_ANY) = -1 ETIMEDOUT (Connection timed out) <0.100104>
15:14:21.101472 futex(0x55dd72ac7658, FUTEX_WAIT_BITSET_PRIVATE, 4294967295, {tv_sec=812531, tv_nsec=378025433}, FUTEX_BITSET_MATCH_ANY) = 0 <0.077807>
15:14:21.179442 futex(0x55dd72a64d68, FUTEX_WAKE_PRIVATE, 1) = 1 <0.000042>
15:14:21.179634 futex(0x55dd72ac7658, FUTEX_WAIT_BITSET_PRIVATE, 4294967295, {tv_sec=812531, tv_nsec=378025600}, FUTEX_BITSET_MATCH_ANY) = -1 ETIMEDOUT (Connection timed out) <0.021847>
15:14:21.201644 futex(0x55dd72ac7658, FUTEX_WAIT_BITSET_PRIVATE, 4294967295, {tv_sec=812531, tv_nsec=478216188}, FUTEX_BITSET_MATCH_ANY) = -1 ETIMEDOUT (Connection timed out) <0.100042>
15:14:21.301907 futex(0x55dd72ac7658, FUTEX_WAIT_BITSET_PRIVATE, 4294967295, {tv_sec=812531, tv_nsec=578458875}, FUTEX_BITSET_MATCH_ANY) = -1 ETIMEDOUT (Connection timed out) <0.100063>
15:14:21.402248 futex(0x55dd72ac7658, FUTEX_WAIT_BITSET_PRIVATE, 4294967295, {tv_sec=812531, tv_nsec=678801576}, FUTEX_BITSET_MATCH_ANY) = 0 <0.077301>
15:14:21.479730 futex(0x55dd72a64d68, FUTEX_WAKE_PRIVATE, 1) = 1 <0.000039>
15:14:21.479912 futex(0x55dd72ac7658, FUTEX_WAIT_BITSET_PRIVATE, 4294967295, {tv_sec=812531, tv_nsec=678801740}, FUTEX_BITSET_MATCH_ANY) = -1 ETIMEDOUT (Connection timed out) <0.022329>
15:14:21.502389 futex(0x55dd72ac7658, FUTEX_WAIT_BITSET_PRIVATE, 4294967295, {tv_sec=812531, tv_nsec=778970028}, FUTEX_BITSET_MATCH_ANY) = -1 ETIMEDOUT (Connection timed out) <0.100021>
15:14:21.602588 futex(0x55dd72ac7658, FUTEX_WAIT_BITSET_PRIVATE, 4294967295, {tv_sec=812531, tv_nsec=879143006}, FUTEX_BITSET_MATCH_ANY) = -1 ETIMEDOUT (Connection timed out) <0.100014>
15:14:21.702813 futex(0x55dd72ac7658, FUTEX_WAIT_BITSET_PRIVATE, 4294967295, {tv_sec=812531, tv_nsec=979372083}, FUTEX_BITSET_MATCH_ANY) = 0 <0.077121>
15:14:21.780096 futex(0x55dd72a64d68, FUTEX_WAKE_PRIVATE, 1) = 1 <0.000046>
15:14:21.780294 futex(0x55dd72ac7658, FUTEX_WAIT_BITSET_PRIVATE, 4294967295, {tv_sec=812531, tv_nsec=979372712}, FUTEX_BITSET_MATCH_ANY) = -1 ETIMEDOUT (Connection timed out) <0.022538>
15:14:21.803011 futex(0x55dd72ac7658, FUTEX_WAIT_BITSET_PRIVATE, 4294967295, {tv_sec=812532, tv_nsec=79575926}, FUTEX_BITSET_MATCH_ANY) = -1 ETIMEDOUT (Connection timed out) <0.100014>
15:14:21.903194 futex(0x55dd72ac7658, FUTEX_WAIT_BITSET_PRIVATE, 4294967295, {tv_sec=812532, tv_nsec=179753309}, FUTEX_BITSET_MATCH_ANY) = -1 ETIMEDOUT (Connection timed out) <0.100024>
15:14:22.003414 futex(0x55dd72ac7658, FUTEX_WAIT_BITSET_PRIVATE, 4294967295, {tv_sec=812532, tv_nsec=279966388}, FUTEX_BITSET_MATCH_ANY) = 0 <0.076875>
15:14:22.080450 futex(0x55dd72a64d68, FUTEX_WAKE_PRIVATE, 1) = 1 <0.000040>
15:14:22.080618 futex(0x55dd72ac7658, FUTEX_WAIT_BITSET_PRIVATE, 4294967295, {tv_sec=812532, tv_nsec=279966531}, FUTEX_BITSET_MATCH_ANY) = -1 ETIMEDOUT (Connection timed out) <0.022780>
15:14:22.103548 futex(0x55dd72ac7658, FUTEX_WAIT_BITSET_PRIVATE, 4294967295, {tv_sec=812532, tv_nsec=380122447}, FUTEX_BITSET_MATCH_ANY) = -1 ETIMEDOUT (Connection timed out) <0.100056>
15:14:22.203779 futex(0x55dd72ac7658, FUTEX_WAIT_BITSET_PRIVATE, 4294967295, {tv_sec=812532, tv_nsec=480337624}, FUTEX_BITSET_MATCH_ANY) = -1 ETIMEDOUT (Connection timed out) <0.100059>
15:14:22.304138 futex(0x55dd72ac7658, FUTEX_WAIT_BITSET_PRIVATE, 4294967295, {tv_sec=812532, tv_nsec=580639793}, FUTEX_BITSET_MATCH_ANY) = 0 <0.076333>
15:14:22.380615 futex(0x55dd72a64d68, FUTEX_WAKE_PRIVATE, 1) = 1 <0.000041>
15:14:22.380795 futex(0x55dd72ac7658, FUTEX_WAIT_BITSET_PRIVATE, 4294967295, {tv_sec=812532, tv_nsec=580639066}, FUTEX_BITSET_MATCH_ANY) = -1 ETIMEDOUT (Connection timed out) <0.023284>
15:14:22.404194 futex(0x55dd72ac7658, FUTEX_WAIT_BITSET_PRIVATE, 4294967295, {tv_sec=812532, tv_nsec=680773589}, FUTEX_BITSET_MATCH_ANY) = -1 ETIMEDOUT (Connection timed out) <0.100107>
15:14:22.504491 futex(0x55dd72ac7658, FUTEX_WAIT_BITSET_PRIVATE, 4294967295, {tv_sec=812532, tv_nsec=781052543}, FUTEX_BITSET_MATCH_ANY) = -1 ETIMEDOUT (Connection timed out) <0.100004>
15:14:22.604676 futex(0x55dd72ac7658, FUTEX_WAIT_BITSET_PRIVATE, 4294967295, {tv_sec=812532, tv_nsec=881231528}, FUTEX_BITSET_MATCH_ANY) = 0 <0.076066>
15:14:22.680880 futex(0x55dd72a64d68, FUTEX_WAKE_PRIVATE, 1) = 1 <0.000053>
15:14:22.681069 futex(0x55dd72ac7658, FUTEX_WAIT_BITSET_PRIVATE, 4294967295, {tv_sec=812532, tv_nsec=881231644}, FUTEX_BITSET_MATCH_ANY) = -1 ETIMEDOUT (Connection timed out) <0.023611>
15:14:22.704795 futex(0x55dd72ac7658, FUTEX_WAIT_BITSET_PRIVATE, 4294967295, {tv_sec=812532, tv_nsec=981376623}, FUTEX_BITSET_MATCH_ANY) = -1 ETIMEDOUT (Connection timed out) <0.100059>
15:14:22.805002 futex(0x55dd72ac7658, FUTEX_WAIT_BITSET_PRIVATE, 4294967295, {tv_sec=812533, tv_nsec=81575465}, FUTEX_BITSET_MATCH_ANY) = -1 ETIMEDOUT (Connection timed out) <0.100024>
15:14:22.905210 futex(0x55dd72ac7658, FUTEX_WAIT_BITSET_PRIVATE, 4294967295, {tv_sec=812533, tv_nsec=181771371}, FUTEX_BITSET_MATCH_ANY) = 0 <0.075794>
15:14:22.981136 futex(0x55dd72a64d68, FUTEX_WAKE_PRIVATE, 1) = 1 <0.000040>
15:14:22.981292 futex(0x55dd72ac7658, FUTEX_WAIT_BITSET_PRIVATE, 4294967295, {tv_sec=812533, tv_nsec=181771018}, FUTEX_BITSET_MATCH_ANY) = -1 ETIMEDOUT (Connection timed out) <0.024012>
15:14:23.005531 futex(0x55dd72ac7658, FUTEX_WAIT_BITSET_PRIVATE, 4294967295, {tv_sec=812533, tv_nsec=282049639}, FUTEX_BITSET_MATCH_ANY) = -1 ETIMEDOUT (Connection timed out) <0.100026>
15:14:23.105815 futex(0x55dd72ac7658, FUTEX_WAIT_BITSET_PRIVATE, 4294967295, {tv_sec=812533, tv_nsec=382313595}, FUTEX_BITSET_MATCH_ANY) = -1 ETIMEDOUT (Connection timed out) <0.099948>
15:14:23.205963 futex(0x55dd72ac7658, FUTEX_WAIT_BITSET_PRIVATE, 4294967295, {tv_sec=812533, tv_nsec=482512282}, FUTEX_BITSET_MATCH_ANY) = 0 <0.075471>
15:14:23.281705 futex(0x55dd72a64d68, FUTEX_WAKE_PRIVATE, 1) = 1 <0.000040>
15:14:23.281879 futex(0x55dd72ac7658, FUTEX_WAIT_BITSET_PRIVATE, 4294967295, {tv_sec=812533, tv_nsec=482511979}, FUTEX_BITSET_MATCH_ANY) = -1 ETIMEDOUT (Connection timed out) <0.024123>
15:14:23.306360 futex(0x55dd72ac7658, FUTEX_WAIT_BITSET_PRIVATE, 4294967295, {tv_sec=812533, tv_nsec=582818385}, FUTEX_BITSET_MATCH_ANY) = -1 ETIMEDOUT (Connection timed out) <0.099935>
15:14:23.406616 futex(0x55dd72ac7658, FUTEX_WAIT_BITSET_PRIVATE, 4294967295, {tv_sec=812533, tv_nsec=683123240}, FUTEX_BITSET_MATCH_ANY) = -1 ETIMEDOUT (Connection timed out) <0.099993>
15:14:23.506987 futex(0x55dd72ac7658, FUTEX_WAIT_BITSET_PRIVATE, 4294967295, {tv_sec=812533, tv_nsec=783450611}, FUTEX_BITSET_MATCH_ANY) = 0 <0.074832>
15:14:23.582108 futex(0x55dd72a64d68, FUTEX_WAKE_PRIVATE, 1) = 1 <0.000035>
15:14:23.582252 futex(0x55dd72ac7658, FUTEX_WAIT_BITSET_PRIVATE, 4294967295, {tv_sec=812533, tv_nsec=783449939}, FUTEX_BITSET_MATCH_ANY) = -1 ETIMEDOUT (Connection timed out) <0.024734>
15:14:23.607431 futex(0x55dd72ac7658, FUTEX_WAIT_BITSET_PRIVATE, 4294967295, {tv_sec=812533, tv_nsec=883912213}, FUTEX_BITSET_MATCH_ANY) = -1 ETIMEDOUT (Connection timed out) <0.099869>
15:14:23.707498 futex(0x55dd72ac7658, FUTEX_WAIT_BITSET_PRIVATE, 4294967295, {tv_sec=812533, tv_nsec=984058269}, FUTEX_BITSET_MATCH_ANY) = -1 ETIMEDOUT (Connection timed out) <0.100034>
15:14:23.807766 futex(0x55dd72ac7658, FUTEX_WAIT_BITSET_PRIVATE, 4294967295, {tv_sec=812534, tv_nsec=84302899}, FUTEX_BITSET_MATCH_ANY) = 0 <0.074098>
15:14:23.882039 futex(0x55dd72a64d68, FUTEX_WAKE_PRIVATE, 1) = 1 <0.000029>
15:14:23.882166 futex(0x55dd72ac7658, FUTEX_WAIT_BITSET_PRIVATE, 4294967295, {tv_sec=812534, tv_nsec=84302892}, FUTEX_BITSET_MATCH_ANY) = -1 ETIMEDOUT (Connection timed out) <0.025582>
15:14:23.907851 futex(0x55dd72ac7658, FUTEX_WAIT_BITSET_PRIVATE, 4294967295, {tv_sec=812534, tv_nsec=184435983}, FUTEX_BITSET_MATCH_ANY) = -1 ETIMEDOUT (Connection timed out) <0.100046>
15:14:24.008071 futex(0x55dd72ac7658, FUTEX_WAIT_BITSET_PRIVATE, 4294967295, {tv_sec=812534, tv_nsec=284635182}, FUTEX_BITSET_MATCH_ANY) = -1 ETIMEDOUT (Connection timed out) <0.099984>
15:14:24.108284 futex(0x55dd72ac7658, FUTEX_WAIT_BITSET_PRIVATE, 4294967295, {tv_sec=812534, tv_nsec=384840603}, FUTEX_BITSET_MATCH_ANY) = 0 <0.073812>
15:14:24.182245 futex(0x55dd72a64d68, FUTEX_WAKE_PRIVATE, 1) = 1 <0.000035>
15:14:24.182400 futex(0x55dd72ac7658, FUTEX_WAIT_BITSET_PRIVATE, 4294967295, {tv_sec=812534, tv_nsec=384839978}, FUTEX_BITSET_MATCH_ANY) = -1 ETIMEDOUT (Connection timed out) <0.025871>
15:14:24.208432 futex(0x55dd72ac7658, FUTEX_WAIT_BITSET_PRIVATE, 4294967295, {tv_sec=812534, tv_nsec=485014145}, FUTEX_BITSET_MATCH_ANY) = -1 ETIMEDOUT (Connection timed out) <0.100028>
15:14:24.308660 futex(0x55dd72ac7658, FUTEX_WAIT_BITSET_PRIVATE, 4294967295, {tv_sec=812534, tv_nsec=585225465}, FUTEX_BITSET_MATCH_ANY) = -1 ETIMEDOUT (Connection timed out) <0.099983>
15:14:24.408877 futex(0x55dd72ac7658, FUTEX_WAIT_BITSET_PRIVATE, 4294967295, {tv_sec=812534, tv_nsec=685434588}, FUTEX_BITSET_MATCH_ANY) = 0 <0.073718>
15:14:24.482823 futex(0x55dd72a64d68, FUTEX_WAKE_PRIVATE, 1) = 1 <0.000077>
15:14:24.483002 futex(0x55dd72a64ec0, FUTEX_WAKE_PRIVATE, 1) = 1 <0.000073>
15:14:24.483280 futex(0x55dd72ac7658, FUTEX_WAIT_BITSET_PRIVATE, 4294967295, {tv_sec=812534, tv_nsec=685434980}, FUTEX_BITSET_MATCH_ANY) = -1 ETIMEDOUT (Connection timed out) <0.025639>
15:14:24.509165 futex(0x55dd72ac7658, FUTEX_WAIT_BITSET_PRIVATE, 4294967295, {tv_sec=812534, tv_nsec=785691283}, FUTEX_BITSET_MATCH_ANY) = -1 ETIMEDOUT (Connection timed out) <0.099974>
15:14:24.609314 futex(0x55dd72ac7658, FUTEX_WAIT_BITSET_PRIVATE, 4294967295, {tv_sec=812534, tv_nsec=885866842}, FUTEX_BITSET_MATCH_ANY) = -1 ETIMEDOUT (Connection timed out) <0.099999>
15:14:24.709502 futex(0x55dd72ac7658, FUTEX_WAIT_BITSET_PRIVATE, 4294967295, {tv_sec=812534, tv_nsec=986071750}, FUTEX_BITSET_MATCH_ANY) = 0 <0.073141>
15:14:24.782772 futex(0x55dd72a64d68, FUTEX_WAKE_PRIVATE, 1) = 1 <0.000035>
15:14:24.782910 futex(0x55dd72ac7658, FUTEX_WAIT_BITSET_PRIVATE, 4294967295, {tv_sec=812534, tv_nsec=986071654}, FUTEX_BITSET_MATCH_ANY) = -1 ETIMEDOUT (Connection timed out) <0.026631>
15:14:24.809770 futex(0x55dd72ac7658, FUTEX_WAIT_BITSET_PRIVATE, 4294967295, {tv_sec=812535, tv_nsec=86296994}, FUTEX_BITSET_MATCH_ANY) = -1 ETIMEDOUT (Connection timed out) <0.100033>
15:14:24.910072 futex(0x55dd72ac7658, FUTEX_WAIT_BITSET_PRIVATE, 4294967295, {tv_sec=812535, tv_nsec=186593321}, FUTEX_BITSET_MATCH_ANY) = -1 ETIMEDOUT (Connection timed out) <0.099973>
15:14:25.010312 futex(0x55dd72ac7658, FUTEX_WAIT_BITSET_PRIVATE, 4294967295, {tv_sec=812535, tv_nsec=286806157}, FUTEX_BITSET_MATCH_ANY) = 0 <0.072917>
15:14:25.083378 futex(0x55dd72a64d68, FUTEX_WAKE_PRIVATE, 1) = 1 <0.000042>
15:14:25.083535 futex(0x55dd72ac7658, FUTEX_WAIT_BITSET_PRIVATE, 4294967295, {tv_sec=812535, tv_nsec=286805439}, FUTEX_BITSET_MATCH_ANY) = -1 ETIMEDOUT (Connection timed out) <0.026695>
15:14:25.110367 futex(0x55dd72ac7658, FUTEX_WAIT_BITSET_PRIVATE, 4294967295, {tv_sec=812535, tv_nsec=386949869}, FUTEX_BITSET_MATCH_ANY) = -1 ETIMEDOUT (Connection timed out) <0.100021>
15:14:25.210548 futex(0x55dd72ac7658, FUTEX_WAIT_BITSET_PRIVATE, 4294967295, {tv_sec=812535, tv_nsec=487109025}, FUTEX_BITSET_MATCH_ANY) = -1 ETIMEDOUT (Connection timed out) <0.099995>
15:14:25.310734 futex(0x55dd72ac7658, FUTEX_WAIT_BITSET_PRIVATE, 4294967295, {tv_sec=812535, tv_nsec=587292860}, FUTEX_BITSET_MATCH_ANY) = 0 <0.072612>
15:14:25.383496 futex(0x55dd72a64d68, FUTEX_WAKE_PRIVATE, 1) = 1 <0.000043>
15:14:25.383672 futex(0x55dd72ac7658, FUTEX_WAIT_BITSET_PRIVATE, 4294967295, {tv_sec=812535, tv_nsec=587293206}, FUTEX_BITSET_MATCH_ANY) = -1 ETIMEDOUT (Connection timed out) <0.027052>
15:14:25.410846 futex(0x55dd72ac7658, FUTEX_WAIT_BITSET_PRIVATE, 4294967295, {tv_sec=812535, tv_nsec=687431534}, FUTEX_BITSET_MATCH_ANY) = -1 ETIMEDOUT (Connection timed out) <0.100046>
15:14:25.511064 futex(0x55dd72ac7658, FUTEX_WAIT_BITSET_PRIVATE, 4294967295, {tv_sec=812535, tv_nsec=787628974}, FUTEX_BITSET_MATCH_ANY) = -1 ETIMEDOUT (Connection timed out) <0.099601>
15:14:25.611201 futex(0x55dd72ac7658, FUTEX_WAIT_BITSET_PRIVATE, 4294967295, {tv_sec=812535, tv_nsec=887772166}, FUTEX_BITSET_MATCH_ANY <detached ...>
