[2026-09-27T13:25:25Z INFO  tape_rs::daemon::net] 节点间通信监听 127.0.0.1:17720
[2026-09-27T13:25:25Z INFO  tape_rs::daemon::http] 客户端接口监听 127.0.0.1:17721
[2026-09-27T13:25:25Z INFO  raft::raft] switched to configuration, raft_id: 3, config: Configuration { voters: Configuration { incoming: Configuration { voters: {1, 2, 3} }, outgoing: Configuration { voters: {} } }, learners: {}, learners_next: {}, auto_leave: false }
[2026-09-27T13:25:25Z INFO  raft::raft] became follower at term 0, raft_id: 3, term: 0
[2026-09-27T13:25:25Z INFO  raft::raft] newRaft, raft_id: 3, peers: Configuration { incoming: Configuration { voters: {1, 2, 3} }, outgoing: Configuration { voters: {} } }, last term: 0, last index: 0, applied: 0, commit: 0, term: 0
[2026-09-27T13:25:25Z INFO  raft::raw_node] RawNode created with id 3., raft_id: 3, id: 3
[2026-09-27T13:25:26Z INFO  raft::raft] starting a new election, raft_id: 3, term: 0
[2026-09-27T13:25:26Z INFO  raft::raft] became pre-candidate at term 0, raft_id: 3, term: 0
[2026-09-27T13:25:26Z INFO  raft::raft] broadcasting vote request, raft_id: 3, to: [1, 2], log_index: 0, log_term: 0, term: 0, type: MsgRequestPreVote
[2026-09-27T13:25:26Z INFO  raft::raft] received votes response, raft_id: 3, term: 0, type: MsgRequestPreVoteResponse, approvals: 2, rejections: 0, from: 1, vote: true
[2026-09-27T13:25:26Z INFO  raft::raft] became candidate at term 1, raft_id: 3, term: 1
[2026-09-27T13:25:26Z INFO  raft::raft] broadcasting vote request, raft_id: 3, to: [1, 2], log_index: 0, log_term: 0, term: 1, type: MsgRequestVote
[2026-09-27T13:25:26Z INFO  raft::raft] received votes response, raft_id: 3, term: 1, type: MsgRequestVoteResponse, approvals: 2, rejections: 0, from: 1, vote: true
[2026-09-27T13:25:26Z INFO  raft::raft] became leader at term 1, raft_id: 3, term: 1
[2026-09-27T13:25:26Z INFO  tape_rs::daemon::node] 本节点成为执行者，轮次 2（任期 1）
[2026-09-27T13:25:26Z DEBUG tape_rs::scsi::device] 打开 SCSI 设备: /dev/sg0
[2026-09-27T13:25:26Z WARN  tape_rs::scsi::device] /dev/sg0: SG 预留缓冲 262144 字节，小于申请的 1048576，大请求使用间接分配
[2026-09-27T13:25:26Z DEBUG tape_rs::scsi::device] SG_IO: device=/dev/sg0 cdb=[12, 01, 80, 00, fc, 00] bytes=252 wall_us=78 duration_ms=0 result=Ok(0) status=0x0 host=0x0 driver=0x0 resid=0 info=0x0 sense=[]
[2026-09-27T13:25:26Z DEBUG tape_rs::scsi::device] SCSI 命令完成: cdb=[12, 01, 80, 00, fc, 00], status=0x00, transferred=252, duration=0ms, info=0x0, sense=[NO SENSE] ASC=0x00 ASCQ=0x00
[2026-09-27T13:25:26Z DEBUG tape_rs::scsi::device] 打开 SCSI 设备: /dev/sg1
[2026-09-27T13:25:26Z WARN  tape_rs::scsi::device] /dev/sg1: SG 预留缓冲 262144 字节，小于申请的 1048576，大请求使用间接分配
[2026-09-27T13:25:26Z DEBUG tape_rs::scsi::device] SG_IO: device=/dev/sg1 cdb=[12, 01, 80, 00, fc, 00] bytes=252 wall_us=80 duration_ms=0 result=Ok(0) status=0x0 host=0x0 driver=0x0 resid=0 info=0x0 sense=[]
[2026-09-27T13:25:26Z DEBUG tape_rs::scsi::device] SCSI 命令完成: cdb=[12, 01, 80, 00, fc, 00], status=0x00, transferred=252, duration=0ms, info=0x0, sense=[NO SENSE] ASC=0x00 ASCQ=0x00
[2026-09-27T13:25:26Z DEBUG tape_rs::scsi::device] 打开 SCSI 设备: /dev/sg2
[2026-09-27T13:25:26Z WARN  tape_rs::scsi::device] /dev/sg2: SG 预留缓冲 122880 字节，小于申请的 1048576，大请求使用间接分配
[2026-09-27T13:25:26Z DEBUG tape_rs::scsi::device] SG_IO: device=/dev/sg2 cdb=[12, 01, 80, 00, fc, 00] bytes=252 wall_us=507 duration_ms=0 result=Ok(0) status=0x2 host=0x0 driver=0x8 resid=252 info=0x1 sense=[f0, 00, 05, 00, 00, 00, 00, 0a, 00, 00, 00, 00, 24, 00, 00, 00, 00, 00]
[2026-09-27T13:25:26Z DEBUG tape_rs::scsi::device] SCSI 命令完成: cdb=[12, 01, 80, 00, fc, 00], status=0x02, transferred=0, duration=0ms, info=0x1, sense=[ILLEGAL REQUEST] ASC=0x24 ASCQ=0x00
[2026-09-27T13:25:26Z DEBUG tape_rs::scsi::device] 打开 SCSI 设备: /dev/sg3
[2026-09-27T13:25:26Z DEBUG tape_rs::scsi::device] /dev/sg3: SG 预留缓冲 1048576 字节
[2026-09-27T13:25:26Z DEBUG tape_rs::scsi::device] SG_IO: device=/dev/sg3 cdb=[12, 01, 80, 00, fc, 00] bytes=252 wall_us=561 duration_ms=0 result=Ok(0) status=0x0 host=0x0 driver=0x0 resid=238 info=0x0 sense=[]
[2026-09-27T13:25:26Z DEBUG tape_rs::scsi::device] SCSI 命令完成: cdb=[12, 01, 80, 00, fc, 00], status=0x00, transferred=14, duration=0ms, info=0x0, sense=[NO SENSE] ASC=0x00 ASCQ=0x00
[2026-09-27T13:25:26Z DEBUG tape_rs::scsi::device] 打开 SCSI 设备: /dev/sg4
[2026-09-27T13:25:26Z DEBUG tape_rs::scsi::device] /dev/sg4: SG 预留缓冲 1048576 字节
[2026-09-27T13:25:26Z DEBUG tape_rs::scsi::device] SG_IO: device=/dev/sg4 cdb=[12, 01, 80, 00, fc, 00] bytes=252 wall_us=471 duration_ms=1 result=Ok(0) status=0x0 host=0x0 driver=0x0 resid=238 info=0x0 sense=[]
[2026-09-27T13:25:26Z DEBUG tape_rs::scsi::device] SCSI 命令完成: cdb=[12, 01, 80, 00, fc, 00], status=0x00, transferred=14, duration=1ms, info=0x0, sense=[NO SENSE] ASC=0x00 ASCQ=0x00
[2026-09-27T13:25:26Z DEBUG tape_rs::scsi::device] 打开 SCSI 设备: /dev/sg5
[2026-09-27T13:25:26Z DEBUG tape_rs::scsi::device] /dev/sg5: SG 预留缓冲 1048576 字节
[2026-09-27T13:25:26Z DEBUG tape_rs::scsi::device] SG_IO: device=/dev/sg5 cdb=[12, 01, 80, 00, fc, 00] bytes=252 wall_us=612 duration_ms=0 result=Ok(0) status=0x0 host=0x0 driver=0x0 resid=232 info=0x0 sense=[]
[2026-09-27T13:25:26Z DEBUG tape_rs::scsi::device] SCSI 命令完成: cdb=[12, 01, 80, 00, fc, 00], status=0x00, transferred=20, duration=0ms, info=0x0, sense=[NO SENSE] ASC=0x00 ASCQ=0x00
[2026-09-27T13:25:26Z DEBUG tape_rs::scsi::device] 打开 SCSI 设备: /dev/sg6
[2026-09-27T13:25:26Z DEBUG tape_rs::scsi::device] /dev/sg6: SG 预留缓冲 1048576 字节
[2026-09-27T13:25:26Z DEBUG tape_rs::scsi::device] SG_IO: device=/dev/sg6 cdb=[12, 01, 80, 00, fc, 00] bytes=252 wall_us=520 duration_ms=0 result=Ok(0) status=0x0 host=0x0 driver=0x0 resid=232 info=0x0 sense=[]
[2026-09-27T13:25:26Z DEBUG tape_rs::scsi::device] SCSI 命令完成: cdb=[12, 01, 80, 00, fc, 00], status=0x00, transferred=20, duration=0ms, info=0x0, sense=[NO SENSE] ASC=0x00 ASCQ=0x00
[2026-09-27T13:25:26Z DEBUG tape_rs::scsi::device] SG_IO: device=/dev/sg3 cdb=[5e, 00, 00, 00, 00, 00, 00, 04, 00, 00] bytes=1024 wall_us=608 duration_ms=1 result=Ok(0) status=0x0 host=0x0 driver=0x0 resid=1016 info=0x0 sense=[]
[2026-09-27T13:25:26Z DEBUG tape_rs::scsi::device] SCSI 命令完成: cdb=[5e, 00, 00, 00, 00, 00, 00, 04, 00, 00], status=0x00, transferred=8, duration=1ms, info=0x0, sense=[NO SENSE] ASC=0x00 ASCQ=0x00
[2026-09-27T13:25:26Z DEBUG tape_rs::scsi::device] SG_IO: device=/dev/sg3 cdb=[5e, 01, 00, 00, 00, 00, 00, 04, 00, 00] bytes=1024 wall_us=692 duration_ms=0 result=Ok(0) status=0x0 host=0x0 driver=0x0 resid=1016 info=0x0 sense=[]
[2026-09-27T13:25:26Z DEBUG tape_rs::scsi::device] SCSI 命令完成: cdb=[5e, 01, 00, 00, 00, 00, 00, 04, 00, 00], status=0x00, transferred=8, duration=0ms, info=0x0, sense=[NO SENSE] ASC=0x00 ASCQ=0x00
[2026-09-27T13:25:26Z INFO  tape_rs::scsi::reservation] /dev/sg3: 预留现状 generation=20 keys=[] holder=None
[2026-09-27T13:25:26Z DEBUG tape_rs::scsi::device] SG_IO: device=/dev/sg3 cdb=[5f, 06, 00, 00, 00, 00, 00, 00, 18, 00] bytes=24 wall_us=765 duration_ms=1 result=Ok(0) status=0x0 host=0x0 driver=0x0 resid=0 info=0x0 sense=[]
[2026-09-27T13:25:26Z DEBUG tape_rs::scsi::device] SCSI 命令完成: cdb=[5f, 06, 00, 00, 00, 00, 00, 00, 18, 00], status=0x00, transferred=24, duration=1ms, info=0x0, sense=[NO SENSE] ASC=0x00 ASCQ=0x00
[2026-09-27T13:25:26Z DEBUG tape_rs::scsi::device] SG_IO: device=/dev/sg3 cdb=[5e, 00, 00, 00, 00, 00, 00, 04, 00, 00] bytes=1024 wall_us=631 duration_ms=1 result=Ok(0) status=0x0 host=0x0 driver=0x0 resid=1008 info=0x0 sense=[]
[2026-09-27T13:25:26Z DEBUG tape_rs::scsi::device] SCSI 命令完成: cdb=[5e, 00, 00, 00, 00, 00, 00, 04, 00, 00], status=0x00, transferred=16, duration=1ms, info=0x0, sense=[NO SENSE] ASC=0x00 ASCQ=0x00
[2026-09-27T13:25:26Z DEBUG tape_rs::scsi::device] SG_IO: device=/dev/sg3 cdb=[5e, 01, 00, 00, 00, 00, 00, 04, 00, 00] bytes=1024 wall_us=690 duration_ms=1 result=Ok(0) status=0x0 host=0x0 driver=0x0 resid=1016 info=0x0 sense=[]
[2026-09-27T13:25:26Z DEBUG tape_rs::scsi::device] SCSI 命令完成: cdb=[5e, 01, 00, 00, 00, 00, 00, 04, 00, 00], status=0x00, transferred=8, duration=1ms, info=0x0, sense=[NO SENSE] ASC=0x00 ASCQ=0x00
[2026-09-27T13:25:26Z DEBUG tape_rs::scsi::device] SG_IO: device=/dev/sg3 cdb=[5f, 01, 03, 00, 00, 00, 00, 00, 18, 00] bytes=24 wall_us=766 duration_ms=0 result=Ok(0) status=0x0 host=0x0 driver=0x0 resid=0 info=0x0 sense=[]
[2026-09-27T13:25:26Z DEBUG tape_rs::scsi::device] SCSI 命令完成: cdb=[5f, 01, 03, 00, 00, 00, 00, 00, 18, 00], status=0x00, transferred=24, duration=0ms, info=0x0, sense=[NO SENSE] ASC=0x00 ASCQ=0x00
[2026-09-27T13:25:26Z DEBUG tape_rs::scsi::device] SG_IO: device=/dev/sg3 cdb=[5e, 00, 00, 00, 00, 00, 00, 04, 00, 00] bytes=1024 wall_us=629 duration_ms=1 result=Ok(0) status=0x0 host=0x0 driver=0x0 resid=1008 info=0x0 sense=[]
[2026-09-27T13:25:26Z DEBUG tape_rs::scsi::device] SCSI 命令完成: cdb=[5e, 00, 00, 00, 00, 00, 00, 04, 00, 00], status=0x00, transferred=16, duration=1ms, info=0x0, sense=[NO SENSE] ASC=0x00 ASCQ=0x00
[2026-09-27T13:25:26Z DEBUG tape_rs::scsi::device] SG_IO: device=/dev/sg3 cdb=[5e, 01, 00, 00, 00, 00, 00, 04, 00, 00] bytes=1024 wall_us=696 duration_ms=1 result=Ok(0) status=0x0 host=0x0 driver=0x0 resid=1000 info=0x0 sense=[]
[2026-09-27T13:25:26Z DEBUG tape_rs::scsi::device] SCSI 命令完成: cdb=[5e, 01, 00, 00, 00, 00, 00, 04, 00, 00], status=0x00, transferred=24, duration=1ms, info=0x0, sense=[NO SENSE] ASC=0x00 ASCQ=0x00
[2026-09-27T13:25:26Z INFO  tape_rs::daemon::executor] 执行线程: 11EB4A80F1 (/dev/sg3) 已隔离（原持有者 None）
[2026-09-27T13:25:26Z DEBUG tape_rs::scsi::device] SG_IO: device=/dev/sg5 cdb=[5e, 00, 00, 00, 00, 00, 00, 04, 00, 00] bytes=1024 wall_us=678 duration_ms=0 result=Ok(0) status=0x0 host=0x0 driver=0x0 resid=1016 info=0x0 sense=[]
[2026-09-27T13:25:26Z DEBUG tape_rs::scsi::device] SCSI 命令完成: cdb=[5e, 00, 00, 00, 00, 00, 00, 04, 00, 00], status=0x00, transferred=8, duration=0ms, info=0x0, sense=[NO SENSE] ASC=0x00 ASCQ=0x00
[2026-09-27T13:25:26Z DEBUG tape_rs::scsi::device] SG_IO: device=/dev/sg5 cdb=[5e, 01, 00, 00, 00, 00, 00, 04, 00, 00] bytes=1024 wall_us=578 duration_ms=1 result=Ok(0) status=0x0 host=0x0 driver=0x0 resid=1016 info=0x0 sense=[]
[2026-09-27T13:25:26Z DEBUG tape_rs::scsi::device] SCSI 命令完成: cdb=[5e, 01, 00, 00, 00, 00, 00, 04, 00, 00], status=0x00, transferred=8, duration=1ms, info=0x0, sense=[NO SENSE] ASC=0x00 ASCQ=0x00
[2026-09-27T13:25:26Z INFO  tape_rs::scsi::reservation] /dev/sg5: 预留现状 generation=20 keys=[] holder=None
[2026-09-27T13:25:26Z DEBUG tape_rs::scsi::device] SG_IO: device=/dev/sg5 cdb=[5f, 06, 00, 00, 00, 00, 00, 00, 18, 00] bytes=24 wall_us=751 duration_ms=1 result=Ok(0) status=0x0 host=0x0 driver=0x0 resid=0 info=0x0 sense=[]
[2026-09-27T13:25:26Z DEBUG tape_rs::scsi::device] SCSI 命令完成: cdb=[5f, 06, 00, 00, 00, 00, 00, 00, 18, 00], status=0x00, transferred=24, duration=1ms, info=0x0, sense=[NO SENSE] ASC=0x00 ASCQ=0x00
[2026-09-27T13:25:26Z DEBUG tape_rs::scsi::device] SG_IO: device=/dev/sg5 cdb=[5e, 00, 00, 00, 00, 00, 00, 04, 00, 00] bytes=1024 wall_us=703 duration_ms=0 result=Ok(0) status=0x0 host=0x0 driver=0x0 resid=1008 info=0x0 sense=[]
[2026-09-27T13:25:26Z DEBUG tape_rs::scsi::device] SCSI 命令完成: cdb=[5e, 00, 00, 00, 00, 00, 00, 04, 00, 00], status=0x00, transferred=16, duration=0ms, info=0x0, sense=[NO SENSE] ASC=0x00 ASCQ=0x00
[2026-09-27T13:25:26Z DEBUG tape_rs::scsi::device] SG_IO: device=/dev/sg5 cdb=[5e, 01, 00, 00, 00, 00, 00, 04, 00, 00] bytes=1024 wall_us=583 duration_ms=1 result=Ok(0) status=0x0 host=0x0 driver=0x0 resid=1016 info=0x0 sense=[]
[2026-09-27T13:25:26Z DEBUG tape_rs::scsi::device] SCSI 命令完成: cdb=[5e, 01, 00, 00, 00, 00, 00, 04, 00, 00], status=0x00, transferred=8, duration=1ms, info=0x0, sense=[NO SENSE] ASC=0x00 ASCQ=0x00
[2026-09-27T13:25:26Z DEBUG tape_rs::scsi::device] SG_IO: device=/dev/sg5 cdb=[5f, 01, 03, 00, 00, 00, 00, 00, 18, 00] bytes=24 wall_us=758 duration_ms=1 result=Ok(0) status=0x0 host=0x0 driver=0x0 resid=0 info=0x0 sense=[]
[2026-09-27T13:25:26Z DEBUG tape_rs::scsi::device] SCSI 命令完成: cdb=[5f, 01, 03, 00, 00, 00, 00, 00, 18, 00], status=0x00, transferred=24, duration=1ms, info=0x0, sense=[NO SENSE] ASC=0x00 ASCQ=0x00
[2026-09-27T13:25:26Z DEBUG tape_rs::scsi::device] SG_IO: device=/dev/sg5 cdb=[5e, 00, 00, 00, 00, 00, 00, 04, 00, 00] bytes=1024 wall_us=714 duration_ms=1 result=Ok(0) status=0x0 host=0x0 driver=0x0 resid=1008 info=0x0 sense=[]
[2026-09-27T13:25:26Z DEBUG tape_rs::scsi::device] SCSI 命令完成: cdb=[5e, 00, 00, 00, 00, 00, 00, 04, 00, 00], status=0x00, transferred=16, duration=1ms, info=0x0, sense=[NO SENSE] ASC=0x00 ASCQ=0x00
[2026-09-27T13:25:26Z DEBUG tape_rs::scsi::device] SG_IO: device=/dev/sg5 cdb=[5e, 01, 00, 00, 00, 00, 00, 04, 00, 00] bytes=1024 wall_us=592 duration_ms=0 result=Ok(0) status=0x0 host=0x0 driver=0x0 resid=1000 info=0x0 sense=[]
[2026-09-27T13:25:26Z DEBUG tape_rs::scsi::device] SCSI 命令完成: cdb=[5e, 01, 00, 00, 00, 00, 00, 04, 00, 00], status=0x00, transferred=24, duration=0ms, info=0x0, sense=[NO SENSE] ASC=0x00 ASCQ=0x00
[2026-09-27T13:25:26Z INFO  tape_rs::daemon::executor] 执行线程: 55L3A7802K19LL01 (/dev/sg5) 已隔离（原持有者 None）
[2026-09-27T13:25:26Z DEBUG tape_rs::scsi::device] SG_IO: device=/dev/sg5 cdb=[5a, 00, 1d, 00, 00, 00, 00, 00, ff, 00] bytes=255 wall_us=23554 duration_ms=23 result=Ok(0) status=0x0 host=0x0 driver=0x0 resid=219 info=0x0 sense=[]
[2026-09-27T13:25:26Z DEBUG tape_rs::scsi::device] SCSI 命令完成: cdb=[5a, 00, 1d, 00, 00, 00, 00, 00, ff, 00], status=0x00, transferred=36, duration=23ms, info=0x0, sense=[NO SENSE] ASC=0x00 ASCQ=0x00
[2026-09-27T13:25:26Z DEBUG tape_rs::scsi::device] SG_IO: device=/dev/sg5 cdb=[b8, 10, 00, 00, 00, 2a, 01, 00, 1f, c8, 00, 00] bytes=8136 wall_us=81513 duration_ms=82 result=Ok(0) status=0x0 host=0x0 driver=0x0 resid=5878 info=0x0 sense=[]
[2026-09-27T13:25:26Z DEBUG tape_rs::scsi::device] SCSI 命令完成: cdb=[b8, 10, 00, 00, 00, 2a, 01, 00, 1f, c8, 00, 00], status=0x00, transferred=2258, duration=82ms, info=0x0, sense=[NO SENSE] ASC=0x00 ASCQ=0x00
[2026-09-27T13:25:26Z INFO  tape_rs::daemon::node] 轮次 2 开始服务：仅持有预留：池里没有已归属且可写的磁带
[2026-09-27T13:25:29Z DEBUG tape_rs::scsi::device] SG_IO: device=/dev/sg5 cdb=[5a, 00, 1d, 00, 00, 00, 00, 00, ff, 00] bytes=255 wall_us=22677 duration_ms=23 result=Ok(0) status=0x0 host=0x0 driver=0x0 resid=219 info=0x0 sense=[]
[2026-09-27T13:25:29Z DEBUG tape_rs::scsi::device] SCSI 命令完成: cdb=[5a, 00, 1d, 00, 00, 00, 00, 00, ff, 00], status=0x00, transferred=36, duration=23ms, info=0x0, sense=[NO SENSE] ASC=0x00 ASCQ=0x00
[2026-09-27T13:25:29Z DEBUG tape_rs::scsi::device] SG_IO: device=/dev/sg5 cdb=[b8, 10, 00, 00, 00, 2a, 01, 00, 1f, c8, 00, 00] bytes=8136 wall_us=87178 duration_ms=87 result=Ok(0) status=0x0 host=0x0 driver=0x0 resid=5878 info=0x0 sense=[]
[2026-09-27T13:25:29Z DEBUG tape_rs::scsi::device] SCSI 命令完成: cdb=[b8, 10, 00, 00, 00, 2a, 01, 00, 1f, c8, 00, 00], status=0x00, transferred=2258, duration=87ms, info=0x0, sense=[NO SENSE] ASC=0x00 ASCQ=0x00
[2026-09-27T13:25:29Z INFO  tape_rs::daemon::executor] 执行线程: 装载 RC0018L9 (槽位 0x03ef) -> 驱动器 11EB4A80F1 (/dev/sg3)
[2026-09-27T13:25:29Z DEBUG tape_rs::scsi::device] SG_IO: device=/dev/sg5 cdb=[5a, 00, 1d, 00, 00, 00, 00, 00, ff, 00] bytes=255 wall_us=76077 duration_ms=76 result=Ok(0) status=0x0 host=0x0 driver=0x0 resid=219 info=0x0 sense=[]
[2026-09-27T13:25:29Z DEBUG tape_rs::scsi::device] SCSI 命令完成: cdb=[5a, 00, 1d, 00, 00, 00, 00, 00, ff, 00], status=0x00, transferred=36, duration=76ms, info=0x0, sense=[NO SENSE] ASC=0x00 ASCQ=0x00
[2026-09-27T13:25:29Z INFO  tape_rs::changer::commands] 移动介质: 从 0x03ef 到 0x0001
[2026-09-27T13:25:55Z DEBUG tape_rs::scsi::device] SG_IO: device=/dev/sg5 cdb=[a5, 00, 00, 00, 03, ef, 00, 01, 00, 00, 00, 00] bytes=0 wall_us=25907920 duration_ms=25908 result=Ok(0) status=0x0 host=0x0 driver=0x0 resid=0 info=0x0 sense=[]
[2026-09-27T13:25:55Z DEBUG tape_rs::scsi::device] SCSI 命令完成: cdb=[a5, 00, 00, 00, 03, ef, 00, 01, 00, 00, 00, 00], status=0x00, transferred=0, duration=25908ms, info=0x0, sense=[NO SENSE] ASC=0x00 ASCQ=0x00
[2026-09-27T13:25:55Z INFO  tape_rs::changer::commands] 移动完成
[2026-09-27T13:25:55Z DEBUG tape_rs::scsi::device] SG_IO: device=/dev/sg3 cdb=[00, 00, 00, 00, 00, 00] bytes=0 wall_us=1092 duration_ms=1 result=Ok(0) status=0x2 host=0x0 driver=0x8 resid=0 info=0x1 sense=[70, 00, 02, 00, 00, 00, 00, 58, 00, 00, 00, 00, 04, 01, 30, 00, 10, 11, 00, 00, 01, 00, 20, 20, 20, 20, 20, 20, 20, 00, 00, 00, 00, 00, 26, 00, 00, 00, 00, 26, c0, 00, 80, 00, 00, 00, 00, 00, 00, 00, 00, 00, 00, 00, 00, 00, 00, 00, 00, 00, 00, 00, 00, 00]
[2026-09-27T13:25:55Z DEBUG tape_rs::scsi::device] SCSI 命令完成: cdb=[00, 00, 00, 00, 00, 00], status=0x02, transferred=0, duration=1ms, info=0x1, sense=[NOT READY] ASC=0x04 ASCQ=0x01
[2026-09-27T13:25:56Z DEBUG tape_rs::scsi::device] SG_IO: device=/dev/sg3 cdb=[00, 00, 00, 00, 00, 00] bytes=0 wall_us=822 duration_ms=1 result=Ok(0) status=0x2 host=0x0 driver=0x8 resid=0 info=0x1 sense=[70, 00, 02, 00, 00, 00, 00, 58, 00, 00, 00, 00, 04, 01, 30, 00, 10, 11, 00, 00, 01, 00, 20, 20, 20, 20, 20, 20, 20, 00, 00, 00, 00, 00, 26, 00, 00, 00, 00, 26, c0, 00, 80, 00, 00, 00, 00, 00, 00, 00, 00, 00, 00, 00, 00, 00, 00, 00, 00, 00, 00, 00, 00, 00]
[2026-09-27T13:25:56Z DEBUG tape_rs::scsi::device] SCSI 命令完成: cdb=[00, 00, 00, 00, 00, 00], status=0x02, transferred=0, duration=1ms, info=0x1, sense=[NOT READY] ASC=0x04 ASCQ=0x01
[2026-09-27T13:25:56Z DEBUG tape_rs::scsi::device] SG_IO: device=/dev/sg3 cdb=[00, 00, 00, 00, 00, 00] bytes=0 wall_us=835 duration_ms=1 result=Ok(0) status=0x2 host=0x0 driver=0x8 resid=0 info=0x1 sense=[70, 00, 02, 00, 00, 00, 00, 58, 00, 00, 00, 00, 04, 01, 30, 00, 10, 11, 00, 00, 01, 00, 20, 20, 20, 20, 20, 20, 20, 00, 00, 00, 00, 00, 26, 00, 00, 00, 00, 26, c0, 00, 80, 00, 00, 00, 00, 00, 00, 00, 00, 00, 00, 00, 00, 00, 00, 00, 00, 00, 00, 00, 00, 00]
[2026-09-27T13:25:56Z DEBUG tape_rs::scsi::device] SCSI 命令完成: cdb=[00, 00, 00, 00, 00, 00], status=0x02, transferred=0, duration=1ms, info=0x1, sense=[NOT READY] ASC=0x04 ASCQ=0x01
[2026-09-27T13:25:56Z DEBUG tape_rs::scsi::device] SG_IO: device=/dev/sg3 cdb=[00, 00, 00, 00, 00, 00] bytes=0 wall_us=827 duration_ms=1 result=Ok(0) status=0x2 host=0x0 driver=0x8 resid=0 info=0x1 sense=[70, 00, 02, 00, 00, 00, 00, 58, 00, 00, 00, 00, 04, 01, 30, 00, 10, 11, 00, 00, 01, 00, 20, 20, 20, 20, 20, 20, 20, 00, 00, 00, 00, 00, 26, 00, 00, 00, 00, 26, c0, 00, 80, 00, 00, 00, 00, 00, 00, 00, 00, 00, 00, 00, 00, 00, 00, 00, 00, 00, 00, 00, 00, 00]
[2026-09-27T13:25:56Z DEBUG tape_rs::scsi::device] SCSI 命令完成: cdb=[00, 00, 00, 00, 00, 00], status=0x02, transferred=0, duration=1ms, info=0x1, sense=[NOT READY] ASC=0x04 ASCQ=0x01
[2026-09-27T13:25:56Z DEBUG tape_rs::scsi::device] SG_IO: device=/dev/sg3 cdb=[00, 00, 00, 00, 00, 00] bytes=0 wall_us=834 duration_ms=1 result=Ok(0) status=0x2 host=0x0 driver=0x8 resid=0 info=0x1 sense=[70, 00, 02, 00, 00, 00, 00, 58, 00, 00, 00, 00, 04, 01, 30, 00, 10, 11, 00, 00, 01, 00, 20, 20, 20, 20, 20, 20, 20, 00, 00, 00, 00, 00, 26, 00, 00, 00, 00, 26, c0, 00, 80, 00, 00, 00, 00, 00, 00, 00, 00, 00, 00, 00, 00, 00, 00, 00, 00, 00, 00, 00, 00, 00]
[2026-09-27T13:25:56Z DEBUG tape_rs::scsi::device] SCSI 命令完成: cdb=[00, 00, 00, 00, 00, 00], status=0x02, transferred=0, duration=1ms, info=0x1, sense=[NOT READY] ASC=0x04 ASCQ=0x01
[2026-09-27T13:25:56Z DEBUG tape_rs::scsi::device] SG_IO: device=/dev/sg3 cdb=[00, 00, 00, 00, 00, 00] bytes=0 wall_us=831 duration_ms=1 result=Ok(0) status=0x2 host=0x0 driver=0x8 resid=0 info=0x1 sense=[70, 00, 02, 00, 00, 00, 00, 58, 00, 00, 00, 00, 04, 01, 30, 00, 10, 11, 00, 00, 01, 00, 20, 20, 20, 20, 20, 20, 20, 00, 00, 00, 00, 00, 26, 00, 00, 00, 00, 26, c0, 00, 80, 00, 00, 00, 00, 00, 00, 00, 00, 00, 00, 00, 00, 00, 00, 00, 00, 00, 00, 00, 00, 00]
[2026-09-27T13:25:56Z DEBUG tape_rs::scsi::device] SCSI 命令完成: cdb=[00, 00, 00, 00, 00, 00], status=0x02, transferred=0, duration=1ms, info=0x1, sense=[NOT READY] ASC=0x04 ASCQ=0x01
[2026-09-27T13:25:57Z DEBUG tape_rs::scsi::device] SG_IO: device=/dev/sg3 cdb=[00, 00, 00, 00, 00, 00] bytes=0 wall_us=851 duration_ms=1 result=Ok(0) status=0x2 host=0x0 driver=0x8 resid=0 info=0x1 sense=[70, 00, 02, 00, 00, 00, 00, 58, 00, 00, 00, 00, 04, 01, 30, 00, 10, 11, 00, 00, 01, 00, 20, 20, 20, 20, 20, 20, 20, 00, 00, 00, 00, 00, 26, 00, 00, 00, 00, 26, c0, 00, 80, 00, 00, 00, 00, 00, 00, 00, 00, 00, 00, 00, 00, 00, 00, 00, 00, 00, 00, 00, 00, 00]
[2026-09-27T13:25:57Z DEBUG tape_rs::scsi::device] SCSI 命令完成: cdb=[00, 00, 00, 00, 00, 00], status=0x02, transferred=0, duration=1ms, info=0x1, sense=[NOT READY] ASC=0x04 ASCQ=0x01
[2026-09-27T13:25:57Z DEBUG tape_rs::scsi::device] SG_IO: device=/dev/sg3 cdb=[00, 00, 00, 00, 00, 00] bytes=0 wall_us=840 duration_ms=1 result=Ok(0) status=0x2 host=0x0 driver=0x8 resid=0 info=0x1 sense=[70, 00, 02, 00, 00, 00, 00, 58, 00, 00, 00, 00, 04, 01, 30, 00, 10, 11, 00, 00, 01, 00, 20, 20, 20, 20, 20, 20, 20, 00, 00, 00, 00, 00, 26, 00, 00, 00, 00, 26, c0, 00, 80, 00, 00, 00, 00, 00, 00, 00, 00, 00, 00, 00, 00, 00, 00, 00, 00, 00, 00, 00, 00, 00]
[2026-09-27T13:25:57Z DEBUG tape_rs::scsi::device] SCSI 命令完成: cdb=[00, 00, 00, 00, 00, 00], status=0x02, transferred=0, duration=1ms, info=0x1, sense=[NOT READY] ASC=0x04 ASCQ=0x01
[2026-09-27T13:25:57Z DEBUG tape_rs::scsi::device] SG_IO: device=/dev/sg3 cdb=[00, 00, 00, 00, 00, 00] bytes=0 wall_us=847 duration_ms=1 result=Ok(0) status=0x2 host=0x0 driver=0x8 resid=0 info=0x1 sense=[70, 00, 02, 00, 00, 00, 00, 58, 00, 00, 00, 00, 04, 01, 30, 00, 10, 11, 00, 00, 01, 00, 20, 20, 20, 20, 20, 20, 20, 00, 00, 00, 00, 00, 26, 00, 00, 00, 00, 26, c0, 00, 80, 00, 00, 00, 00, 00, 00, 00, 00, 00, 00, 00, 00, 00, 00, 00, 00, 00, 00, 00, 00, 00]
[2026-09-27T13:25:57Z DEBUG tape_rs::scsi::device] SCSI 命令完成: cdb=[00, 00, 00, 00, 00, 00], status=0x02, transferred=0, duration=1ms, info=0x1, sense=[NOT READY] ASC=0x04 ASCQ=0x01
[2026-09-27T13:25:57Z DEBUG tape_rs::scsi::device] SG_IO: device=/dev/sg3 cdb=[00, 00, 00, 00, 00, 00] bytes=0 wall_us=737 duration_ms=0 result=Ok(0) status=0x2 host=0x0 driver=0x8 resid=0 info=0x1 sense=[70, 00, 02, 00, 00, 00, 00, 58, 00, 00, 00, 00, 04, 01, 30, 00, 10, 11, 00, 00, 01, 00, 20, 20, 20, 20, 20, 20, 20, 00, 00, 00, 00, 00, 26, 00, 00, 00, 00, 26, c0, 00, 80, 00, 00, 00, 00, 00, 00, 00, 00, 00, 00, 00, 00, 00, 00, 00, 00, 00, 00, 00, 00, 00]
[2026-09-27T13:25:57Z DEBUG tape_rs::scsi::device] SCSI 命令完成: cdb=[00, 00, 00, 00, 00, 00], status=0x02, transferred=0, duration=0ms, info=0x1, sense=[NOT READY] ASC=0x04 ASCQ=0x01
[2026-09-27T13:25:57Z DEBUG tape_rs::scsi::device] SG_IO: device=/dev/sg3 cdb=[00, 00, 00, 00, 00, 00] bytes=0 wall_us=778 duration_ms=1 result=Ok(0) status=0x2 host=0x0 driver=0x8 resid=0 info=0x1 sense=[70, 00, 02, 00, 00, 00, 00, 58, 00, 00, 00, 00, 04, 01, 30, 00, 10, 11, 00, 00, 01, 00, 20, 20, 20, 20, 20, 20, 20, 00, 00, 00, 00, 00, 26, 00, 00, 00, 00, 26, c0, 00, 80, 00, 00, 00, 00, 00, 00, 00, 00, 00, 00, 00, 00, 00, 00, 00, 00, 00, 00, 00, 00, 00]
[2026-09-27T13:25:57Z DEBUG tape_rs::scsi::device] SCSI 命令完成: cdb=[00, 00, 00, 00, 00, 00], status=0x02, transferred=0, duration=1ms, info=0x1, sense=[NOT READY] ASC=0x04 ASCQ=0x01
[2026-09-27T13:25:58Z DEBUG tape_rs::scsi::device] SG_IO: device=/dev/sg3 cdb=[00, 00, 00, 00, 00, 00] bytes=0 wall_us=811 duration_ms=1 result=Ok(0) status=0x2 host=0x0 driver=0x8 resid=0 info=0x1 sense=[70, 00, 02, 00, 00, 00, 00, 58, 00, 00, 00, 00, 04, 01, 30, 00, 10, 11, 00, 00, 01, 00, 20, 20, 20, 20, 20, 20, 20, 00, 00, 00, 00, 00, 26, 00, 00, 00, 00, 26, c0, 00, 80, 00, 00, 00, 00, 00, 00, 00, 00, 00, 00, 00, 00, 00, 00, 00, 00, 00, 00, 00, 00, 00]
[2026-09-27T13:25:58Z DEBUG tape_rs::scsi::device] SCSI 命令完成: cdb=[00, 00, 00, 00, 00, 00], status=0x02, transferred=0, duration=1ms, info=0x1, sense=[NOT READY] ASC=0x04 ASCQ=0x01
[2026-09-27T13:25:58Z DEBUG tape_rs::scsi::device] SG_IO: device=/dev/sg3 cdb=[00, 00, 00, 00, 00, 00] bytes=0 wall_us=816 duration_ms=1 result=Ok(0) status=0x2 host=0x0 driver=0x8 resid=0 info=0x1 sense=[70, 00, 02, 00, 00, 00, 00, 58, 00, 00, 00, 00, 04, 01, 30, 00, 10, 11, 00, 00, 01, 00, 20, 20, 20, 20, 20, 20, 20, 00, 00, 00, 00, 00, 26, 00, 00, 00, 00, 26, c0, 00, 80, 00, 00, 00, 00, 00, 00, 00, 00, 00, 00, 00, 00, 00, 00, 00, 00, 00, 00, 00, 00, 00]
[2026-09-27T13:25:58Z DEBUG tape_rs::scsi::device] SCSI 命令完成: cdb=[00, 00, 00, 00, 00, 00], status=0x02, transferred=0, duration=1ms, info=0x1, sense=[NOT READY] ASC=0x04 ASCQ=0x01
[2026-09-27T13:25:58Z DEBUG tape_rs::scsi::device] SG_IO: device=/dev/sg3 cdb=[00, 00, 00, 00, 00, 00] bytes=0 wall_us=845 duration_ms=1 result=Ok(0) status=0x2 host=0x0 driver=0x8 resid=0 info=0x1 sense=[70, 00, 02, 00, 00, 00, 00, 58, 00, 00, 00, 00, 04, 01, 30, 00, 10, 11, 00, 00, 01, 00, 20, 20, 20, 20, 20, 20, 20, 00, 00, 00, 00, 00, 26, 00, 00, 00, 00, 26, c0, 00, 80, 00, 00, 00, 00, 00, 00, 00, 00, 00, 00, 00, 00, 00, 00, 00, 00, 00, 00, 00, 00, 00]
[2026-09-27T13:25:58Z DEBUG tape_rs::scsi::device] SCSI 命令完成: cdb=[00, 00, 00, 00, 00, 00], status=0x02, transferred=0, duration=1ms, info=0x1, sense=[NOT READY] ASC=0x04 ASCQ=0x01
[2026-09-27T13:25:58Z DEBUG tape_rs::scsi::device] SG_IO: device=/dev/sg3 cdb=[00, 00, 00, 00, 00, 00] bytes=0 wall_us=836 duration_ms=1 result=Ok(0) status=0x2 host=0x0 driver=0x8 resid=0 info=0x1 sense=[70, 00, 02, 00, 00, 00, 00, 58, 00, 00, 00, 00, 04, 01, 30, 00, 10, 11, 00, 00, 01, 00, 20, 20, 20, 20, 20, 20, 20, 00, 00, 00, 00, 00, 26, 00, 00, 00, 00, 26, c0, 00, 80, 00, 00, 00, 00, 00, 00, 00, 00, 00, 00, 00, 00, 00, 00, 00, 00, 00, 00, 00, 00, 00]
[2026-09-27T13:25:58Z DEBUG tape_rs::scsi::device] SCSI 命令完成: cdb=[00, 00, 00, 00, 00, 00], status=0x02, transferred=0, duration=1ms, info=0x1, sense=[NOT READY] ASC=0x04 ASCQ=0x01
[2026-09-27T13:25:58Z DEBUG tape_rs::scsi::device] SG_IO: device=/dev/sg3 cdb=[00, 00, 00, 00, 00, 00] bytes=0 wall_us=831 duration_ms=1 result=Ok(0) status=0x2 host=0x0 driver=0x8 resid=0 info=0x1 sense=[70, 00, 02, 00, 00, 00, 00, 58, 00, 00, 00, 00, 04, 01, 30, 00, 10, 11, 00, 00, 01, 00, 20, 20, 20, 20, 20, 20, 20, 00, 00, 00, 00, 00, 26, 00, 00, 00, 00, 26, c0, 00, 80, 00, 00, 00, 00, 00, 00, 00, 00, 00, 00, 00, 00, 00, 00, 00, 00, 00, 00, 00, 00, 00]
[2026-09-27T13:25:58Z DEBUG tape_rs::scsi::device] SCSI 命令完成: cdb=[00, 00, 00, 00, 00, 00], status=0x02, transferred=0, duration=1ms, info=0x1, sense=[NOT READY] ASC=0x04 ASCQ=0x01
[2026-09-27T13:25:59Z DEBUG tape_rs::scsi::device] SG_IO: device=/dev/sg3 cdb=[00, 00, 00, 00, 00, 00] bytes=0 wall_us=865 duration_ms=1 result=Ok(0) status=0x2 host=0x0 driver=0x8 resid=0 info=0x1 sense=[70, 00, 02, 00, 00, 00, 00, 58, 00, 00, 00, 00, 04, 01, 30, 00, 10, 11, 00, 00, 01, 00, 20, 20, 20, 20, 20, 20, 20, 00, 00, 00, 00, 00, 26, 00, 00, 00, 00, 26, c0, 00, 80, 00, 00, 00, 00, 00, 00, 00, 00, 00, 00, 00, 00, 00, 00, 00, 00, 00, 00, 00, 00, 00]
[2026-09-27T13:25:59Z DEBUG tape_rs::scsi::device] SCSI 命令完成: cdb=[00, 00, 00, 00, 00, 00], status=0x02, transferred=0, duration=1ms, info=0x1, sense=[NOT READY] ASC=0x04 ASCQ=0x01
[2026-09-27T13:25:59Z DEBUG tape_rs::scsi::device] SG_IO: device=/dev/sg3 cdb=[00, 00, 00, 00, 00, 00] bytes=0 wall_us=853 duration_ms=1 result=Ok(0) status=0x2 host=0x0 driver=0x8 resid=0 info=0x1 sense=[70, 00, 02, 00, 00, 00, 00, 58, 00, 00, 00, 00, 04, 01, 30, 00, 10, 11, 00, 00, 01, 00, 20, 20, 20, 20, 20, 20, 20, 00, 00, 00, 00, 00, 26, 00, 00, 00, 00, 26, c0, 00, 80, 00, 00, 00, 00, 00, 00, 00, 00, 00, 00, 00, 00, 00, 00, 00, 00, 00, 00, 00, 00, 00]
[2026-09-27T13:25:59Z DEBUG tape_rs::scsi::device] SCSI 命令完成: cdb=[00, 00, 00, 00, 00, 00], status=0x02, transferred=0, duration=1ms, info=0x1, sense=[NOT READY] ASC=0x04 ASCQ=0x01
[2026-09-27T13:25:59Z DEBUG tape_rs::scsi::device] SG_IO: device=/dev/sg3 cdb=[00, 00, 00, 00, 00, 00] bytes=0 wall_us=854 duration_ms=1 result=Ok(0) status=0x2 host=0x0 driver=0x8 resid=0 info=0x1 sense=[70, 00, 02, 00, 00, 00, 00, 58, 00, 00, 00, 00, 04, 01, 30, 00, 10, 11, 00, 00, 01, 00, 20, 20, 20, 20, 20, 20, 20, 00, 00, 00, 00, 00, 26, 00, 00, 00, 00, 26, c0, 00, 80, 00, 00, 00, 00, 00, 00, 00, 00, 00, 00, 00, 00, 00, 00, 00, 00, 00, 00, 00, 00, 00]
[2026-09-27T13:25:59Z DEBUG tape_rs::scsi::device] SCSI 命令完成: cdb=[00, 00, 00, 00, 00, 00], status=0x02, transferred=0, duration=1ms, info=0x1, sense=[NOT READY] ASC=0x04 ASCQ=0x01
[2026-09-27T13:25:59Z DEBUG tape_rs::scsi::device] SG_IO: device=/dev/sg3 cdb=[00, 00, 00, 00, 00, 00] bytes=0 wall_us=745 duration_ms=0 result=Ok(0) status=0x2 host=0x0 driver=0x8 resid=0 info=0x1 sense=[70, 00, 02, 00, 00, 00, 00, 58, 00, 00, 00, 00, 04, 01, 30, 00, 10, 11, 00, 00, 01, 00, 20, 20, 20, 20, 20, 20, 20, 00, 00, 00, 00, 00, 26, 00, 00, 00, 00, 26, c0, 00, 80, 00, 00, 00, 00, 00, 00, 00, 00, 00, 00, 00, 00, 00, 00, 00, 00, 00, 00, 00, 00, 00]
[2026-09-27T13:25:59Z DEBUG tape_rs::scsi::device] SCSI 命令完成: cdb=[00, 00, 00, 00, 00, 00], status=0x02, transferred=0, duration=0ms, info=0x1, sense=[NOT READY] ASC=0x04 ASCQ=0x01
[2026-09-27T13:25:59Z DEBUG tape_rs::scsi::device] SG_IO: device=/dev/sg3 cdb=[00, 00, 00, 00, 00, 00] bytes=0 wall_us=743 duration_ms=0 result=Ok(0) status=0x2 host=0x0 driver=0x8 resid=0 info=0x1 sense=[70, 00, 02, 00, 00, 00, 00, 58, 00, 00, 00, 00, 04, 01, 30, 00, 10, 11, 00, 00, 01, 00, 20, 20, 20, 20, 20, 20, 20, 00, 00, 00, 00, 00, 26, 00, 00, 00, 00, 26, c0, 00, 80, 00, 00, 00, 00, 00, 00, 00, 00, 00, 00, 00, 00, 00, 00, 00, 00, 00, 00, 00, 00, 00]
[2026-09-27T13:25:59Z DEBUG tape_rs::scsi::device] SCSI 命令完成: cdb=[00, 00, 00, 00, 00, 00], status=0x02, transferred=0, duration=0ms, info=0x1, sense=[NOT READY] ASC=0x04 ASCQ=0x01
[2026-09-27T13:26:00Z DEBUG tape_rs::scsi::device] SG_IO: device=/dev/sg3 cdb=[00, 00, 00, 00, 00, 00] bytes=0 wall_us=836 duration_ms=1 result=Ok(0) status=0x2 host=0x0 driver=0x8 resid=0 info=0x1 sense=[70, 00, 02, 00, 00, 00, 00, 58, 00, 00, 00, 00, 04, 01, 30, 00, 10, 11, 00, 00, 01, 00, 20, 20, 20, 20, 20, 20, 20, 00, 00, 00, 00, 00, 26, 00, 00, 00, 00, 26, c0, 00, 80, 00, 00, 00, 00, 00, 00, 00, 00, 00, 00, 00, 00, 00, 00, 00, 00, 00, 00, 00, 00, 00]
[2026-09-27T13:26:00Z DEBUG tape_rs::scsi::device] SCSI 命令完成: cdb=[00, 00, 00, 00, 00, 00], status=0x02, transferred=0, duration=1ms, info=0x1, sense=[NOT READY] ASC=0x04 ASCQ=0x01
[2026-09-27T13:26:00Z DEBUG tape_rs::scsi::device] SG_IO: device=/dev/sg3 cdb=[00, 00, 00, 00, 00, 00] bytes=0 wall_us=881 duration_ms=1 result=Ok(0) status=0x2 host=0x0 driver=0x8 resid=0 info=0x1 sense=[70, 00, 02, 00, 00, 00, 00, 58, 00, 00, 00, 00, 04, 01, 30, 00, 10, 11, 00, 00, 01, 00, 20, 20, 20, 20, 20, 20, 20, 00, 00, 00, 00, 00, 26, 00, 00, 00, 00, 26, c0, 00, 80, 00, 00, 00, 00, 00, 00, 00, 00, 00, 00, 00, 00, 00, 00, 00, 00, 00, 00, 00, 00, 00]
[2026-09-27T13:26:00Z DEBUG tape_rs::scsi::device] SCSI 命令完成: cdb=[00, 00, 00, 00, 00, 00], status=0x02, transferred=0, duration=1ms, info=0x1, sense=[NOT READY] ASC=0x04 ASCQ=0x01
[2026-09-27T13:26:00Z DEBUG tape_rs::scsi::device] SG_IO: device=/dev/sg3 cdb=[00, 00, 00, 00, 00, 00] bytes=0 wall_us=1031 duration_ms=1 result=Ok(0) status=0x2 host=0x0 driver=0x8 resid=0 info=0x1 sense=[70, 00, 06, 00, 00, 00, 00, 58, 00, 00, 00, 00, 28, 00, 30, 00, 10, 21, 00, 00, 01, 01, 52, 43, 30, 30, 31, 38, 4c, 00, 00, 00, 00, 00, 26, 00, 00, 00, 00, 26, c0, 00, 80, 4c, 39, 00, 00, 00, 00, 00, 00, 00, 00, 00, 00, 00, 00, 00, 00, 00, 00, 00, 00, 00]
[2026-09-27T13:26:00Z DEBUG tape_rs::scsi::device] SCSI 命令完成: cdb=[00, 00, 00, 00, 00, 00], status=0x02, transferred=0, duration=1ms, info=0x1, sense=[UNIT ATTENTION] ASC=0x28 ASCQ=0x00
[2026-09-27T13:26:00Z WARN  tape_rs::scsi::transport] TEST UNIT READY: UNIT ATTENTION asc=0x28 ascq=0x00，重发（第 1 次）
[2026-09-27T13:26:00Z DEBUG tape_rs::scsi::device] SG_IO: device=/dev/sg3 cdb=[00, 00, 00, 00, 00, 00] bytes=0 wall_us=579 duration_ms=1 result=Ok(0) status=0x0 host=0x0 driver=0x0 resid=0 info=0x0 sense=[]
[2026-09-27T13:26:00Z DEBUG tape_rs::scsi::device] SCSI 命令完成: cdb=[00, 00, 00, 00, 00, 00], status=0x00, transferred=0, duration=1ms, info=0x0, sense=[NO SENSE] ASC=0x00 ASCQ=0x00
[2026-09-27T13:26:00Z INFO  tape_rs::tape::commands] 定位到 partition=0, block=0
[2026-09-27T13:26:02Z DEBUG tape_rs::scsi::device] SG_IO: device=/dev/sg3 cdb=[92, 02, 00, 00, 00, 00, 00, 00, 00, 00, 00, 00, 00, 00, 00, 00] bytes=0 wall_us=1939306 duration_ms=1939 result=Ok(0) status=0x0 host=0x0 driver=0x0 resid=0 info=0x0 sense=[]
[2026-09-27T13:26:02Z DEBUG tape_rs::scsi::device] SCSI 命令完成: cdb=[92, 02, 00, 00, 00, 00, 00, 00, 00, 00, 00, 00, 00, 00, 00, 00], status=0x00, transferred=0, duration=1939ms, info=0x0, sense=[NO SENSE] ASC=0x00 ASCQ=0x00
[2026-09-27T13:26:03Z DEBUG tape_rs::scsi::device] SG_IO: device=/dev/sg3 cdb=[08, 00, 08, 00, 00, 00] bytes=524288 wall_us=1524327 duration_ms=1524 result=Ok(0) status=0x2 host=0x0 driver=0x8 resid=524208 info=0x1 sense=[f0, 00, 20, 00, 07, ff, b0, 58, 00, 00, 00, 00, 00, 00, 30, 00, 14, 11, 00, 00, 01, 01, 52, 43, 30, 30, 31, 38, 4c, 00, 00, 00, 00, 00, 26, 00, 00, 00, 00, 26, c0, 08, 80, 4c, 39, 00, 00, 00, 00, 00, 00, 00, 00, 00, 00, 00, 00, 00, 00, 00, 00, 00, 00, 00]
[2026-09-27T13:26:03Z DEBUG tape_rs::scsi::device] SCSI 命令完成: cdb=[08, 00, 08, 00, 00, 00], status=0x02, transferred=80, duration=1524ms, info=0x1, sense=[NO SENSE] ASC=0x00 ASCQ=0x00
[2026-09-27T13:26:03Z INFO  tape_rs::tape::commands] 定位到 partition=0, block=2
[2026-09-27T13:26:03Z DEBUG tape_rs::scsi::device] SG_IO: device=/dev/sg3 cdb=[92, 02, 00, 00, 00, 00, 00, 00, 00, 00, 00, 02, 00, 00, 00, 00] bytes=0 wall_us=10996 duration_ms=11 result=Ok(0) status=0x0 host=0x0 driver=0x0 resid=0 info=0x0 sense=[]
[2026-09-27T13:26:03Z DEBUG tape_rs::scsi::device] SCSI 命令完成: cdb=[92, 02, 00, 00, 00, 00, 00, 00, 00, 00, 00, 02, 00, 00, 00, 00], status=0x00, transferred=0, duration=11ms, info=0x0, sense=[NO SENSE] ASC=0x00 ASCQ=0x00
[2026-09-27T13:26:03Z DEBUG tape_rs::scsi::device] SG_IO: device=/dev/sg3 cdb=[08, 00, 01, 00, 00, 00] bytes=65536 wall_us=4061 duration_ms=4 result=Ok(0) status=0x2 host=0x0 driver=0x8 resid=65108 info=0x1 sense=[f0, 00, 20, 00, 00, fe, 54, 58, 00, 00, 00, 00, 00, 00, 30, 00, 14, 11, 00, 00, 01, 01, 52, 43, 30, 30, 31, 38, 4c, 00, 00, 00, 00, 00, 26, 00, 00, 00, 00, 26, c0, 08, 80, 4c, 39, 00, 00, 00, 02, 00, 00, 00, 00, 00, 00, 00, 00, 00, 00, 00, 00, 00, 00, 00]
[2026-09-27T13:26:03Z DEBUG tape_rs::scsi::device] SCSI 命令完成: cdb=[08, 00, 01, 00, 00, 00], status=0x02, transferred=428, duration=4ms, info=0x1, sense=[NO SENSE] ASC=0x00 ASCQ=0x00
[2026-09-27T13:26:03Z INFO  tape_rs::ltfs::volume] LTFS label: version=2.4.0 uuid=878f7b34-4910-4d09-9f1f-3e4725ede6d8 blocksize=524288 compression=true
[2026-09-27T13:26:04Z DEBUG tape_rs::scsi::device] SG_IO: device=/dev/sg3 cdb=[8c, 00, 00, 00, 00, 00, 00, 00, 00, 09, 00, 00, 02, 00, 00, 00] bytes=512 wall_us=13613 duration_ms=13 result=Ok(0) status=0x0 host=0x0 driver=0x0 resid=0 info=0x0 sense=[]
[2026-09-27T13:26:04Z DEBUG tape_rs::scsi::device] SCSI 命令完成: cdb=[8c, 00, 00, 00, 00, 00, 00, 00, 00, 09, 00, 00, 02, 00, 00, 00], status=0x00, transferred=512, duration=13ms, info=0x0, sense=[NO SENSE] ASC=0x00 ASCQ=0x00
[2026-09-27T13:26:04Z DEBUG tape_rs::scsi::device] SG_IO: device=/dev/sg3 cdb=[8c, 00, 00, 00, 00, 00, 00, 00, 08, 0c, 00, 00, 02, 00, 00, 00] bytes=512 wall_us=1884 duration_ms=2 result=Ok(0) status=0x0 host=0x0 driver=0x0 resid=346 info=0x0 sense=[]
[2026-09-27T13:26:04Z DEBUG tape_rs::scsi::device] SCSI 命令完成: cdb=[8c, 00, 00, 00, 00, 00, 00, 00, 08, 0c, 00, 00, 02, 00, 00, 00], status=0x00, transferred=166, duration=2ms, info=0x0, sense=[NO SENSE] ASC=0x00 ASCQ=0x00
[2026-09-27T13:26:04Z DEBUG tape_rs::scsi::device] SG_IO: device=/dev/sg3 cdb=[8c, 00, 00, 00, 00, 00, 00, 01, 08, 0c, 00, 00, 02, 00, 00, 00] bytes=512 wall_us=4378 duration_ms=5 result=Ok(0) status=0x0 host=0x0 driver=0x0 resid=346 info=0x0 sense=[]
[2026-09-27T13:26:04Z DEBUG tape_rs::scsi::device] SCSI 命令完成: cdb=[8c, 00, 00, 00, 00, 00, 00, 01, 08, 0c, 00, 00, 02, 00, 00, 00], status=0x00, transferred=166, duration=5ms, info=0x0, sense=[NO SENSE] ASC=0x00 ASCQ=0x00
[2026-09-27T13:26:50Z DEBUG tape_rs::scsi::device] SG_IO: device=/dev/sg3 cdb=[92, 1a, 00, 01, 00, 00, 00, 00, 00, 00, 00, 00, 00, 00, 00, 00] bytes=0 wall_us=46141648 duration_ms=46141 result=Ok(0) status=0x0 host=0x0 driver=0x0 resid=0 info=0x0 sense=[]
[2026-09-27T13:26:50Z DEBUG tape_rs::scsi::device] SCSI 命令完成: cdb=[92, 1a, 00, 01, 00, 00, 00, 00, 00, 00, 00, 00, 00, 00, 00, 00], status=0x00, transferred=0, duration=46141ms, info=0x0, sense=[NO SENSE] ASC=0x00 ASCQ=0x00
[2026-09-27T13:26:50Z DEBUG tape_rs::scsi::device] SG_IO: device=/dev/sg3 cdb=[34, 00, 00, 00, 00, 00, 00, 00, 00, 00] bytes=20 wall_us=758 duration_ms=1 result=Ok(0) status=0x0 host=0x0 driver=0x0 resid=0 info=0x0 sense=[]
[2026-09-27T13:26:50Z DEBUG tape_rs::scsi::device] SCSI 命令完成: cdb=[34, 00, 00, 00, 00, 00, 00, 00, 00, 00], status=0x00, transferred=20, duration=1ms, info=0x0, sense=[NO SENSE] ASC=0x00 ASCQ=0x00
[2026-09-27T13:26:50Z INFO  tape_rs::tape::commands] 定位到 partition=1, block=38143
[2026-09-27T13:26:50Z DEBUG tape_rs::scsi::device] SG_IO: device=/dev/sg3 cdb=[92, 02, 00, 01, 00, 00, 00, 00, 00, 00, 94, ff, 00, 00, 00, 00] bytes=0 wall_us=3222 duration_ms=3 result=Ok(0) status=0x0 host=0x0 driver=0x0 resid=0 info=0x0 sense=[]
[2026-09-27T13:26:50Z DEBUG tape_rs::scsi::device] SCSI 命令完成: cdb=[92, 02, 00, 01, 00, 00, 00, 00, 00, 00, 94, ff, 00, 00, 00, 00], status=0x00, transferred=0, duration=3ms, info=0x0, sense=[NO SENSE] ASC=0x00 ASCQ=0x00
[2026-09-27T13:26:50Z DEBUG tape_rs::scsi::device] SG_IO: device=/dev/sg3 cdb=[08, 00, 08, 00, 00, 00] bytes=524288 wall_us=8604 duration_ms=9 result=Ok(0) status=0x0 host=0x0 driver=0x0 resid=0 info=0x0 sense=[]
[2026-09-27T13:26:50Z DEBUG tape_rs::scsi::device] SCSI 命令完成: cdb=[08, 00, 08, 00, 00, 00], status=0x00, transferred=524288, duration=9ms, info=0x0, sense=[NO SENSE] ASC=0x00 ASCQ=0x00
[2026-09-27T13:26:50Z DEBUG tape_rs::scsi::device] SG_IO: device=/dev/sg3 cdb=[08, 00, 08, 00, 00, 00] bytes=524288 wall_us=742 duration_ms=1 result=Ok(0) status=0x0 host=0x0 driver=0x0 resid=0 info=0x0 sense=[]
[2026-09-27T13:26:50Z DEBUG tape_rs::scsi::device] SCSI 命令完成: cdb=[08, 00, 08, 00, 00, 00], status=0x00, transferred=524288, duration=1ms, info=0x0, sense=[NO SENSE] ASC=0x00 ASCQ=0x00
[2026-09-27T13:26:50Z DEBUG tape_rs::scsi::device] SG_IO: device=/dev/sg3 cdb=[08, 00, 08, 00, 00, 00] bytes=524288 wall_us=735 duration_ms=0 result=Ok(0) status=0x0 host=0x0 driver=0x0 resid=0 info=0x0 sense=[]
[2026-09-27T13:26:50Z DEBUG tape_rs::scsi::device] SCSI 命令完成: cdb=[08, 00, 08, 00, 00, 00], status=0x00, transferred=524288, duration=0ms, info=0x0, sense=[NO SENSE] ASC=0x00 ASCQ=0x00
[2026-09-27T13:26:50Z DEBUG tape_rs::scsi::device] SG_IO: device=/dev/sg3 cdb=[08, 00, 08, 00, 00, 00] bytes=524288 wall_us=407 duration_ms=0 result=Ok(0) status=0x2 host=0x0 driver=0x8 resid=282469 info=0x1 sense=[f0, 00, 20, 00, 04, 4f, 65, 0a, 00, 00, 00, 00, 00, 00, 00, 00, 00, 00]
[2026-09-27T13:26:50Z DEBUG tape_rs::scsi::device] SCSI 命令完成: cdb=[08, 00, 08, 00, 00, 00], status=0x02, transferred=241819, duration=0ms, info=0x1, sense=[NO SENSE] ASC=0x00 ASCQ=0x00
[2026-09-27T13:26:50Z DEBUG tape_rs::scsi::device] SG_IO: device=/dev/sg3 cdb=[08, 00, 08, 00, 00, 00] bytes=524288 wall_us=91 duration_ms=0 result=Ok(0) status=0x2 host=0x0 driver=0x8 resid=524288 info=0x1 sense=[f0, 00, 80, 00, 08, 00, 00, 0a, 00, 00, 00, 00, 00, 01, 00, 00, 00, 00]
[2026-09-27T13:26:50Z DEBUG tape_rs::scsi::device] SCSI 命令完成: cdb=[08, 00, 08, 00, 00, 00], status=0x02, transferred=0, duration=0ms, info=0x1, sense=[NO SENSE] ASC=0x00 ASCQ=0x01
[2026-09-27T13:26:50Z INFO  tape_rs::ltfs::recovery] 分区 1 VCI 快速路径命中 gen=28 @ 38143..38147
[2026-09-27T13:27:28Z DEBUG tape_rs::scsi::device] SG_IO: device=/dev/sg3 cdb=[92, 1a, 00, 00, 00, 00, 00, 00, 00, 00, 00, 00, 00, 00, 00, 00] bytes=0 wall_us=38325978 duration_ms=38326 result=Ok(0) status=0x0 host=0x0 driver=0x0 resid=0 info=0x0 sense=[]
[2026-09-27T13:27:28Z DEBUG tape_rs::scsi::device] SCSI 命令完成: cdb=[92, 1a, 00, 00, 00, 00, 00, 00, 00, 00, 00, 00, 00, 00, 00, 00], status=0x00, transferred=0, duration=38326ms, info=0x0, sense=[NO SENSE] ASC=0x00 ASCQ=0x00
[2026-09-27T13:27:28Z DEBUG tape_rs::scsi::device] SG_IO: device=/dev/sg3 cdb=[34, 00, 00, 00, 00, 00, 00, 00, 00, 00] bytes=20 wall_us=756 duration_ms=0 result=Ok(0) status=0x0 host=0x0 driver=0x0 resid=0 info=0x0 sense=[]
[2026-09-27T13:27:28Z DEBUG tape_rs::scsi::device] SCSI 命令完成: cdb=[34, 00, 00, 00, 00, 00, 00, 00, 00, 00], status=0x00, transferred=20, duration=0ms, info=0x0, sense=[NO SENSE] ASC=0x00 ASCQ=0x00
[2026-09-27T13:27:28Z INFO  tape_rs::tape::commands] 定位到 partition=0, block=5
[2026-09-27T13:27:28Z DEBUG tape_rs::scsi::device] SG_IO: device=/dev/sg3 cdb=[92, 02, 00, 00, 00, 00, 00, 00, 00, 00, 00, 05, 00, 00, 00, 00] bytes=0 wall_us=7818 duration_ms=8 result=Ok(0) status=0x0 host=0x0 driver=0x0 resid=0 info=0x0 sense=[]
[2026-09-27T13:27:28Z DEBUG tape_rs::scsi::device] SCSI 命令完成: cdb=[92, 02, 00, 00, 00, 00, 00, 00, 00, 00, 00, 05, 00, 00, 00, 00], status=0x00, transferred=0, duration=8ms, info=0x0, sense=[NO SENSE] ASC=0x00 ASCQ=0x00
[2026-09-27T13:27:28Z DEBUG tape_rs::scsi::device] SG_IO: device=/dev/sg3 cdb=[08, 00, 08, 00, 00, 00] bytes=524288 wall_us=16036 duration_ms=16 result=Ok(0) status=0x0 host=0x0 driver=0x0 resid=0 info=0x0 sense=[]
[2026-09-27T13:27:28Z DEBUG tape_rs::scsi::device] SCSI 命令完成: cdb=[08, 00, 08, 00, 00, 00], status=0x00, transferred=524288, duration=16ms, info=0x0, sense=[NO SENSE] ASC=0x00 ASCQ=0x00
[2026-09-27T13:27:28Z DEBUG tape_rs::scsi::device] SG_IO: device=/dev/sg3 cdb=[08, 00, 08, 00, 00, 00] bytes=524288 wall_us=2394 duration_ms=2 result=Ok(0) status=0x0 host=0x0 driver=0x0 resid=0 info=0x0 sense=[]
[2026-09-27T13:27:28Z DEBUG tape_rs::scsi::device] SCSI 命令完成: cdb=[08, 00, 08, 00, 00, 00], status=0x00, transferred=524288, duration=2ms, info=0x0, sense=[NO SENSE] ASC=0x00 ASCQ=0x00
[2026-09-27T13:27:28Z DEBUG tape_rs::scsi::device] SG_IO: device=/dev/sg3 cdb=[08, 00, 08, 00, 00, 00] bytes=524288 wall_us=730 duration_ms=1 result=Ok(0) status=0x0 host=0x0 driver=0x0 resid=0 info=0x0 sense=[]
[2026-09-27T13:27:28Z DEBUG tape_rs::scsi::device] SCSI 命令完成: cdb=[08, 00, 08, 00, 00, 00], status=0x00, transferred=524288, duration=1ms, info=0x0, sense=[NO SENSE] ASC=0x00 ASCQ=0x00
[2026-09-27T13:27:28Z DEBUG tape_rs::scsi::device] SG_IO: device=/dev/sg3 cdb=[08, 00, 08, 00, 00, 00] bytes=524288 wall_us=407 duration_ms=1 result=Ok(0) status=0x2 host=0x0 driver=0x8 resid=282472 info=0x1 sense=[f0, 00, 20, 00, 04, 4f, 68, 0a, 00, 00, 00, 00, 00, 00, 00, 00, 00, 00]
[2026-09-27T13:27:28Z DEBUG tape_rs::scsi::device] SCSI 命令完成: cdb=[08, 00, 08, 00, 00, 00], status=0x02, transferred=241816, duration=1ms, info=0x1, sense=[NO SENSE] ASC=0x00 ASCQ=0x00
[2026-09-27T13:27:28Z DEBUG tape_rs::scsi::device] SG_IO: device=/dev/sg3 cdb=[08, 00, 08, 00, 00, 00] bytes=524288 wall_us=95 duration_ms=0 result=Ok(0) status=0x2 host=0x0 driver=0x8 resid=524288 info=0x1 sense=[f0, 00, 80, 00, 08, 00, 00, 0a, 00, 00, 00, 00, 00, 01, 00, 00, 00, 00]
[2026-09-27T13:27:28Z DEBUG tape_rs::scsi::device] SCSI 命令完成: cdb=[08, 00, 08, 00, 00, 00], status=0x02, transferred=0, duration=0ms, info=0x1, sense=[NO SENSE] ASC=0x00 ASCQ=0x01
[2026-09-27T13:27:28Z INFO  tape_rs::ltfs::recovery] 分区 0 VCI 快速路径命中 gen=28 @ 5..9
[2026-09-27T13:27:28Z INFO  tape_rs::tape::commands] 定位到 partition=1, block=38148
[2026-09-27T13:28:03Z DEBUG tape_rs::scsi::device] SG_IO: device=/dev/sg3 cdb=[92, 02, 00, 01, 00, 00, 00, 00, 00, 00, 95, 04, 00, 00, 00, 00] bytes=0 wall_us=34709913 duration_ms=34710 result=Ok(0) status=0x0 host=0x0 driver=0x0 resid=0 info=0x0 sense=[]
[2026-09-27T13:28:03Z DEBUG tape_rs::scsi::device] SCSI 命令完成: cdb=[92, 02, 00, 01, 00, 00, 00, 00, 00, 00, 95, 04, 00, 00, 00, 00], status=0x00, transferred=0, duration=34710ms, info=0x0, sense=[NO SENSE] ASC=0x00 ASCQ=0x00
[2026-09-27T13:28:03Z DEBUG tape_rs::scsi::device] SG_IO: device=/dev/sg3 cdb=[34, 00, 00, 00, 00, 00, 00, 00, 00, 00] bytes=20 wall_us=671 duration_ms=0 result=Ok(0) status=0x0 host=0x0 driver=0x0 resid=0 info=0x0 sense=[]
[2026-09-27T13:28:03Z DEBUG tape_rs::scsi::device] SCSI 命令完成: cdb=[34, 00, 00, 00, 00, 00, 00, 00, 00, 00], status=0x00, transferred=20, duration=0ms, info=0x0, sense=[NO SENSE] ASC=0x00 ASCQ=0x00
[2026-09-27T13:28:03Z INFO  tape_rs::ltfs::volume] index gen=28 highest_uid=3174 (dp_tail=Complete, ip_tail=Complete, writable=true)
[2026-09-27T13:28:03Z DEBUG tape_rs::scsi::device] SG_IO: device=/dev/sg3 cdb=[5e, 00, 00, 00, 00, 00, 00, 04, 00, 00] bytes=1024 wall_us=552 duration_ms=0 result=Ok(0) status=0x0 host=0x0 driver=0x0 resid=1008 info=0x0 sense=[]
[2026-09-27T13:28:03Z DEBUG tape_rs::scsi::device] SCSI 命令完成: cdb=[5e, 00, 00, 00, 00, 00, 00, 04, 00, 00], status=0x00, transferred=16, duration=0ms, info=0x0, sense=[NO SENSE] ASC=0x00 ASCQ=0x00
[2026-09-27T13:28:03Z DEBUG tape_rs::scsi::device] SG_IO: device=/dev/sg3 cdb=[5e, 01, 00, 00, 00, 00, 00, 04, 00, 00] bytes=1024 wall_us=670 duration_ms=1 result=Ok(0) status=0x0 host=0x0 driver=0x0 resid=1000 info=0x0 sense=[]
[2026-09-27T13:28:03Z DEBUG tape_rs::scsi::device] SCSI 命令完成: cdb=[5e, 01, 00, 00, 00, 00, 00, 04, 00, 00], status=0x00, transferred=24, duration=1ms, info=0x0, sense=[NO SENSE] ASC=0x00 ASCQ=0x00
[2026-09-27T13:28:03Z DEBUG tape_rs::scsi::device] SG_IO: device=/dev/sg3 cdb=[34, 00, 00, 00, 00, 00, 00, 00, 00, 00] bytes=20 wall_us=765 duration_ms=1 result=Ok(0) status=0x0 host=0x0 driver=0x0 resid=0 info=0x0 sense=[]
[2026-09-27T13:28:03Z DEBUG tape_rs::scsi::device] SCSI 命令完成: cdb=[34, 00, 00, 00, 00, 00, 00, 00, 00, 00], status=0x00, transferred=20, duration=1ms, info=0x0, sense=[NO SENSE] ASC=0x00 ASCQ=0x00
[2026-09-27T13:28:03Z DEBUG tape_rs::scsi::device] SG_IO: device=/dev/sg3 cdb=[10, 01, 00, 00, 01, 00] bytes=0 wall_us=74804 duration_ms=74 result=Ok(0) status=0x0 host=0x0 driver=0x0 resid=0 info=0x0 sense=[]
[2026-09-27T13:28:03Z DEBUG tape_rs::scsi::device] SCSI 命令完成: cdb=[10, 01, 00, 00, 01, 00], status=0x00, transferred=0, duration=74ms, info=0x0, sense=[NO SENSE] ASC=0x00 ASCQ=0x00
[2026-09-27T13:28:03Z DEBUG tape_rs::scsi::device] SG_IO: device=/dev/sg3 cdb=[0a, 00, 08, 00, 00, 00] bytes=524288 wall_us=12174 duration_ms=12 result=Ok(0) status=0x0 host=0x0 driver=0x0 resid=0 info=0x0 sense=[]
[2026-09-27T13:28:03Z DEBUG tape_rs::scsi::device] SCSI 命令完成: cdb=[0a, 00, 08, 00, 00, 00], status=0x00, transferred=524288, duration=12ms, info=0x0, sense=[NO SENSE] ASC=0x00 ASCQ=0x00
[2026-09-27T13:28:03Z DEBUG tape_rs::scsi::device] SG_IO: device=/dev/sg3 cdb=[0a, 00, 08, 00, 00, 00] bytes=524288 wall_us=856 duration_ms=1 result=Ok(0) status=0x0 host=0x0 driver=0x0 resid=0 info=0x0 sense=[]
[2026-09-27T13:28:03Z DEBUG tape_rs::scsi::device] SCSI 命令完成: cdb=[0a, 00, 08, 00, 00, 00], status=0x00, transferred=524288, duration=1ms, info=0x0, sense=[NO SENSE] ASC=0x00 ASCQ=0x00
[2026-09-27T13:28:03Z DEBUG tape_rs::scsi::device] SG_IO: device=/dev/sg3 cdb=[0a, 00, 08, 00, 00, 00] bytes=524288 wall_us=756 duration_ms=0 result=Ok(0) status=0x0 host=0x0 driver=0x0 resid=0 info=0x0 sense=[]
[2026-09-27T13:28:03Z DEBUG tape_rs::scsi::device] SCSI 命令完成: cdb=[0a, 00, 08, 00, 00, 00], status=0x00, transferred=524288, duration=0ms, info=0x0, sense=[NO SENSE] ASC=0x00 ASCQ=0x00
[2026-09-27T13:28:03Z DEBUG tape_rs::scsi::device] SG_IO: device=/dev/sg3 cdb=[0a, 00, 08, 00, 00, 00] bytes=524288 wall_us=753 duration_ms=0 result=Ok(0) status=0x0 host=0x0 driver=0x0 resid=0 info=0x0 sense=[]
[2026-09-27T13:28:03Z DEBUG tape_rs::scsi::device] SCSI 命令完成: cdb=[0a, 00, 08, 00, 00, 00], status=0x00, transferred=524288, duration=0ms, info=0x0, sense=[NO SENSE] ASC=0x00 ASCQ=0x00
[2026-09-27T13:28:03Z DEBUG tape_rs::scsi::device] SG_IO: device=/dev/sg3 cdb=[0a, 00, 08, 00, 00, 00] bytes=524288 wall_us=742 duration_ms=1 result=Ok(0) status=0x0 host=0x0 driver=0x0 resid=0 info=0x0 sense=[]
[2026-09-27T13:28:03Z DEBUG tape_rs::scsi::device] SCSI 命令完成: cdb=[0a, 00, 08, 00, 00, 00], status=0x00, transferred=524288, duration=1ms, info=0x0, sense=[NO SENSE] ASC=0x00 ASCQ=0x00
[2026-09-27T13:28:03Z DEBUG tape_rs::scsi::device] SG_IO: device=/dev/sg3 cdb=[0a, 00, 04, 19, f1, 00] bytes=268785 wall_us=396 duration_ms=0 result=Ok(0) status=0x0 host=0x0 driver=0x0 resid=0 info=0x0 sense=[]
[2026-09-27T13:28:03Z DEBUG tape_rs::scsi::device] SCSI 命令完成: cdb=[0a, 00, 04, 19, f1, 00], status=0x00, transferred=268785, duration=0ms, info=0x0, sense=[NO SENSE] ASC=0x00 ASCQ=0x00
[2026-09-27T13:28:10Z DEBUG tape_rs::scsi::device] SG_IO: device=/dev/sg3 cdb=[10, 00, 00, 00, 01, 00] bytes=0 wall_us=7503952 duration_ms=7504 result=Ok(0) status=0x0 host=0x0 driver=0x0 resid=0 info=0x0 sense=[]
[2026-09-27T13:28:10Z DEBUG tape_rs::scsi::device] SCSI 命令完成: cdb=[10, 00, 00, 00, 01, 00], status=0x00, transferred=0, duration=7504ms, info=0x0, sense=[NO SENSE] ASC=0x00 ASCQ=0x00
[2026-09-27T13:28:10Z INFO  tape_rs::tape::commands] 定位到 partition=0, block=4
[2026-09-27T13:28:49Z DEBUG tape_rs::scsi::device] SG_IO: device=/dev/sg3 cdb=[92, 02, 00, 00, 00, 00, 00, 00, 00, 00, 00, 04, 00, 00, 00, 00] bytes=0 wall_us=38486280 duration_ms=38486 result=Ok(0) status=0x0 host=0x0 driver=0x0 resid=0 info=0x0 sense=[]
[2026-09-27T13:28:49Z DEBUG tape_rs::scsi::device] SCSI 命令完成: cdb=[92, 02, 00, 00, 00, 00, 00, 00, 00, 00, 00, 04, 00, 00, 00, 00], status=0x00, transferred=0, duration=38486ms, info=0x0, sense=[NO SENSE] ASC=0x00 ASCQ=0x00
[2026-09-27T13:28:49Z DEBUG tape_rs::scsi::device] SG_IO: device=/dev/sg3 cdb=[10, 01, 00, 00, 01, 00] bytes=0 wall_us=50119 duration_ms=50 result=Ok(0) status=0x0 host=0x0 driver=0x0 resid=0 info=0x0 sense=[]
[2026-09-27T13:28:49Z DEBUG tape_rs::scsi::device] SCSI 命令完成: cdb=[10, 01, 00, 00, 01, 00], status=0x00, transferred=0, duration=50ms, info=0x0, sense=[NO SENSE] ASC=0x00 ASCQ=0x00
[2026-09-27T13:28:49Z DEBUG tape_rs::scsi::device] SG_IO: device=/dev/sg3 cdb=[0a, 00, 08, 00, 00, 00] bytes=524288 wall_us=3688 duration_ms=3 result=Ok(0) status=0x0 host=0x0 driver=0x0 resid=0 info=0x0 sense=[]
[2026-09-27T13:28:49Z DEBUG tape_rs::scsi::device] SCSI 命令完成: cdb=[0a, 00, 08, 00, 00, 00], status=0x00, transferred=524288, duration=3ms, info=0x0, sense=[NO SENSE] ASC=0x00 ASCQ=0x00
[2026-09-27T13:28:49Z DEBUG tape_rs::scsi::device] SG_IO: device=/dev/sg3 cdb=[0a, 00, 08, 00, 00, 00] bytes=524288 wall_us=848 duration_ms=1 result=Ok(0) status=0x0 host=0x0 driver=0x0 resid=0 info=0x0 sense=[]
[2026-09-27T13:28:49Z DEBUG tape_rs::scsi::device] SCSI 命令完成: cdb=[0a, 00, 08, 00, 00, 00], status=0x00, transferred=524288, duration=1ms, info=0x0, sense=[NO SENSE] ASC=0x00 ASCQ=0x00
[2026-09-27T13:28:49Z DEBUG tape_rs::scsi::device] SG_IO: device=/dev/sg3 cdb=[0a, 00, 08, 00, 00, 00] bytes=524288 wall_us=769 duration_ms=1 result=Ok(0) status=0x0 host=0x0 driver=0x0 resid=0 info=0x0 sense=[]
[2026-09-27T13:28:49Z DEBUG tape_rs::scsi::device] SCSI 命令完成: cdb=[0a, 00, 08, 00, 00, 00], status=0x00, transferred=524288, duration=1ms, info=0x0, sense=[NO SENSE] ASC=0x00 ASCQ=0x00
[2026-09-27T13:28:49Z DEBUG tape_rs::scsi::device] SG_IO: device=/dev/sg3 cdb=[0a, 00, 08, 00, 00, 00] bytes=524288 wall_us=772 duration_ms=1 result=Ok(0) status=0x0 host=0x0 driver=0x0 resid=0 info=0x0 sense=[]
[2026-09-27T13:28:49Z DEBUG tape_rs::scsi::device] SCSI 命令完成: cdb=[0a, 00, 08, 00, 00, 00], status=0x00, transferred=524288, duration=1ms, info=0x0, sense=[NO SENSE] ASC=0x00 ASCQ=0x00
[2026-09-27T13:28:49Z DEBUG tape_rs::scsi::device] SG_IO: device=/dev/sg3 cdb=[0a, 00, 08, 00, 00, 00] bytes=524288 wall_us=770 duration_ms=1 result=Ok(0) status=0x0 host=0x0 driver=0x0 resid=0 info=0x0 sense=[]
[2026-09-27T13:28:49Z DEBUG tape_rs::scsi::device] SCSI 命令完成: cdb=[0a, 00, 08, 00, 00, 00], status=0x00, transferred=524288, duration=1ms, info=0x0, sense=[NO SENSE] ASC=0x00 ASCQ=0x00
[2026-09-27T13:28:49Z DEBUG tape_rs::scsi::device] SG_IO: device=/dev/sg3 cdb=[0a, 00, 04, 19, ed, 00] bytes=268781 wall_us=404 duration_ms=0 result=Ok(0) status=0x0 host=0x0 driver=0x0 resid=0 info=0x0 sense=[]
[2026-09-27T13:28:49Z DEBUG tape_rs::scsi::device] SCSI 命令完成: cdb=[0a, 00, 04, 19, ed, 00], status=0x00, transferred=268781, duration=0ms, info=0x0, sense=[NO SENSE] ASC=0x00 ASCQ=0x00
[2026-09-27T13:28:55Z DEBUG tape_rs::scsi::device] SG_IO: device=/dev/sg3 cdb=[10, 00, 00, 00, 01, 00] bytes=0 wall_us=6211955 duration_ms=6212 result=Ok(0) status=0x0 host=0x0 driver=0x0 resid=0 info=0x0 sense=[]
[2026-09-27T13:28:55Z DEBUG tape_rs::scsi::device] SCSI 命令完成: cdb=[10, 00, 00, 00, 01, 00], status=0x00, transferred=0, duration=6212ms, info=0x0, sense=[NO SENSE] ASC=0x00 ASCQ=0x00
[2026-09-27T13:28:55Z DEBUG tape_rs::scsi::device] SG_IO: device=/dev/sg3 cdb=[5e, 00, 00, 00, 00, 00, 00, 04, 00, 00] bytes=1024 wall_us=625 duration_ms=0 result=Ok(0) status=0x0 host=0x0 driver=0x0 resid=1008 info=0x0 sense=[]
[2026-09-27T13:28:55Z DEBUG tape_rs::scsi::device] SCSI 命令完成: cdb=[5e, 00, 00, 00, 00, 00, 00, 04, 00, 00], status=0x00, transferred=16, duration=0ms, info=0x0, sense=[NO SENSE] ASC=0x00 ASCQ=0x00
[2026-09-27T13:28:55Z DEBUG tape_rs::scsi::device] SG_IO: device=/dev/sg3 cdb=[5e, 01, 00, 00, 00, 00, 00, 04, 00, 00] bytes=1024 wall_us=573 duration_ms=1 result=Ok(0) status=0x0 host=0x0 driver=0x0 resid=1000 info=0x0 sense=[]
[2026-09-27T13:28:55Z DEBUG tape_rs::scsi::device] SCSI 命令完成: cdb=[5e, 01, 00, 00, 00, 00, 00, 04, 00, 00], status=0x00, transferred=24, duration=1ms, info=0x0, sense=[NO SENSE] ASC=0x00 ASCQ=0x00
[2026-09-27T13:28:55Z DEBUG tape_rs::scsi::device] SG_IO: device=/dev/sg3 cdb=[10, 00, 00, 00, 00, 00] bytes=0 wall_us=1823 duration_ms=2 result=Ok(0) status=0x0 host=0x0 driver=0x0 resid=0 info=0x0 sense=[]
[2026-09-27T13:28:55Z DEBUG tape_rs::scsi::device] SCSI 命令完成: cdb=[10, 00, 00, 00, 00, 00], status=0x00, transferred=0, duration=2ms, info=0x0, sense=[NO SENSE] ASC=0x00 ASCQ=0x00
[2026-09-27T13:28:58Z DEBUG tape_rs::scsi::device] SG_IO: device=/dev/sg3 cdb=[8c, 00, 00, 00, 00, 00, 00, 00, 00, 09, 00, 00, 02, 00, 00, 00] bytes=512 wall_us=2568700 duration_ms=2568 result=Ok(0) status=0x0 host=0x0 driver=0x0 resid=0 info=0x0 sense=[]
[2026-09-27T13:28:58Z DEBUG tape_rs::scsi::device] SCSI 命令完成: cdb=[8c, 00, 00, 00, 00, 00, 00, 00, 00, 09, 00, 00, 02, 00, 00, 00], status=0x00, transferred=512, duration=2568ms, info=0x0, sense=[NO SENSE] ASC=0x00 ASCQ=0x00
[2026-09-27T13:28:59Z DEBUG tape_rs::scsi::device] SG_IO: device=/dev/sg3 cdb=[8d, 01, 00, 00, 00, 00, 00, 00, 00, 00, 00, 00, 00, 4f, 00, 00] bytes=79 wall_us=1636258 duration_ms=1637 result=Ok(0) status=0x0 host=0x0 driver=0x0 resid=0 info=0x0 sense=[]
[2026-09-27T13:28:59Z DEBUG tape_rs::scsi::device] SCSI 命令完成: cdb=[8d, 01, 00, 00, 00, 00, 00, 00, 00, 00, 00, 00, 00, 4f, 00, 00], status=0x00, transferred=79, duration=1637ms, info=0x0, sense=[NO SENSE] ASC=0x00 ASCQ=0x00
[2026-09-27T13:29:01Z DEBUG tape_rs::scsi::device] SG_IO: device=/dev/sg3 cdb=[8d, 01, 00, 00, 00, 00, 00, 01, 00, 00, 00, 00, 00, 4f, 00, 00] bytes=79 wall_us=1632623 duration_ms=1632 result=Ok(0) status=0x0 host=0x0 driver=0x0 resid=0 info=0x0 sense=[]
[2026-09-27T13:29:01Z DEBUG tape_rs::scsi::device] SCSI 命令完成: cdb=[8d, 01, 00, 00, 00, 00, 00, 01, 00, 00, 00, 00, 00, 4f, 00, 00], status=0x00, transferred=79, duration=1632ms, info=0x0, sense=[NO SENSE] ASC=0x00 ASCQ=0x00
[2026-09-27T13:29:01Z INFO  tape_rs::ltfs::volume] commit: gen 29 @ DP 38149, IP checkpoint=true
[2026-09-27T13:29:01Z DEBUG tape_rs::scsi::device] SG_IO: device=/dev/sg3 cdb=[8c, 00, 00, 00, 00, 00, 00, 01, 00, 00, 00, 00, 02, 00, 00, 00] bytes=512 wall_us=1831 duration_ms=2 result=Ok(0) status=0x0 host=0x0 driver=0x0 resid=0 info=0x0 sense=[]
[2026-09-27T13:29:01Z DEBUG tape_rs::scsi::device] SCSI 命令完成: cdb=[8c, 00, 00, 00, 00, 00, 00, 01, 00, 00, 00, 00, 02, 00, 00, 00], status=0x00, transferred=512, duration=2ms, info=0x0, sense=[NO SENSE] ASC=0x00 ASCQ=0x00
[2026-09-27T13:29:01Z DEBUG tape_rs::scsi::device] SG_IO: device=/dev/sg3 cdb=[8c, 00, 00, 00, 00, 00, 00, 01, 00, 01, 00, 00, 02, 00, 00, 00] bytes=512 wall_us=1867 duration_ms=1 result=Ok(0) status=0x0 host=0x0 driver=0x0 resid=0 info=0x0 sense=[]
[2026-09-27T13:29:01Z DEBUG tape_rs::scsi::device] SCSI 命令完成: cdb=[8c, 00, 00, 00, 00, 00, 00, 01, 00, 01, 00, 00, 02, 00, 00, 00], status=0x00, transferred=512, duration=1ms, info=0x0, sense=[NO SENSE] ASC=0x00 ASCQ=0x00
[2026-09-27T13:29:01Z INFO  tape_rs::daemon::node] RC0018L9 目录停在第 0 代，磁带是第 29 代：以磁带为准重写该带的目录
[2026-09-27T13:29:01Z DEBUG tape_rs::scsi::device] SG_IO: device=/dev/sg3 cdb=[5e, 00, 00, 00, 00, 00, 00, 04, 00, 00] bytes=1024 wall_us=624 duration_ms=1 result=Ok(0) status=0x0 host=0x0 driver=0x0 resid=1008 info=0x0 sense=[]
[2026-09-27T13:29:01Z DEBUG tape_rs::scsi::device] SCSI 命令完成: cdb=[5e, 00, 00, 00, 00, 00, 00, 04, 00, 00], status=0x00, transferred=16, duration=1ms, info=0x0, sense=[NO SENSE] ASC=0x00 ASCQ=0x00
[2026-09-27T13:29:01Z DEBUG tape_rs::scsi::device] SG_IO: device=/dev/sg3 cdb=[5e, 01, 00, 00, 00, 00, 00, 04, 00, 00] bytes=1024 wall_us=655 duration_ms=0 result=Ok(0) status=0x0 host=0x0 driver=0x0 resid=1000 info=0x0 sense=[]
[2026-09-27T13:29:01Z DEBUG tape_rs::scsi::device] SCSI 命令完成: cdb=[5e, 01, 00, 00, 00, 00, 00, 04, 00, 00], status=0x00, transferred=24, duration=0ms, info=0x0, sense=[NO SENSE] ASC=0x00 ASCQ=0x00
[2026-09-27T13:29:01Z DEBUG tape_rs::scsi::device] SG_IO: device=/dev/sg5 cdb=[5e, 00, 00, 00, 00, 00, 00, 04, 00, 00] bytes=1024 wall_us=576 duration_ms=1 result=Ok(0) status=0x0 host=0x0 driver=0x0 resid=1008 info=0x0 sense=[]
[2026-09-27T13:29:01Z DEBUG tape_rs::scsi::device] SCSI 命令完成: cdb=[5e, 00, 00, 00, 00, 00, 00, 04, 00, 00], status=0x00, transferred=16, duration=1ms, info=0x0, sense=[NO SENSE] ASC=0x00 ASCQ=0x00
[2026-09-27T13:29:01Z DEBUG tape_rs::scsi::device] SG_IO: device=/dev/sg5 cdb=[5e, 01, 00, 00, 00, 00, 00, 04, 00, 00] bytes=1024 wall_us=660 duration_ms=0 result=Ok(0) status=0x0 host=0x0 driver=0x0 resid=1000 info=0x0 sense=[]
[2026-09-27T13:29:01Z DEBUG tape_rs::scsi::device] SCSI 命令完成: cdb=[5e, 01, 00, 00, 00, 00, 00, 04, 00, 00], status=0x00, transferred=24, duration=0ms, info=0x0, sense=[NO SENSE] ASC=0x00 ASCQ=0x00
[2026-09-27T13:29:01Z DEBUG tape_rs::scsi::device] SG_IO: device=/dev/sg3 cdb=[5e, 00, 00, 00, 00, 00, 00, 04, 00, 00] bytes=1024 wall_us=579 duration_ms=1 result=Ok(0) status=0x0 host=0x0 driver=0x0 resid=1008 info=0x0 sense=[]
[2026-09-27T13:29:01Z DEBUG tape_rs::scsi::device] SCSI 命令完成: cdb=[5e, 00, 00, 00, 00, 00, 00, 04, 00, 00], status=0x00, transferred=16, duration=1ms, info=0x0, sense=[NO SENSE] ASC=0x00 ASCQ=0x00
[2026-09-27T13:29:01Z DEBUG tape_rs::scsi::device] SG_IO: device=/dev/sg3 cdb=[5e, 01, 00, 00, 00, 00, 00, 04, 00, 00] bytes=1024 wall_us=682 duration_ms=1 result=Ok(0) status=0x0 host=0x0 driver=0x0 resid=1000 info=0x0 sense=[]
[2026-09-27T13:29:01Z DEBUG tape_rs::scsi::device] SCSI 命令完成: cdb=[5e, 01, 00, 00, 00, 00, 00, 04, 00, 00], status=0x00, transferred=24, duration=1ms, info=0x0, sense=[NO SENSE] ASC=0x00 ASCQ=0x00
[2026-09-27T13:29:01Z DEBUG tape_rs::scsi::device] SG_IO: device=/dev/sg5 cdb=[5e, 00, 00, 00, 00, 00, 00, 04, 00, 00] bytes=1024 wall_us=667 duration_ms=0 result=Ok(0) status=0x0 host=0x0 driver=0x0 resid=1008 info=0x0 sense=[]
[2026-09-27T13:29:01Z DEBUG tape_rs::scsi::device] SCSI 命令完成: cdb=[5e, 00, 00, 00, 00, 00, 00, 04, 00, 00], status=0x00, transferred=16, duration=0ms, info=0x0, sense=[NO SENSE] ASC=0x00 ASCQ=0x00
[2026-09-27T13:29:01Z DEBUG tape_rs::scsi::device] SG_IO: device=/dev/sg5 cdb=[5e, 01, 00, 00, 00, 00, 00, 04, 00, 00] bytes=1024 wall_us=562 duration_ms=1 result=Ok(0) status=0x0 host=0x0 driver=0x0 resid=1000 info=0x0 sense=[]
[2026-09-27T13:29:01Z DEBUG tape_rs::scsi::device] SCSI 命令完成: cdb=[5e, 01, 00, 00, 00, 00, 00, 04, 00, 00], status=0x00, transferred=24, duration=1ms, info=0x0, sense=[NO SENSE] ASC=0x00 ASCQ=0x00
[2026-09-27T13:29:01Z INFO  tape_rs::daemon::node] 轮次 2 开始服务：11EB4A80F1 (/dev/sg3) [RC0018L9]: gen=28 文件 3155 个 尾部 Complete；已写入池标记；可用 16444102 MiB
[2026-09-27T13:29:03Z DEBUG tape_rs::scsi::device] SG_IO: device=/dev/sg3 cdb=[00, 00, 00, 00, 00, 00] bytes=0 wall_us=458 duration_ms=0 result=Ok(0) status=0x0 host=0x0 driver=0x0 resid=0 info=0x0 sense=[]
[2026-09-27T13:29:03Z DEBUG tape_rs::scsi::device] SCSI 命令完成: cdb=[00, 00, 00, 00, 00, 00], status=0x00, transferred=0, duration=0ms, info=0x0, sense=[NO SENSE] ASC=0x00 ASCQ=0x00
[2026-09-27T13:29:03Z DEBUG tape_rs::scsi::device] SG_IO: device=/dev/sg3 cdb=[5e, 00, 00, 00, 00, 00, 00, 04, 00, 00] bytes=1024 wall_us=675 duration_ms=1 result=Ok(0) status=0x0 host=0x0 driver=0x0 resid=1008 info=0x0 sense=[]
[2026-09-27T13:29:03Z DEBUG tape_rs::scsi::device] SCSI 命令完成: cdb=[5e, 00, 00, 00, 00, 00, 00, 04, 00, 00], status=0x00, transferred=16, duration=1ms, info=0x0, sense=[NO SENSE] ASC=0x00 ASCQ=0x00
[2026-09-27T13:29:03Z DEBUG tape_rs::scsi::device] SG_IO: device=/dev/sg3 cdb=[5e, 01, 00, 00, 00, 00, 00, 04, 00, 00] bytes=1024 wall_us=669 duration_ms=0 result=Ok(0) status=0x0 host=0x0 driver=0x0 resid=1000 info=0x0 sense=[]
[2026-09-27T13:29:03Z DEBUG tape_rs::scsi::device] SCSI 命令完成: cdb=[5e, 01, 00, 00, 00, 00, 00, 04, 00, 00], status=0x00, transferred=24, duration=0ms, info=0x0, sense=[NO SENSE] ASC=0x00 ASCQ=0x00
[2026-09-27T13:29:03Z DEBUG tape_rs::scsi::device] SG_IO: device=/dev/sg3 cdb=[5e, 00, 00, 00, 00, 00, 00, 04, 00, 00] bytes=1024 wall_us=436 duration_ms=0 result=Ok(0) status=0x0 host=0x0 driver=0x0 resid=1008 info=0x0 sense=[]
[2026-09-27T13:29:03Z DEBUG tape_rs::scsi::device] SCSI 命令完成: cdb=[5e, 00, 00, 00, 00, 00, 00, 04, 00, 00], status=0x00, transferred=16, duration=0ms, info=0x0, sense=[NO SENSE] ASC=0x00 ASCQ=0x00
[2026-09-27T13:29:03Z DEBUG tape_rs::scsi::device] SG_IO: device=/dev/sg3 cdb=[5e, 01, 00, 00, 00, 00, 00, 04, 00, 00] bytes=1024 wall_us=676 duration_ms=1 result=Ok(0) status=0x0 host=0x0 driver=0x0 resid=1000 info=0x0 sense=[]
[2026-09-27T13:29:03Z DEBUG tape_rs::scsi::device] SCSI 命令完成: cdb=[5e, 01, 00, 00, 00, 00, 00, 04, 00, 00], status=0x00, transferred=24, duration=1ms, info=0x0, sense=[NO SENSE] ASC=0x00 ASCQ=0x00
[2026-09-27T13:29:03Z DEBUG tape_rs::scsi::device] SG_IO: device=/dev/sg3 cdb=[34, 00, 00, 00, 00, 00, 00, 00, 00, 00] bytes=20 wall_us=767 duration_ms=0 result=Ok(0) status=0x0 host=0x0 driver=0x0 resid=0 info=0x0 sense=[]
[2026-09-27T13:29:03Z DEBUG tape_rs::scsi::device] SCSI 命令完成: cdb=[34, 00, 00, 00, 00, 00, 00, 00, 00, 00], status=0x00, transferred=20, duration=0ms, info=0x0, sense=[NO SENSE] ASC=0x00 ASCQ=0x00
[2026-09-27T13:29:03Z INFO  tape_rs::tape::commands] 定位到 partition=1, block=38156
[2026-09-27T13:29:38Z DEBUG tape_rs::scsi::device] SG_IO: device=/dev/sg3 cdb=[92, 02, 00, 01, 00, 00, 00, 00, 00, 00, 95, 0c, 00, 00, 00, 00] bytes=0 wall_us=35073061 duration_ms=35074 result=Ok(0) status=0x0 host=0x0 driver=0x0 resid=0 info=0x0 sense=[]
[2026-09-27T13:29:38Z DEBUG tape_rs::scsi::device] SCSI 命令完成: cdb=[92, 02, 00, 01, 00, 00, 00, 00, 00, 00, 95, 0c, 00, 00, 00, 00], status=0x00, transferred=0, duration=35074ms, info=0x0, sense=[NO SENSE] ASC=0x00 ASCQ=0x00
[2026-09-27T13:29:38Z DEBUG tape_rs::scsi::device] SG_IO: device=/dev/sg3 cdb=[0a, 00, 00, 10, 00, 00] bytes=4096 wall_us=84878 duration_ms=84 result=Ok(0) status=0x0 host=0x0 driver=0x0 resid=0 info=0x0 sense=[]
[2026-09-27T13:29:38Z DEBUG tape_rs::scsi::device] SCSI 命令完成: cdb=[0a, 00, 00, 10, 00, 00], status=0x00, transferred=4096, duration=84ms, info=0x0, sense=[NO SENSE] ASC=0x00 ASCQ=0x00
[2026-09-27T13:29:38Z INFO  tape_rs::ltfs::volume] 追加 /comparison/session-20260927/f0.bin: 4096 字节 @ P1 block 38156
[2026-09-27T13:29:38Z DEBUG tape_rs::scsi::device] SG_IO: device=/dev/sg3 cdb=[5e, 00, 00, 00, 00, 00, 00, 04, 00, 00] bytes=1024 wall_us=609 duration_ms=0 result=Ok(0) status=0x0 host=0x0 driver=0x0 resid=1008 info=0x0 sense=[]
[2026-09-27T13:29:38Z DEBUG tape_rs::scsi::device] SCSI 命令完成: cdb=[5e, 00, 00, 00, 00, 00, 00, 04, 00, 00], status=0x00, transferred=16, duration=0ms, info=0x0, sense=[NO SENSE] ASC=0x00 ASCQ=0x00
[2026-09-27T13:29:38Z DEBUG tape_rs::scsi::device] SG_IO: device=/dev/sg3 cdb=[5e, 01, 00, 00, 00, 00, 00, 04, 00, 00] bytes=1024 wall_us=704 duration_ms=1 result=Ok(0) status=0x0 host=0x0 driver=0x0 resid=1000 info=0x0 sense=[]
[2026-09-27T13:29:38Z DEBUG tape_rs::scsi::device] SCSI 命令完成: cdb=[5e, 01, 00, 00, 00, 00, 00, 04, 00, 00], status=0x00, transferred=24, duration=1ms, info=0x0, sense=[NO SENSE] ASC=0x00 ASCQ=0x00
[2026-09-27T13:29:38Z DEBUG tape_rs::scsi::device] SG_IO: device=/dev/sg3 cdb=[34, 00, 00, 00, 00, 00, 00, 00, 00, 00] bytes=20 wall_us=805 duration_ms=1 result=Ok(0) status=0x0 host=0x0 driver=0x0 resid=0 info=0x0 sense=[]
[2026-09-27T13:29:38Z DEBUG tape_rs::scsi::device] SCSI 命令完成: cdb=[34, 00, 00, 00, 00, 00, 00, 00, 00, 00], status=0x00, transferred=20, duration=1ms, info=0x0, sense=[NO SENSE] ASC=0x00 ASCQ=0x00
[2026-09-27T13:29:38Z DEBUG tape_rs::scsi::device] SG_IO: device=/dev/sg3 cdb=[10, 01, 00, 00, 01, 00] bytes=0 wall_us=5930 duration_ms=6 result=Ok(0) status=0x0 host=0x0 driver=0x0 resid=0 info=0x0 sense=[]
[2026-09-27T13:29:38Z DEBUG tape_rs::scsi::device] SCSI 命令完成: cdb=[10, 01, 00, 00, 01, 00], status=0x00, transferred=0, duration=6ms, info=0x0, sense=[NO SENSE] ASC=0x00 ASCQ=0x00
[2026-09-27T13:29:38Z DEBUG tape_rs::scsi::device] SG_IO: device=/dev/sg3 cdb=[0a, 00, 00, 0d, 8e, 00] bytes=3470 wall_us=2157 duration_ms=3 result=Ok(0) status=0x0 host=0x0 driver=0x0 resid=0 info=0x0 sense=[]
[2026-09-27T13:29:38Z DEBUG tape_rs::scsi::device] SCSI 命令完成: cdb=[0a, 00, 00, 0d, 8e, 00], status=0x00, transferred=3470, duration=3ms, info=0x0, sense=[NO SENSE] ASC=0x00 ASCQ=0x00
[2026-09-27T13:29:46Z DEBUG tape_rs::scsi::device] SG_IO: device=/dev/sg3 cdb=[10, 00, 00, 00, 01, 00] bytes=0 wall_us=7503813 duration_ms=7503 result=Ok(0) status=0x0 host=0x0 driver=0x0 resid=0 info=0x0 sense=[]
[2026-09-27T13:29:46Z DEBUG tape_rs::scsi::device] SCSI 命令完成: cdb=[10, 00, 00, 00, 01, 00], status=0x00, transferred=0, duration=7503ms, info=0x0, sense=[NO SENSE] ASC=0x00 ASCQ=0x00
[2026-09-27T13:29:46Z DEBUG tape_rs::scsi::device] SG_IO: device=/dev/sg3 cdb=[5e, 00, 00, 00, 00, 00, 00, 04, 00, 00] bytes=1024 wall_us=688 duration_ms=1 result=Ok(0) status=0x0 host=0x0 driver=0x0 resid=1008 info=0x0 sense=[]
[2026-09-27T13:29:46Z DEBUG tape_rs::scsi::device] SCSI 命令完成: cdb=[5e, 00, 00, 00, 00, 00, 00, 04, 00, 00], status=0x00, transferred=16, duration=1ms, info=0x0, sense=[NO SENSE] ASC=0x00 ASCQ=0x00
[2026-09-27T13:29:46Z DEBUG tape_rs::scsi::device] SG_IO: device=/dev/sg3 cdb=[5e, 01, 00, 00, 00, 00, 00, 04, 00, 00] bytes=1024 wall_us=673 duration_ms=1 result=Ok(0) status=0x0 host=0x0 driver=0x0 resid=1000 info=0x0 sense=[]
[2026-09-27T13:29:46Z DEBUG tape_rs::scsi::device] SCSI 命令完成: cdb=[5e, 01, 00, 00, 00, 00, 00, 04, 00, 00], status=0x00, transferred=24, duration=1ms, info=0x0, sense=[NO SENSE] ASC=0x00 ASCQ=0x00
[2026-09-27T13:29:46Z DEBUG tape_rs::scsi::device] SG_IO: device=/dev/sg3 cdb=[10, 00, 00, 00, 00, 00] bytes=0 wall_us=1754 duration_ms=2 result=Ok(0) status=0x0 host=0x0 driver=0x0 resid=0 info=0x0 sense=[]
[2026-09-27T13:29:46Z DEBUG tape_rs::scsi::device] SCSI 命令完成: cdb=[10, 00, 00, 00, 00, 00], status=0x00, transferred=0, duration=2ms, info=0x0, sense=[NO SENSE] ASC=0x00 ASCQ=0x00
[2026-09-27T13:29:48Z DEBUG tape_rs::scsi::device] SG_IO: device=/dev/sg3 cdb=[8c, 00, 00, 00, 00, 00, 00, 00, 00, 09, 00, 00, 02, 00, 00, 00] bytes=512 wall_us=2825326 duration_ms=2825 result=Ok(0) status=0x0 host=0x0 driver=0x0 resid=0 info=0x0 sense=[]
[2026-09-27T13:29:48Z DEBUG tape_rs::scsi::device] SCSI 命令完成: cdb=[8c, 00, 00, 00, 00, 00, 00, 00, 00, 09, 00, 00, 02, 00, 00, 00], status=0x00, transferred=512, duration=2825ms, info=0x0, sense=[NO SENSE] ASC=0x00 ASCQ=0x00
[2026-09-27T13:29:50Z DEBUG tape_rs::scsi::device] SG_IO: device=/dev/sg3 cdb=[8d, 01, 00, 00, 00, 00, 00, 00, 00, 00, 00, 00, 00, 4f, 00, 00] bytes=79 wall_us=1638790 duration_ms=1639 result=Ok(0) status=0x0 host=0x0 driver=0x0 resid=0 info=0x0 sense=[]
[2026-09-27T13:29:50Z DEBUG tape_rs::scsi::device] SCSI 命令完成: cdb=[8d, 01, 00, 00, 00, 00, 00, 00, 00, 00, 00, 00, 00, 4f, 00, 00], status=0x00, transferred=79, duration=1639ms, info=0x0, sense=[NO SENSE] ASC=0x00 ASCQ=0x00
[2026-09-27T13:29:52Z DEBUG tape_rs::scsi::device] SG_IO: device=/dev/sg3 cdb=[8d, 01, 00, 00, 00, 00, 00, 01, 00, 00, 00, 00, 00, 4f, 00, 00] bytes=79 wall_us=1629963 duration_ms=1630 result=Ok(0) status=0x0 host=0x0 driver=0x0 resid=0 info=0x0 sense=[]
[2026-09-27T13:29:52Z DEBUG tape_rs::scsi::device] SCSI 命令完成: cdb=[8d, 01, 00, 00, 00, 00, 00, 01, 00, 00, 00, 00, 00, 4f, 00, 00], status=0x00, transferred=79, duration=1630ms, info=0x0, sense=[NO SENSE] ASC=0x00 ASCQ=0x00
[2026-09-27T13:29:52Z INFO  tape_rs::ltfs::volume] commit: gen 30 @ DP 38158, IP checkpoint=false
[2026-09-27T13:29:52Z DEBUG tape_rs::scsi::device] SG_IO: device=/dev/sg3 cdb=[8c, 00, 00, 00, 00, 00, 00, 01, 00, 00, 00, 00, 02, 00, 00, 00] bytes=512 wall_us=1851 duration_ms=2 result=Ok(0) status=0x0 host=0x0 driver=0x0 resid=0 info=0x0 sense=[]
[2026-09-27T13:29:52Z DEBUG tape_rs::scsi::device] SCSI 命令完成: cdb=[8c, 00, 00, 00, 00, 00, 00, 01, 00, 00, 00, 00, 02, 00, 00, 00], status=0x00, transferred=512, duration=2ms, info=0x0, sense=[NO SENSE] ASC=0x00 ASCQ=0x00
[2026-09-27T13:29:52Z DEBUG tape_rs::scsi::device] SG_IO: device=/dev/sg3 cdb=[8c, 00, 00, 00, 00, 00, 00, 01, 00, 01, 00, 00, 02, 00, 00, 00] bytes=512 wall_us=1857 duration_ms=2 result=Ok(0) status=0x0 host=0x0 driver=0x0 resid=0 info=0x0 sense=[]
[2026-09-27T13:29:52Z DEBUG tape_rs::scsi::device] SCSI 命令完成: cdb=[8c, 00, 00, 00, 00, 00, 00, 01, 00, 01, 00, 00, 02, 00, 00, 00], status=0x00, transferred=512, duration=2ms, info=0x0, sense=[NO SENSE] ASC=0x00 ASCQ=0x00
[2026-09-27T13:29:52Z INFO  tape_rs::daemon::executor] 执行线程: 已提交 1 个文件，索引 gen=30
[2026-09-27T13:29:52Z DEBUG tape_rs::scsi::device] SG_IO: device=/dev/sg3 cdb=[5e, 00, 00, 00, 00, 00, 00, 04, 00, 00] bytes=1024 wall_us=618 duration_ms=1 result=Ok(0) status=0x0 host=0x0 driver=0x0 resid=1008 info=0x0 sense=[]
[2026-09-27T13:29:52Z DEBUG tape_rs::scsi::device] SCSI 命令完成: cdb=[5e, 00, 00, 00, 00, 00, 00, 04, 00, 00], status=0x00, transferred=16, duration=1ms, info=0x0, sense=[NO SENSE] ASC=0x00 ASCQ=0x00
[2026-09-27T13:29:52Z DEBUG tape_rs::scsi::device] SG_IO: device=/dev/sg3 cdb=[5e, 01, 00, 00, 00, 00, 00, 04, 00, 00] bytes=1024 wall_us=579 duration_ms=0 result=Ok(0) status=0x0 host=0x0 driver=0x0 resid=1000 info=0x0 sense=[]
[2026-09-27T13:29:52Z DEBUG tape_rs::scsi::device] SCSI 命令完成: cdb=[5e, 01, 00, 00, 00, 00, 00, 04, 00, 00], status=0x00, transferred=24, duration=0ms, info=0x0, sense=[NO SENSE] ASC=0x00 ASCQ=0x00
[2026-09-27T13:29:52Z DEBUG tape_rs::scsi::device] SG_IO: device=/dev/sg5 cdb=[5e, 00, 00, 00, 00, 00, 00, 04, 00, 00] bytes=1024 wall_us=668 duration_ms=1 result=Ok(0) status=0x0 host=0x0 driver=0x0 resid=1008 info=0x0 sense=[]
[2026-09-27T13:29:52Z DEBUG tape_rs::scsi::device] SCSI 命令完成: cdb=[5e, 00, 00, 00, 00, 00, 00, 04, 00, 00], status=0x00, transferred=16, duration=1ms, info=0x0, sense=[NO SENSE] ASC=0x00 ASCQ=0x00
[2026-09-27T13:29:52Z DEBUG tape_rs::scsi::device] SG_IO: device=/dev/sg5 cdb=[5e, 01, 00, 00, 00, 00, 00, 04, 00, 00] bytes=1024 wall_us=660 duration_ms=1 result=Ok(0) status=0x0 host=0x0 driver=0x0 resid=1000 info=0x0 sense=[]
[2026-09-27T13:29:52Z DEBUG tape_rs::scsi::device] SCSI 命令完成: cdb=[5e, 01, 00, 00, 00, 00, 00, 04, 00, 00], status=0x00, transferred=24, duration=1ms, info=0x0, sense=[NO SENSE] ASC=0x00 ASCQ=0x00
[2026-09-27T13:29:52Z DEBUG tape_rs::scsi::device] SG_IO: device=/dev/sg3 cdb=[00, 00, 00, 00, 00, 00] bytes=0 wall_us=486 duration_ms=0 result=Ok(0) status=0x0 host=0x0 driver=0x0 resid=0 info=0x0 sense=[]
[2026-09-27T13:29:52Z DEBUG tape_rs::scsi::device] SCSI 命令完成: cdb=[00, 00, 00, 00, 00, 00], status=0x00, transferred=0, duration=0ms, info=0x0, sense=[NO SENSE] ASC=0x00 ASCQ=0x00
[2026-09-27T13:29:52Z DEBUG tape_rs::scsi::device] SG_IO: device=/dev/sg3 cdb=[5e, 00, 00, 00, 00, 00, 00, 04, 00, 00] bytes=1024 wall_us=705 duration_ms=1 result=Ok(0) status=0x0 host=0x0 driver=0x0 resid=1008 info=0x0 sense=[]
[2026-09-27T13:29:52Z DEBUG tape_rs::scsi::device] SCSI 命令完成: cdb=[5e, 00, 00, 00, 00, 00, 00, 04, 00, 00], status=0x00, transferred=16, duration=1ms, info=0x0, sense=[NO SENSE] ASC=0x00 ASCQ=0x00
[2026-09-27T13:29:52Z DEBUG tape_rs::scsi::device] SG_IO: device=/dev/sg3 cdb=[5e, 01, 00, 00, 00, 00, 00, 04, 00, 00] bytes=1024 wall_us=677 duration_ms=1 result=Ok(0) status=0x0 host=0x0 driver=0x0 resid=1000 info=0x0 sense=[]
[2026-09-27T13:29:52Z DEBUG tape_rs::scsi::device] SCSI 命令完成: cdb=[5e, 01, 00, 00, 00, 00, 00, 04, 00, 00], status=0x00, transferred=24, duration=1ms, info=0x0, sense=[NO SENSE] ASC=0x00 ASCQ=0x00
[2026-09-27T13:29:52Z DEBUG tape_rs::scsi::device] SG_IO: device=/dev/sg3 cdb=[5e, 00, 00, 00, 00, 00, 00, 04, 00, 00] bytes=1024 wall_us=518 duration_ms=0 result=Ok(0) status=0x0 host=0x0 driver=0x0 resid=1008 info=0x0 sense=[]
[2026-09-27T13:29:52Z DEBUG tape_rs::scsi::device] SCSI 命令完成: cdb=[5e, 00, 00, 00, 00, 00, 00, 04, 00, 00], status=0x00, transferred=16, duration=0ms, info=0x0, sense=[NO SENSE] ASC=0x00 ASCQ=0x00
[2026-09-27T13:29:52Z DEBUG tape_rs::scsi::device] SG_IO: device=/dev/sg3 cdb=[5e, 01, 00, 00, 00, 00, 00, 04, 00, 00] bytes=1024 wall_us=679 duration_ms=1 result=Ok(0) status=0x0 host=0x0 driver=0x0 resid=1000 info=0x0 sense=[]
[2026-09-27T13:29:52Z DEBUG tape_rs::scsi::device] SCSI 命令完成: cdb=[5e, 01, 00, 00, 00, 00, 00, 04, 00, 00], status=0x00, transferred=24, duration=1ms, info=0x0, sense=[NO SENSE] ASC=0x00 ASCQ=0x00
[2026-09-27T13:29:52Z DEBUG tape_rs::scsi::device] SG_IO: device=/dev/sg3 cdb=[34, 00, 00, 00, 00, 00, 00, 00, 00, 00] bytes=20 wall_us=770 duration_ms=1 result=Ok(0) status=0x0 host=0x0 driver=0x0 resid=0 info=0x0 sense=[]
[2026-09-27T13:29:52Z DEBUG tape_rs::scsi::device] SCSI 命令完成: cdb=[34, 00, 00, 00, 00, 00, 00, 00, 00, 00], status=0x00, transferred=20, duration=1ms, info=0x0, sense=[NO SENSE] ASC=0x00 ASCQ=0x00
[2026-09-27T13:29:56Z DEBUG tape_rs::scsi::device] SG_IO: device=/dev/sg3 cdb=[0a, 00, 00, 10, 00, 00] bytes=4096 wall_us=4699772 duration_ms=4700 result=Ok(0) status=0x0 host=0x0 driver=0x0 resid=0 info=0x0 sense=[]
[2026-09-27T13:29:56Z DEBUG tape_rs::scsi::device] SCSI 命令完成: cdb=[0a, 00, 00, 10, 00, 00], status=0x00, transferred=4096, duration=4700ms, info=0x0, sense=[NO SENSE] ASC=0x00 ASCQ=0x00
[2026-09-27T13:29:56Z INFO  tape_rs::ltfs::volume] 追加 /comparison/session-20260927/f1.bin: 4096 字节 @ P1 block 38160
[2026-09-27T13:29:56Z DEBUG tape_rs::scsi::device] SG_IO: device=/dev/sg3 cdb=[5e, 00, 00, 00, 00, 00, 00, 04, 00, 00] bytes=1024 wall_us=593 duration_ms=0 result=Ok(0) status=0x0 host=0x0 driver=0x0 resid=1008 info=0x0 sense=[]
[2026-09-27T13:29:56Z DEBUG tape_rs::scsi::device] SCSI 命令完成: cdb=[5e, 00, 00, 00, 00, 00, 00, 04, 00, 00], status=0x00, transferred=16, duration=0ms, info=0x0, sense=[NO SENSE] ASC=0x00 ASCQ=0x00
[2026-09-27T13:29:56Z DEBUG tape_rs::scsi::device] SG_IO: device=/dev/sg3 cdb=[5e, 01, 00, 00, 00, 00, 00, 04, 00, 00] bytes=1024 wall_us=703 duration_ms=1 result=Ok(0) status=0x0 host=0x0 driver=0x0 resid=1000 info=0x0 sense=[]
[2026-09-27T13:29:56Z DEBUG tape_rs::scsi::device] SCSI 命令完成: cdb=[5e, 01, 00, 00, 00, 00, 00, 04, 00, 00], status=0x00, transferred=24, duration=1ms, info=0x0, sense=[NO SENSE] ASC=0x00 ASCQ=0x00
[2026-09-27T13:29:56Z DEBUG tape_rs::scsi::device] SG_IO: device=/dev/sg3 cdb=[34, 00, 00, 00, 00, 00, 00, 00, 00, 00] bytes=20 wall_us=808 duration_ms=1 result=Ok(0) status=0x0 host=0x0 driver=0x0 resid=0 info=0x0 sense=[]
[2026-09-27T13:29:56Z DEBUG tape_rs::scsi::device] SCSI 命令完成: cdb=[34, 00, 00, 00, 00, 00, 00, 00, 00, 00], status=0x00, transferred=20, duration=1ms, info=0x0, sense=[NO SENSE] ASC=0x00 ASCQ=0x00
[2026-09-27T13:29:56Z DEBUG tape_rs::scsi::device] SG_IO: device=/dev/sg3 cdb=[10, 01, 00, 00, 01, 00] bytes=0 wall_us=6383 duration_ms=6 result=Ok(0) status=0x0 host=0x0 driver=0x0 resid=0 info=0x0 sense=[]
[2026-09-27T13:29:56Z DEBUG tape_rs::scsi::device] SCSI 命令完成: cdb=[10, 01, 00, 00, 01, 00], status=0x00, transferred=0, duration=6ms, info=0x0, sense=[NO SENSE] ASC=0x00 ASCQ=0x00
[2026-09-27T13:29:56Z DEBUG tape_rs::scsi::device] SG_IO: device=/dev/sg3 cdb=[0a, 00, 00, 0e, 0f, 00] bytes=3599 wall_us=2239 duration_ms=2 result=Ok(0) status=0x0 host=0x0 driver=0x0 resid=0 info=0x0 sense=[]
[2026-09-27T13:29:56Z DEBUG tape_rs::scsi::device] SCSI 命令完成: cdb=[0a, 00, 00, 0e, 0f, 00], status=0x00, transferred=3599, duration=2ms, info=0x0, sense=[NO SENSE] ASC=0x00 ASCQ=0x00
[2026-09-27T13:30:04Z DEBUG tape_rs::scsi::device] SG_IO: device=/dev/sg3 cdb=[10, 00, 00, 00, 01, 00] bytes=0 wall_us=7515318 duration_ms=7515 result=Ok(0) status=0x0 host=0x0 driver=0x0 resid=0 info=0x0 sense=[]
[2026-09-27T13:30:04Z DEBUG tape_rs::scsi::device] SCSI 命令完成: cdb=[10, 00, 00, 00, 01, 00], status=0x00, transferred=0, duration=7515ms, info=0x0, sense=[NO SENSE] ASC=0x00 ASCQ=0x00
[2026-09-27T13:30:04Z DEBUG tape_rs::scsi::device] SG_IO: device=/dev/sg3 cdb=[5e, 00, 00, 00, 00, 00, 00, 04, 00, 00] bytes=1024 wall_us=667 duration_ms=1 result=Ok(0) status=0x0 host=0x0 driver=0x0 resid=1008 info=0x0 sense=[]
[2026-09-27T13:30:04Z DEBUG tape_rs::scsi::device] SCSI 命令完成: cdb=[5e, 00, 00, 00, 00, 00, 00, 04, 00, 00], status=0x00, transferred=16, duration=1ms, info=0x0, sense=[NO SENSE] ASC=0x00 ASCQ=0x00
[2026-09-27T13:30:04Z DEBUG tape_rs::scsi::device] SG_IO: device=/dev/sg3 cdb=[5e, 01, 00, 00, 00, 00, 00, 04, 00, 00] bytes=1024 wall_us=585 duration_ms=0 result=Ok(0) status=0x0 host=0x0 driver=0x0 resid=1000 info=0x0 sense=[]
[2026-09-27T13:30:04Z DEBUG tape_rs::scsi::device] SCSI 命令完成: cdb=[5e, 01, 00, 00, 00, 00, 00, 04, 00, 00], status=0x00, transferred=24, duration=0ms, info=0x0, sense=[NO SENSE] ASC=0x00 ASCQ=0x00
[2026-09-27T13:30:04Z DEBUG tape_rs::scsi::device] SG_IO: device=/dev/sg3 cdb=[10, 00, 00, 00, 00, 00] bytes=0 wall_us=1753 duration_ms=2 result=Ok(0) status=0x0 host=0x0 driver=0x0 resid=0 info=0x0 sense=[]
[2026-09-27T13:30:04Z DEBUG tape_rs::scsi::device] SCSI 命令完成: cdb=[10, 00, 00, 00, 00, 00], status=0x00, transferred=0, duration=2ms, info=0x0, sense=[NO SENSE] ASC=0x00 ASCQ=0x00
[2026-09-27T13:30:07Z DEBUG tape_rs::scsi::device] SG_IO: device=/dev/sg3 cdb=[8c, 00, 00, 00, 00, 00, 00, 00, 00, 09, 00, 00, 02, 00, 00, 00] bytes=512 wall_us=2813813 duration_ms=2814 result=Ok(0) status=0x0 host=0x0 driver=0x0 resid=0 info=0x0 sense=[]
[2026-09-27T13:30:07Z DEBUG tape_rs::scsi::device] SCSI 命令完成: cdb=[8c, 00, 00, 00, 00, 00, 00, 00, 00, 09, 00, 00, 02, 00, 00, 00], status=0x00, transferred=512, duration=2814ms, info=0x0, sense=[NO SENSE] ASC=0x00 ASCQ=0x00
[2026-09-27T13:30:08Z DEBUG tape_rs::scsi::device] SG_IO: device=/dev/sg3 cdb=[8d, 01, 00, 00, 00, 00, 00, 00, 00, 00, 00, 00, 00, 4f, 00, 00] bytes=79 wall_us=1633264 duration_ms=1633 result=Ok(0) status=0x0 host=0x0 driver=0x0 resid=0 info=0x0 sense=[]
[2026-09-27T13:30:08Z DEBUG tape_rs::scsi::device] SCSI 命令完成: cdb=[8d, 01, 00, 00, 00, 00, 00, 00, 00, 00, 00, 00, 00, 4f, 00, 00], status=0x00, transferred=79, duration=1633ms, info=0x0, sense=[NO SENSE] ASC=0x00 ASCQ=0x00
[2026-09-27T13:30:10Z DEBUG tape_rs::scsi::device] SG_IO: device=/dev/sg3 cdb=[8d, 01, 00, 00, 00, 00, 00, 01, 00, 00, 00, 00, 00, 4f, 00, 00] bytes=79 wall_us=1629148 duration_ms=1629 result=Ok(0) status=0x0 host=0x0 driver=0x0 resid=0 info=0x0 sense=[]
[2026-09-27T13:30:10Z DEBUG tape_rs::scsi::device] SCSI 命令完成: cdb=[8d, 01, 00, 00, 00, 00, 00, 01, 00, 00, 00, 00, 00, 4f, 00, 00], status=0x00, transferred=79, duration=1629ms, info=0x0, sense=[NO SENSE] ASC=0x00 ASCQ=0x00
[2026-09-27T13:30:10Z INFO  tape_rs::ltfs::volume] commit: gen 31 @ DP 38162, IP checkpoint=false
[2026-09-27T13:30:10Z DEBUG tape_rs::scsi::device] SG_IO: device=/dev/sg3 cdb=[8c, 00, 00, 00, 00, 00, 00, 01, 00, 00, 00, 00, 02, 00, 00, 00] bytes=512 wall_us=1768 duration_ms=1 result=Ok(0) status=0x0 host=0x0 driver=0x0 resid=0 info=0x0 sense=[]
[2026-09-27T13:30:10Z DEBUG tape_rs::scsi::device] SCSI 命令完成: cdb=[8c, 00, 00, 00, 00, 00, 00, 01, 00, 00, 00, 00, 02, 00, 00, 00], status=0x00, transferred=512, duration=1ms, info=0x0, sense=[NO SENSE] ASC=0x00 ASCQ=0x00
[2026-09-27T13:30:10Z DEBUG tape_rs::scsi::device] SG_IO: device=/dev/sg3 cdb=[8c, 00, 00, 00, 00, 00, 00, 01, 00, 01, 00, 00, 02, 00, 00, 00] bytes=512 wall_us=1867 duration_ms=1 result=Ok(0) status=0x0 host=0x0 driver=0x0 resid=0 info=0x0 sense=[]
[2026-09-27T13:30:10Z DEBUG tape_rs::scsi::device] SCSI 命令完成: cdb=[8c, 00, 00, 00, 00, 00, 00, 01, 00, 01, 00, 00, 02, 00, 00, 00], status=0x00, transferred=512, duration=1ms, info=0x0, sense=[NO SENSE] ASC=0x00 ASCQ=0x00
[2026-09-27T13:30:10Z INFO  tape_rs::daemon::executor] 执行线程: 已提交 1 个文件，索引 gen=31
[2026-09-27T13:30:10Z DEBUG tape_rs::scsi::device] SG_IO: device=/dev/sg3 cdb=[5e, 00, 00, 00, 00, 00, 00, 04, 00, 00] bytes=1024 wall_us=533 duration_ms=0 result=Ok(0) status=0x0 host=0x0 driver=0x0 resid=1008 info=0x0 sense=[]
[2026-09-27T13:30:10Z DEBUG tape_rs::scsi::device] SCSI 命令完成: cdb=[5e, 00, 00, 00, 00, 00, 00, 04, 00, 00], status=0x00, transferred=16, duration=0ms, info=0x0, sense=[NO SENSE] ASC=0x00 ASCQ=0x00
[2026-09-27T13:30:10Z DEBUG tape_rs::scsi::device] SG_IO: device=/dev/sg3 cdb=[5e, 01, 00, 00, 00, 00, 00, 04, 00, 00] bytes=1024 wall_us=659 duration_ms=1 result=Ok(0) status=0x0 host=0x0 driver=0x0 resid=1000 info=0x0 sense=[]
[2026-09-27T13:30:10Z DEBUG tape_rs::scsi::device] SCSI 命令完成: cdb=[5e, 01, 00, 00, 00, 00, 00, 04, 00, 00], status=0x00, transferred=24, duration=1ms, info=0x0, sense=[NO SENSE] ASC=0x00 ASCQ=0x00
[2026-09-27T13:30:10Z DEBUG tape_rs::scsi::device] SG_IO: device=/dev/sg5 cdb=[5e, 00, 00, 00, 00, 00, 00, 04, 00, 00] bytes=1024 wall_us=569 duration_ms=1 result=Ok(0) status=0x0 host=0x0 driver=0x0 resid=1008 info=0x0 sense=[]
[2026-09-27T13:30:10Z DEBUG tape_rs::scsi::device] SCSI 命令完成: cdb=[5e, 00, 00, 00, 00, 00, 00, 04, 00, 00], status=0x00, transferred=16, duration=1ms, info=0x0, sense=[NO SENSE] ASC=0x00 ASCQ=0x00
[2026-09-27T13:30:10Z DEBUG tape_rs::scsi::device] SG_IO: device=/dev/sg5 cdb=[5e, 01, 00, 00, 00, 00, 00, 04, 00, 00] bytes=1024 wall_us=661 duration_ms=0 result=Ok(0) status=0x0 host=0x0 driver=0x0 resid=1000 info=0x0 sense=[]
[2026-09-27T13:30:10Z DEBUG tape_rs::scsi::device] SCSI 命令完成: cdb=[5e, 01, 00, 00, 00, 00, 00, 04, 00, 00], status=0x00, transferred=24, duration=0ms, info=0x0, sense=[NO SENSE] ASC=0x00 ASCQ=0x00
[2026-09-27T13:30:10Z DEBUG tape_rs::scsi::device] SG_IO: device=/dev/sg3 cdb=[00, 00, 00, 00, 00, 00] bytes=0 wall_us=582 duration_ms=1 result=Ok(0) status=0x0 host=0x0 driver=0x0 resid=0 info=0x0 sense=[]
[2026-09-27T13:30:10Z DEBUG tape_rs::scsi::device] SCSI 命令完成: cdb=[00, 00, 00, 00, 00, 00], status=0x00, transferred=0, duration=1ms, info=0x0, sense=[NO SENSE] ASC=0x00 ASCQ=0x00
[2026-09-27T13:30:10Z DEBUG tape_rs::scsi::device] SG_IO: device=/dev/sg3 cdb=[5e, 00, 00, 00, 00, 00, 00, 04, 00, 00] bytes=1024 wall_us=607 duration_ms=1 result=Ok(0) status=0x0 host=0x0 driver=0x0 resid=1008 info=0x0 sense=[]
[2026-09-27T13:30:10Z DEBUG tape_rs::scsi::device] SCSI 命令完成: cdb=[5e, 00, 00, 00, 00, 00, 00, 04, 00, 00], status=0x00, transferred=16, duration=1ms, info=0x0, sense=[NO SENSE] ASC=0x00 ASCQ=0x00
[2026-09-27T13:30:10Z DEBUG tape_rs::scsi::device] SG_IO: device=/dev/sg3 cdb=[5e, 01, 00, 00, 00, 00, 00, 04, 00, 00] bytes=1024 wall_us=683 duration_ms=0 result=Ok(0) status=0x0 host=0x0 driver=0x0 resid=1000 info=0x0 sense=[]
[2026-09-27T13:30:10Z DEBUG tape_rs::scsi::device] SCSI 命令完成: cdb=[5e, 01, 00, 00, 00, 00, 00, 04, 00, 00], status=0x00, transferred=24, duration=0ms, info=0x0, sense=[NO SENSE] ASC=0x00 ASCQ=0x00
[2026-09-27T13:30:10Z DEBUG tape_rs::scsi::device] SG_IO: device=/dev/sg3 cdb=[5e, 00, 00, 00, 00, 00, 00, 04, 00, 00] bytes=1024 wall_us=606 duration_ms=1 result=Ok(0) status=0x0 host=0x0 driver=0x0 resid=1008 info=0x0 sense=[]
[2026-09-27T13:30:10Z DEBUG tape_rs::scsi::device] SCSI 命令完成: cdb=[5e, 00, 00, 00, 00, 00, 00, 04, 00, 00], status=0x00, transferred=16, duration=1ms, info=0x0, sense=[NO SENSE] ASC=0x00 ASCQ=0x00
[2026-09-27T13:30:10Z DEBUG tape_rs::scsi::device] SG_IO: device=/dev/sg3 cdb=[5e, 01, 00, 00, 00, 00, 00, 04, 00, 00] bytes=1024 wall_us=571 duration_ms=1 result=Ok(0) status=0x0 host=0x0 driver=0x0 resid=1000 info=0x0 sense=[]
[2026-09-27T13:30:10Z DEBUG tape_rs::scsi::device] SCSI 命令完成: cdb=[5e, 01, 00, 00, 00, 00, 00, 04, 00, 00], status=0x00, transferred=24, duration=1ms, info=0x0, sense=[NO SENSE] ASC=0x00 ASCQ=0x00
[2026-09-27T13:30:10Z DEBUG tape_rs::scsi::device] SG_IO: device=/dev/sg3 cdb=[34, 00, 00, 00, 00, 00, 00, 00, 00, 00] bytes=20 wall_us=762 duration_ms=0 result=Ok(0) status=0x0 host=0x0 driver=0x0 resid=0 info=0x0 sense=[]
[2026-09-27T13:30:10Z DEBUG tape_rs::scsi::device] SCSI 命令完成: cdb=[34, 00, 00, 00, 00, 00, 00, 00, 00, 00], status=0x00, transferred=20, duration=0ms, info=0x0, sense=[NO SENSE] ASC=0x00 ASCQ=0x00
[2026-09-27T13:30:15Z DEBUG tape_rs::scsi::device] SG_IO: device=/dev/sg3 cdb=[0a, 00, 00, 10, 00, 00] bytes=4096 wall_us=4884330 duration_ms=4885 result=Ok(0) status=0x0 host=0x0 driver=0x0 resid=0 info=0x0 sense=[]
[2026-09-27T13:30:15Z DEBUG tape_rs::scsi::device] SCSI 命令完成: cdb=[0a, 00, 00, 10, 00, 00], status=0x00, transferred=4096, duration=4885ms, info=0x0, sense=[NO SENSE] ASC=0x00 ASCQ=0x00
[2026-09-27T13:30:15Z INFO  tape_rs::ltfs::volume] 追加 /comparison/session-20260927/f2.bin: 4096 字节 @ P1 block 38164
[2026-09-27T13:30:15Z DEBUG tape_rs::scsi::device] SG_IO: device=/dev/sg3 cdb=[5e, 00, 00, 00, 00, 00, 00, 04, 00, 00] bytes=1024 wall_us=592 duration_ms=0 result=Ok(0) status=0x0 host=0x0 driver=0x0 resid=1008 info=0x0 sense=[]
[2026-09-27T13:30:15Z DEBUG tape_rs::scsi::device] SCSI 命令完成: cdb=[5e, 00, 00, 00, 00, 00, 00, 04, 00, 00], status=0x00, transferred=16, duration=0ms, info=0x0, sense=[NO SENSE] ASC=0x00 ASCQ=0x00
[2026-09-27T13:30:15Z DEBUG tape_rs::scsi::device] SG_IO: device=/dev/sg3 cdb=[5e, 01, 00, 00, 00, 00, 00, 04, 00, 00] bytes=1024 wall_us=710 duration_ms=1 result=Ok(0) status=0x0 host=0x0 driver=0x0 resid=1000 info=0x0 sense=[]
[2026-09-27T13:30:15Z DEBUG tape_rs::scsi::device] SCSI 命令完成: cdb=[5e, 01, 00, 00, 00, 00, 00, 04, 00, 00], status=0x00, transferred=24, duration=1ms, info=0x0, sense=[NO SENSE] ASC=0x00 ASCQ=0x00
[2026-09-27T13:30:15Z DEBUG tape_rs::scsi::device] SG_IO: device=/dev/sg3 cdb=[34, 00, 00, 00, 00, 00, 00, 00, 00, 00] bytes=20 wall_us=797 duration_ms=1 result=Ok(0) status=0x0 host=0x0 driver=0x0 resid=0 info=0x0 sense=[]
[2026-09-27T13:30:15Z DEBUG tape_rs::scsi::device] SCSI 命令完成: cdb=[34, 00, 00, 00, 00, 00, 00, 00, 00, 00], status=0x00, transferred=20, duration=1ms, info=0x0, sense=[NO SENSE] ASC=0x00 ASCQ=0x00
[2026-09-27T13:30:15Z DEBUG tape_rs::scsi::device] SG_IO: device=/dev/sg3 cdb=[10, 01, 00, 00, 01, 00] bytes=0 wall_us=3314 duration_ms=3 result=Ok(0) status=0x0 host=0x0 driver=0x0 resid=0 info=0x0 sense=[]
[2026-09-27T13:30:15Z DEBUG tape_rs::scsi::device] SCSI 命令完成: cdb=[10, 01, 00, 00, 01, 00], status=0x00, transferred=0, duration=3ms, info=0x0, sense=[NO SENSE] ASC=0x00 ASCQ=0x00
[2026-09-27T13:30:15Z DEBUG tape_rs::scsi::device] SG_IO: device=/dev/sg3 cdb=[0a, 00, 00, 0e, 0f, 00] bytes=3599 wall_us=2228 duration_ms=2 result=Ok(0) status=0x0 host=0x0 driver=0x0 resid=0 info=0x0 sense=[]
[2026-09-27T13:30:15Z DEBUG tape_rs::scsi::device] SCSI 命令完成: cdb=[0a, 00, 00, 0e, 0f, 00], status=0x00, transferred=3599, duration=2ms, info=0x0, sense=[NO SENSE] ASC=0x00 ASCQ=0x00
[2026-09-27T13:30:22Z DEBUG tape_rs::scsi::device] SG_IO: device=/dev/sg3 cdb=[10, 00, 00, 00, 01, 00] bytes=0 wall_us=7372871 duration_ms=7373 result=Ok(0) status=0x0 host=0x0 driver=0x0 resid=0 info=0x0 sense=[]
[2026-09-27T13:30:22Z DEBUG tape_rs::scsi::device] SCSI 命令完成: cdb=[10, 00, 00, 00, 01, 00], status=0x00, transferred=0, duration=7373ms, info=0x0, sense=[NO SENSE] ASC=0x00 ASCQ=0x00
[2026-09-27T13:30:22Z DEBUG tape_rs::scsi::device] SG_IO: device=/dev/sg3 cdb=[5e, 00, 00, 00, 00, 00, 00, 04, 00, 00] bytes=1024 wall_us=679 duration_ms=1 result=Ok(0) status=0x0 host=0x0 driver=0x0 resid=1008 info=0x0 sense=[]
[2026-09-27T13:30:22Z DEBUG tape_rs::scsi::device] SCSI 命令完成: cdb=[5e, 00, 00, 00, 00, 00, 00, 04, 00, 00], status=0x00, transferred=16, duration=1ms, info=0x0, sense=[NO SENSE] ASC=0x00 ASCQ=0x00
[2026-09-27T13:30:22Z DEBUG tape_rs::scsi::device] SG_IO: device=/dev/sg3 cdb=[5e, 01, 00, 00, 00, 00, 00, 04, 00, 00] bytes=1024 wall_us=655 duration_ms=0 result=Ok(0) status=0x0 host=0x0 driver=0x0 resid=1000 info=0x0 sense=[]
[2026-09-27T13:30:22Z DEBUG tape_rs::scsi::device] SCSI 命令完成: cdb=[5e, 01, 00, 00, 00, 00, 00, 04, 00, 00], status=0x00, transferred=24, duration=0ms, info=0x0, sense=[NO SENSE] ASC=0x00 ASCQ=0x00
[2026-09-27T13:30:22Z DEBUG tape_rs::scsi::device] SG_IO: device=/dev/sg3 cdb=[10, 00, 00, 00, 00, 00] bytes=0 wall_us=1759 duration_ms=2 result=Ok(0) status=0x0 host=0x0 driver=0x0 resid=0 info=0x0 sense=[]
[2026-09-27T13:30:22Z DEBUG tape_rs::scsi::device] SCSI 命令完成: cdb=[10, 00, 00, 00, 00, 00], status=0x00, transferred=0, duration=2ms, info=0x0, sense=[NO SENSE] ASC=0x00 ASCQ=0x00
[2026-09-27T13:30:25Z DEBUG tape_rs::scsi::device] SG_IO: device=/dev/sg3 cdb=[8c, 00, 00, 00, 00, 00, 00, 00, 00, 09, 00, 00, 02, 00, 00, 00] bytes=512 wall_us=2928099 duration_ms=2928 result=Ok(0) status=0x0 host=0x0 driver=0x0 resid=0 info=0x0 sense=[]
[2026-09-27T13:30:25Z DEBUG tape_rs::scsi::device] SCSI 命令完成: cdb=[8c, 00, 00, 00, 00, 00, 00, 00, 00, 09, 00, 00, 02, 00, 00, 00], status=0x00, transferred=512, duration=2928ms, info=0x0, sense=[NO SENSE] ASC=0x00 ASCQ=0x00
[2026-09-27T13:30:27Z DEBUG tape_rs::scsi::device] SG_IO: device=/dev/sg3 cdb=[8d, 01, 00, 00, 00, 00, 00, 00, 00, 00, 00, 00, 00, 4f, 00, 00] bytes=79 wall_us=1634031 duration_ms=1634 result=Ok(0) status=0x0 host=0x0 driver=0x0 resid=0 info=0x0 sense=[]
[2026-09-27T13:30:27Z DEBUG tape_rs::scsi::device] SCSI 命令完成: cdb=[8d, 01, 00, 00, 00, 00, 00, 00, 00, 00, 00, 00, 00, 4f, 00, 00], status=0x00, transferred=79, duration=1634ms, info=0x0, sense=[NO SENSE] ASC=0x00 ASCQ=0x00
[2026-09-27T13:30:29Z DEBUG tape_rs::scsi::device] SG_IO: device=/dev/sg3 cdb=[8d, 01, 00, 00, 00, 00, 00, 01, 00, 00, 00, 00, 00, 4f, 00, 00] bytes=79 wall_us=1631951 duration_ms=1632 result=Ok(0) status=0x0 host=0x0 driver=0x0 resid=0 info=0x0 sense=[]
[2026-09-27T13:30:29Z DEBUG tape_rs::scsi::device] SCSI 命令完成: cdb=[8d, 01, 00, 00, 00, 00, 00, 01, 00, 00, 00, 00, 00, 4f, 00, 00], status=0x00, transferred=79, duration=1632ms, info=0x0, sense=[NO SENSE] ASC=0x00 ASCQ=0x00
[2026-09-27T13:30:29Z INFO  tape_rs::ltfs::volume] commit: gen 32 @ DP 38166, IP checkpoint=false
[2026-09-27T13:30:29Z DEBUG tape_rs::scsi::device] SG_IO: device=/dev/sg3 cdb=[8c, 00, 00, 00, 00, 00, 00, 01, 00, 00, 00, 00, 02, 00, 00, 00] bytes=512 wall_us=1882 duration_ms=1 result=Ok(0) status=0x0 host=0x0 driver=0x0 resid=0 info=0x0 sense=[]
[2026-09-27T13:30:29Z DEBUG tape_rs::scsi::device] SCSI 命令完成: cdb=[8c, 00, 00, 00, 00, 00, 00, 01, 00, 00, 00, 00, 02, 00, 00, 00], status=0x00, transferred=512, duration=1ms, info=0x0, sense=[NO SENSE] ASC=0x00 ASCQ=0x00
[2026-09-27T13:30:29Z DEBUG tape_rs::scsi::device] SG_IO: device=/dev/sg3 cdb=[8c, 00, 00, 00, 00, 00, 00, 01, 00, 01, 00, 00, 02, 00, 00, 00] bytes=512 wall_us=1854 duration_ms=2 result=Ok(0) status=0x0 host=0x0 driver=0x0 resid=0 info=0x0 sense=[]
[2026-09-27T13:30:29Z DEBUG tape_rs::scsi::device] SCSI 命令完成: cdb=[8c, 00, 00, 00, 00, 00, 00, 01, 00, 01, 00, 00, 02, 00, 00, 00], status=0x00, transferred=512, duration=2ms, info=0x0, sense=[NO SENSE] ASC=0x00 ASCQ=0x00
[2026-09-27T13:30:29Z INFO  tape_rs::daemon::executor] 执行线程: 已提交 1 个文件，索引 gen=32
[2026-09-27T13:30:29Z DEBUG tape_rs::scsi::device] SG_IO: device=/dev/sg3 cdb=[5e, 00, 00, 00, 00, 00, 00, 04, 00, 00] bytes=1024 wall_us=610 duration_ms=0 result=Ok(0) status=0x0 host=0x0 driver=0x0 resid=1008 info=0x0 sense=[]
[2026-09-27T13:30:29Z DEBUG tape_rs::scsi::device] SCSI 命令完成: cdb=[5e, 00, 00, 00, 00, 00, 00, 04, 00, 00], status=0x00, transferred=16, duration=0ms, info=0x0, sense=[NO SENSE] ASC=0x00 ASCQ=0x00
[2026-09-27T13:30:29Z DEBUG tape_rs::scsi::device] SG_IO: device=/dev/sg3 cdb=[5e, 01, 00, 00, 00, 00, 00, 04, 00, 00] bytes=1024 wall_us=562 duration_ms=1 result=Ok(0) status=0x0 host=0x0 driver=0x0 resid=1000 info=0x0 sense=[]
[2026-09-27T13:30:29Z DEBUG tape_rs::scsi::device] SCSI 命令完成: cdb=[5e, 01, 00, 00, 00, 00, 00, 04, 00, 00], status=0x00, transferred=24, duration=1ms, info=0x0, sense=[NO SENSE] ASC=0x00 ASCQ=0x00
[2026-09-27T13:30:29Z DEBUG tape_rs::scsi::device] SG_IO: device=/dev/sg5 cdb=[5e, 00, 00, 00, 00, 00, 00, 04, 00, 00] bytes=1024 wall_us=668 duration_ms=1 result=Ok(0) status=0x0 host=0x0 driver=0x0 resid=1008 info=0x0 sense=[]
[2026-09-27T13:30:29Z DEBUG tape_rs::scsi::device] SCSI 命令完成: cdb=[5e, 00, 00, 00, 00, 00, 00, 04, 00, 00], status=0x00, transferred=16, duration=1ms, info=0x0, sense=[NO SENSE] ASC=0x00 ASCQ=0x00
[2026-09-27T13:30:29Z DEBUG tape_rs::scsi::device] SG_IO: device=/dev/sg5 cdb=[5e, 01, 00, 00, 00, 00, 00, 04, 00, 00] bytes=1024 wall_us=659 duration_ms=0 result=Ok(0) status=0x0 host=0x0 driver=0x0 resid=1000 info=0x0 sense=[]
[2026-09-27T13:30:29Z DEBUG tape_rs::scsi::device] SCSI 命令完成: cdb=[5e, 01, 00, 00, 00, 00, 00, 04, 00, 00], status=0x00, transferred=24, duration=0ms, info=0x0, sense=[NO SENSE] ASC=0x00 ASCQ=0x00
[2026-09-27T13:30:29Z DEBUG tape_rs::scsi::device] SG_IO: device=/dev/sg3 cdb=[00, 00, 00, 00, 00, 00] bytes=0 wall_us=485 duration_ms=1 result=Ok(0) status=0x0 host=0x0 driver=0x0 resid=0 info=0x0 sense=[]
[2026-09-27T13:30:29Z DEBUG tape_rs::scsi::device] SCSI 命令完成: cdb=[00, 00, 00, 00, 00, 00], status=0x00, transferred=0, duration=1ms, info=0x0, sense=[NO SENSE] ASC=0x00 ASCQ=0x00
[2026-09-27T13:30:29Z DEBUG tape_rs::scsi::device] SG_IO: device=/dev/sg3 cdb=[5e, 00, 00, 00, 00, 00, 00, 04, 00, 00] bytes=1024 wall_us=711 duration_ms=1 result=Ok(0) status=0x0 host=0x0 driver=0x0 resid=1008 info=0x0 sense=[]
[2026-09-27T13:30:29Z DEBUG tape_rs::scsi::device] SCSI 命令完成: cdb=[5e, 00, 00, 00, 00, 00, 00, 04, 00, 00], status=0x00, transferred=16, duration=1ms, info=0x0, sense=[NO SENSE] ASC=0x00 ASCQ=0x00
[2026-09-27T13:30:29Z DEBUG tape_rs::scsi::device] SG_IO: device=/dev/sg3 cdb=[5e, 01, 00, 00, 00, 00, 00, 04, 00, 00] bytes=1024 wall_us=675 duration_ms=0 result=Ok(0) status=0x0 host=0x0 driver=0x0 resid=1000 info=0x0 sense=[]
[2026-09-27T13:30:29Z DEBUG tape_rs::scsi::device] SCSI 命令完成: cdb=[5e, 01, 00, 00, 00, 00, 00, 04, 00, 00], status=0x00, transferred=24, duration=0ms, info=0x0, sense=[NO SENSE] ASC=0x00 ASCQ=0x00
[2026-09-27T13:30:29Z DEBUG tape_rs::scsi::device] SG_IO: device=/dev/sg3 cdb=[34, 00, 00, 00, 00, 00, 00, 00, 00, 00] bytes=20 wall_us=640 duration_ms=1 result=Ok(0) status=0x0 host=0x0 driver=0x0 resid=0 info=0x0 sense=[]
[2026-09-27T13:30:29Z DEBUG tape_rs::scsi::device] SCSI 命令完成: cdb=[34, 00, 00, 00, 00, 00, 00, 00, 00, 00], status=0x00, transferred=20, duration=1ms, info=0x0, sense=[NO SENSE] ASC=0x00 ASCQ=0x00
[2026-09-27T13:30:29Z INFO  tape_rs::tape::commands] 定位到 partition=1, block=38156
[2026-09-27T13:30:32Z DEBUG tape_rs::scsi::device] SG_IO: device=/dev/sg3 cdb=[92, 02, 00, 01, 00, 00, 00, 00, 00, 00, 95, 0c, 00, 00, 00, 00] bytes=0 wall_us=3358683 duration_ms=3359 result=Ok(0) status=0x0 host=0x0 driver=0x0 resid=0 info=0x0 sense=[]
[2026-09-27T13:30:32Z DEBUG tape_rs::scsi::device] SCSI 命令完成: cdb=[92, 02, 00, 01, 00, 00, 00, 00, 00, 00, 95, 0c, 00, 00, 00, 00], status=0x00, transferred=0, duration=3359ms, info=0x0, sense=[NO SENSE] ASC=0x00 ASCQ=0x00
[2026-09-27T13:30:33Z DEBUG tape_rs::scsi::device] SG_IO: device=/dev/sg3 cdb=[08, 00, 08, 00, 00, 00] bytes=524288 wall_us=1409288 duration_ms=1409 result=Ok(0) status=0x2 host=0x0 driver=0x8 resid=520192 info=0x1 sense=[f0, 00, 20, 00, 07, f0, 00, 58, 00, 00, 00, 00, 00, 00, 30, 00, 14, 11, 00, 00, 01, 01, 52, 43, 30, 30, 31, 38, 4c, 00, 00, 00, 00, 00, 26, 00, 01, 00, 00, 26, c0, 08, 80, 4c, 39, 00, 00, 95, 0c, 00, 00, 00, 00, 00, 00, 00, 00, 00, 00, 00, 00, 00, 00, 00]
[2026-09-27T13:30:33Z DEBUG tape_rs::scsi::device] SCSI 命令完成: cdb=[08, 00, 08, 00, 00, 00], status=0x02, transferred=4096, duration=1409ms, info=0x1, sense=[NO SENSE] ASC=0x00 ASCQ=0x00
[2026-09-27T13:30:33Z INFO  tape_rs::ltfs::volume] 读取 comparison/session-20260927/f0.bin: 4096 字节
[2026-09-27T13:30:33Z DEBUG tape_rs::scsi::device] SG_IO: device=/dev/sg3 cdb=[5e, 00, 00, 00, 00, 00, 00, 04, 00, 00] bytes=1024 wall_us=856 duration_ms=1 result=Ok(0) status=0x0 host=0x0 driver=0x0 resid=1008 info=0x0 sense=[]
[2026-09-27T13:30:33Z DEBUG tape_rs::scsi::device] SCSI 命令完成: cdb=[5e, 00, 00, 00, 00, 00, 00, 04, 00, 00], status=0x00, transferred=16, duration=1ms, info=0x0, sense=[NO SENSE] ASC=0x00 ASCQ=0x00
[2026-09-27T13:30:33Z DEBUG tape_rs::scsi::device] SG_IO: device=/dev/sg3 cdb=[5e, 01, 00, 00, 00, 00, 00, 04, 00, 00] bytes=1024 wall_us=711 duration_ms=1 result=Ok(0) status=0x0 host=0x0 driver=0x0 resid=1000 info=0x0 sense=[]
[2026-09-27T13:30:33Z DEBUG tape_rs::scsi::device] SCSI 命令完成: cdb=[5e, 01, 00, 00, 00, 00, 00, 04, 00, 00], status=0x00, transferred=24, duration=1ms, info=0x0, sense=[NO SENSE] ASC=0x00 ASCQ=0x00
[2026-09-27T13:30:33Z DEBUG tape_rs::scsi::device] SG_IO: device=/dev/sg5 cdb=[5e, 00, 00, 00, 00, 00, 00, 04, 00, 00] bytes=1024 wall_us=3712 duration_ms=3 result=Ok(0) status=0x0 host=0x0 driver=0x0 resid=1008 info=0x0 sense=[]
[2026-09-27T13:30:33Z DEBUG tape_rs::scsi::device] SCSI 命令完成: cdb=[5e, 00, 00, 00, 00, 00, 00, 04, 00, 00], status=0x00, transferred=16, duration=3ms, info=0x0, sense=[NO SENSE] ASC=0x00 ASCQ=0x00
[2026-09-27T13:30:33Z DEBUG tape_rs::scsi::device] SG_IO: device=/dev/sg5 cdb=[5e, 01, 00, 00, 00, 00, 00, 04, 00, 00] bytes=1024 wall_us=603 duration_ms=1 result=Ok(0) status=0x0 host=0x0 driver=0x0 resid=1000 info=0x0 sense=[]
[2026-09-27T13:30:33Z DEBUG tape_rs::scsi::device] SCSI 命令完成: cdb=[5e, 01, 00, 00, 00, 00, 00, 04, 00, 00], status=0x00, transferred=24, duration=1ms, info=0x0, sense=[NO SENSE] ASC=0x00 ASCQ=0x00
[2026-09-27T13:30:33Z DEBUG tape_rs::scsi::device] SG_IO: device=/dev/sg3 cdb=[00, 00, 00, 00, 00, 00] bytes=0 wall_us=612 duration_ms=1 result=Ok(0) status=0x0 host=0x0 driver=0x0 resid=0 info=0x0 sense=[]
[2026-09-27T13:30:33Z DEBUG tape_rs::scsi::device] SCSI 命令完成: cdb=[00, 00, 00, 00, 00, 00], status=0x00, transferred=0, duration=1ms, info=0x0, sense=[NO SENSE] ASC=0x00 ASCQ=0x00
[2026-09-27T13:30:33Z DEBUG tape_rs::scsi::device] SG_IO: device=/dev/sg3 cdb=[5e, 00, 00, 00, 00, 00, 00, 04, 00, 00] bytes=1024 wall_us=732 duration_ms=0 result=Ok(0) status=0x0 host=0x0 driver=0x0 resid=1008 info=0x0 sense=[]
[2026-09-27T13:30:33Z DEBUG tape_rs::scsi::device] SCSI 命令完成: cdb=[5e, 00, 00, 00, 00, 00, 00, 04, 00, 00], status=0x00, transferred=16, duration=0ms, info=0x0, sense=[NO SENSE] ASC=0x00 ASCQ=0x00
[2026-09-27T13:30:33Z DEBUG tape_rs::scsi::device] SG_IO: device=/dev/sg3 cdb=[5e, 01, 00, 00, 00, 00, 00, 04, 00, 00] bytes=1024 wall_us=617 duration_ms=1 result=Ok(0) status=0x0 host=0x0 driver=0x0 resid=1000 info=0x0 sense=[]
[2026-09-27T13:30:33Z DEBUG tape_rs::scsi::device] SCSI 命令完成: cdb=[5e, 01, 00, 00, 00, 00, 00, 04, 00, 00], status=0x00, transferred=24, duration=1ms, info=0x0, sense=[NO SENSE] ASC=0x00 ASCQ=0x00
[2026-09-27T13:30:33Z DEBUG tape_rs::scsi::device] SG_IO: device=/dev/sg3 cdb=[5e, 00, 00, 00, 00, 00, 00, 04, 00, 00] bytes=1024 wall_us=6453 duration_ms=6 result=Ok(0) status=0x0 host=0x0 driver=0x0 resid=1008 info=0x0 sense=[]
[2026-09-27T13:30:33Z DEBUG tape_rs::scsi::device] SCSI 命令完成: cdb=[5e, 00, 00, 00, 00, 00, 00, 04, 00, 00], status=0x00, transferred=16, duration=6ms, info=0x0, sense=[NO SENSE] ASC=0x00 ASCQ=0x00
[2026-09-27T13:30:33Z DEBUG tape_rs::scsi::device] SG_IO: device=/dev/sg3 cdb=[5e, 01, 00, 00, 00, 00, 00, 04, 00, 00] bytes=1024 wall_us=715 duration_ms=1 result=Ok(0) status=0x0 host=0x0 driver=0x0 resid=1000 info=0x0 sense=[]
[2026-09-27T13:30:33Z DEBUG tape_rs::scsi::device] SCSI 命令完成: cdb=[5e, 01, 00, 00, 00, 00, 00, 04, 00, 00], status=0x00, transferred=24, duration=1ms, info=0x0, sense=[NO SENSE] ASC=0x00 ASCQ=0x00
[2026-09-27T13:30:33Z DEBUG tape_rs::scsi::device] SG_IO: device=/dev/sg3 cdb=[34, 00, 00, 00, 00, 00, 00, 00, 00, 00] bytes=20 wall_us=720 duration_ms=1 result=Ok(0) status=0x0 host=0x0 driver=0x0 resid=0 info=0x0 sense=[]
[2026-09-27T13:30:33Z DEBUG tape_rs::scsi::device] SCSI 命令完成: cdb=[34, 00, 00, 00, 00, 00, 00, 00, 00, 00], status=0x00, transferred=20, duration=1ms, info=0x0, sense=[NO SENSE] ASC=0x00 ASCQ=0x00
[2026-09-27T13:30:33Z INFO  tape_rs::tape::commands] 定位到 partition=1, block=38168
[2026-09-27T13:30:33Z DEBUG tape_rs::scsi::device] SG_IO: device=/dev/sg3 cdb=[92, 02, 00, 01, 00, 00, 00, 00, 00, 00, 95, 18, 00, 00, 00, 00] bytes=0 wall_us=12997 duration_ms=13 result=Ok(0) status=0x0 host=0x0 driver=0x0 resid=0 info=0x0 sense=[]
[2026-09-27T13:30:33Z DEBUG tape_rs::scsi::device] SCSI 命令完成: cdb=[92, 02, 00, 01, 00, 00, 00, 00, 00, 00, 95, 18, 00, 00, 00, 00], status=0x00, transferred=0, duration=13ms, info=0x0, sense=[NO SENSE] ASC=0x00 ASCQ=0x00
[2026-09-27T13:30:33Z DEBUG tape_rs::scsi::device] SG_IO: device=/dev/sg3 cdb=[0a, 00, 00, 10, 00, 00] bytes=4096 wall_us=50433 duration_ms=50 result=Ok(0) status=0x0 host=0x0 driver=0x0 resid=0 info=0x0 sense=[]
[2026-09-27T13:30:33Z DEBUG tape_rs::scsi::device] SCSI 命令完成: cdb=[0a, 00, 00, 10, 00, 00], status=0x00, transferred=4096, duration=50ms, info=0x0, sense=[NO SENSE] ASC=0x00 ASCQ=0x00
[2026-09-27T13:30:33Z INFO  tape_rs::ltfs::volume] 追加 /comparison/session-20260927/f3.bin: 4096 字节 @ P1 block 38168
[2026-09-27T13:30:33Z DEBUG tape_rs::scsi::device] SG_IO: device=/dev/sg3 cdb=[5e, 00, 00, 00, 00, 00, 00, 04, 00, 00] bytes=1024 wall_us=726 duration_ms=1 result=Ok(0) status=0x0 host=0x0 driver=0x0 resid=1008 info=0x0 sense=[]
[2026-09-27T13:30:33Z DEBUG tape_rs::scsi::device] SCSI 命令完成: cdb=[5e, 00, 00, 00, 00, 00, 00, 04, 00, 00], status=0x00, transferred=16, duration=1ms, info=0x0, sense=[NO SENSE] ASC=0x00 ASCQ=0x00
[2026-09-27T13:30:33Z DEBUG tape_rs::scsi::device] SG_IO: device=/dev/sg3 cdb=[5e, 01, 00, 00, 00, 00, 00, 04, 00, 00] bytes=1024 wall_us=618 duration_ms=1 result=Ok(0) status=0x0 host=0x0 driver=0x0 resid=1000 info=0x0 sense=[]
[2026-09-27T13:30:33Z DEBUG tape_rs::scsi::device] SCSI 命令完成: cdb=[5e, 01, 00, 00, 00, 00, 00, 04, 00, 00], status=0x00, transferred=24, duration=1ms, info=0x0, sense=[NO SENSE] ASC=0x00 ASCQ=0x00
[2026-09-27T13:30:33Z DEBUG tape_rs::scsi::device] SG_IO: device=/dev/sg3 cdb=[34, 00, 00, 00, 00, 00, 00, 00, 00, 00] bytes=20 wall_us=814 duration_ms=1 result=Ok(0) status=0x0 host=0x0 driver=0x0 resid=0 info=0x0 sense=[]
[2026-09-27T13:30:33Z DEBUG tape_rs::scsi::device] SCSI 命令完成: cdb=[34, 00, 00, 00, 00, 00, 00, 00, 00, 00], status=0x00, transferred=20, duration=1ms, info=0x0, sense=[NO SENSE] ASC=0x00 ASCQ=0x00
[2026-09-27T13:30:33Z DEBUG tape_rs::scsi::device] SG_IO: device=/dev/sg3 cdb=[10, 01, 00, 00, 01, 00] bytes=0 wall_us=4135 duration_ms=4 result=Ok(0) status=0x0 host=0x0 driver=0x0 resid=0 info=0x0 sense=[]
[2026-09-27T13:30:33Z DEBUG tape_rs::scsi::device] SCSI 命令完成: cdb=[10, 01, 00, 00, 01, 00], status=0x00, transferred=0, duration=4ms, info=0x0, sense=[NO SENSE] ASC=0x00 ASCQ=0x00
[2026-09-27T13:30:33Z DEBUG tape_rs::scsi::device] SG_IO: device=/dev/sg3 cdb=[0a, 00, 00, 0e, 0f, 00] bytes=3599 wall_us=2266 duration_ms=2 result=Ok(0) status=0x0 host=0x0 driver=0x0 resid=0 info=0x0 sense=[]
[2026-09-27T13:30:33Z DEBUG tape_rs::scsi::device] SCSI 命令完成: cdb=[0a, 00, 00, 0e, 0f, 00], status=0x00, transferred=3599, duration=2ms, info=0x0, sense=[NO SENSE] ASC=0x00 ASCQ=0x00
[2026-09-27T13:30:41Z DEBUG tape_rs::scsi::device] SG_IO: device=/dev/sg3 cdb=[10, 00, 00, 00, 01, 00] bytes=0 wall_us=7550567 duration_ms=7551 result=Ok(0) status=0x0 host=0x0 driver=0x0 resid=0 info=0x0 sense=[]
[2026-09-27T13:30:41Z DEBUG tape_rs::scsi::device] SCSI 命令完成: cdb=[10, 00, 00, 00, 01, 00], status=0x00, transferred=0, duration=7551ms, info=0x0, sense=[NO SENSE] ASC=0x00 ASCQ=0x00
[2026-09-27T13:30:41Z DEBUG tape_rs::scsi::device] SG_IO: device=/dev/sg3 cdb=[5e, 00, 00, 00, 00, 00, 00, 04, 00, 00] bytes=1024 wall_us=668 duration_ms=1 result=Ok(0) status=0x0 host=0x0 driver=0x0 resid=1008 info=0x0 sense=[]
[2026-09-27T13:30:41Z DEBUG tape_rs::scsi::device] SCSI 命令完成: cdb=[5e, 00, 00, 00, 00, 00, 00, 04, 00, 00], status=0x00, transferred=16, duration=1ms, info=0x0, sense=[NO SENSE] ASC=0x00 ASCQ=0x00
[2026-09-27T13:30:41Z DEBUG tape_rs::scsi::device] SG_IO: device=/dev/sg3 cdb=[5e, 01, 00, 00, 00, 00, 00, 04, 00, 00] bytes=1024 wall_us=676 duration_ms=0 result=Ok(0) status=0x0 host=0x0 driver=0x0 resid=1000 info=0x0 sense=[]
[2026-09-27T13:30:41Z DEBUG tape_rs::scsi::device] SCSI 命令完成: cdb=[5e, 01, 00, 00, 00, 00, 00, 04, 00, 00], status=0x00, transferred=24, duration=0ms, info=0x0, sense=[NO SENSE] ASC=0x00 ASCQ=0x00
[2026-09-27T13:30:41Z DEBUG tape_rs::scsi::device] SG_IO: device=/dev/sg3 cdb=[10, 00, 00, 00, 00, 00] bytes=0 wall_us=1752 duration_ms=2 result=Ok(0) status=0x0 host=0x0 driver=0x0 resid=0 info=0x0 sense=[]
[2026-09-27T13:30:41Z DEBUG tape_rs::scsi::device] SCSI 命令完成: cdb=[10, 00, 00, 00, 00, 00], status=0x00, transferred=0, duration=2ms, info=0x0, sense=[NO SENSE] ASC=0x00 ASCQ=0x00
[2026-09-27T13:30:44Z DEBUG tape_rs::scsi::device] SG_IO: device=/dev/sg3 cdb=[8c, 00, 00, 00, 00, 00, 00, 00, 00, 09, 00, 00, 02, 00, 00, 00] bytes=512 wall_us=2804527 duration_ms=2805 result=Ok(0) status=0x0 host=0x0 driver=0x0 resid=0 info=0x0 sense=[]
[2026-09-27T13:30:44Z DEBUG tape_rs::scsi::device] SCSI 命令完成: cdb=[8c, 00, 00, 00, 00, 00, 00, 00, 00, 09, 00, 00, 02, 00, 00, 00], status=0x00, transferred=512, duration=2805ms, info=0x0, sense=[NO SENSE] ASC=0x00 ASCQ=0x00
[2026-09-27T13:30:45Z DEBUG tape_rs::scsi::device] SG_IO: device=/dev/sg3 cdb=[8d, 01, 00, 00, 00, 00, 00, 00, 00, 00, 00, 00, 00, 4f, 00, 00] bytes=79 wall_us=1635910 duration_ms=1636 result=Ok(0) status=0x0 host=0x0 driver=0x0 resid=0 info=0x0 sense=[]
[2026-09-27T13:30:45Z DEBUG tape_rs::scsi::device] SCSI 命令完成: cdb=[8d, 01, 00, 00, 00, 00, 00, 00, 00, 00, 00, 00, 00, 4f, 00, 00], status=0x00, transferred=79, duration=1636ms, info=0x0, sense=[NO SENSE] ASC=0x00 ASCQ=0x00
[2026-09-27T13:30:47Z DEBUG tape_rs::scsi::device] SG_IO: device=/dev/sg3 cdb=[8d, 01, 00, 00, 00, 00, 00, 01, 00, 00, 00, 00, 00, 4f, 00, 00] bytes=79 wall_us=1630985 duration_ms=1631 result=Ok(0) status=0x0 host=0x0 driver=0x0 resid=0 info=0x0 sense=[]
[2026-09-27T13:30:47Z DEBUG tape_rs::scsi::device] SCSI 命令完成: cdb=[8d, 01, 00, 00, 00, 00, 00, 01, 00, 00, 00, 00, 00, 4f, 00, 00], status=0x00, transferred=79, duration=1631ms, info=0x0, sense=[NO SENSE] ASC=0x00 ASCQ=0x00
[2026-09-27T13:30:47Z INFO  tape_rs::ltfs::volume] commit: gen 33 @ DP 38170, IP checkpoint=false
[2026-09-27T13:30:47Z DEBUG tape_rs::scsi::device] SG_IO: device=/dev/sg3 cdb=[8c, 00, 00, 00, 00, 00, 00, 01, 00, 00, 00, 00, 02, 00, 00, 00] bytes=512 wall_us=1819 duration_ms=2 result=Ok(0) status=0x0 host=0x0 driver=0x0 resid=0 info=0x0 sense=[]
[2026-09-27T13:30:47Z DEBUG tape_rs::scsi::device] SCSI 命令完成: cdb=[8c, 00, 00, 00, 00, 00, 00, 01, 00, 00, 00, 00, 02, 00, 00, 00], status=0x00, transferred=512, duration=2ms, info=0x0, sense=[NO SENSE] ASC=0x00 ASCQ=0x00
[2026-09-27T13:30:47Z DEBUG tape_rs::scsi::device] SG_IO: device=/dev/sg3 cdb=[8c, 00, 00, 00, 00, 00, 00, 01, 00, 01, 00, 00, 02, 00, 00, 00] bytes=512 wall_us=1873 duration_ms=2 result=Ok(0) status=0x0 host=0x0 driver=0x0 resid=0 info=0x0 sense=[]
[2026-09-27T13:30:47Z DEBUG tape_rs::scsi::device] SCSI 命令完成: cdb=[8c, 00, 00, 00, 00, 00, 00, 01, 00, 01, 00, 00, 02, 00, 00, 00], status=0x00, transferred=512, duration=2ms, info=0x0, sense=[NO SENSE] ASC=0x00 ASCQ=0x00
[2026-09-27T13:30:47Z INFO  tape_rs::daemon::executor] 执行线程: 已提交 1 个文件，索引 gen=33
[2026-09-27T13:30:47Z DEBUG tape_rs::scsi::device] SG_IO: device=/dev/sg3 cdb=[5e, 00, 00, 00, 00, 00, 00, 04, 00, 00] bytes=1024 wall_us=532 duration_ms=1 result=Ok(0) status=0x0 host=0x0 driver=0x0 resid=1008 info=0x0 sense=[]
[2026-09-27T13:30:47Z DEBUG tape_rs::scsi::device] SCSI 命令完成: cdb=[5e, 00, 00, 00, 00, 00, 00, 04, 00, 00], status=0x00, transferred=16, duration=1ms, info=0x0, sense=[NO SENSE] ASC=0x00 ASCQ=0x00
[2026-09-27T13:30:47Z DEBUG tape_rs::scsi::device] SG_IO: device=/dev/sg3 cdb=[5e, 01, 00, 00, 00, 00, 00, 04, 00, 00] bytes=1024 wall_us=641 duration_ms=0 result=Ok(0) status=0x0 host=0x0 driver=0x0 resid=1000 info=0x0 sense=[]
[2026-09-27T13:30:47Z DEBUG tape_rs::scsi::device] SCSI 命令完成: cdb=[5e, 01, 00, 00, 00, 00, 00, 04, 00, 00], status=0x00, transferred=24, duration=0ms, info=0x0, sense=[NO SENSE] ASC=0x00 ASCQ=0x00
[2026-09-27T13:30:47Z DEBUG tape_rs::scsi::device] SG_IO: device=/dev/sg5 cdb=[5e, 00, 00, 00, 00, 00, 00, 04, 00, 00] bytes=1024 wall_us=575 duration_ms=1 result=Ok(0) status=0x0 host=0x0 driver=0x0 resid=1008 info=0x0 sense=[]
[2026-09-27T13:30:47Z DEBUG tape_rs::scsi::device] SCSI 命令完成: cdb=[5e, 00, 00, 00, 00, 00, 00, 04, 00, 00], status=0x00, transferred=16, duration=1ms, info=0x0, sense=[NO SENSE] ASC=0x00 ASCQ=0x00
[2026-09-27T13:30:47Z DEBUG tape_rs::scsi::device] SG_IO: device=/dev/sg5 cdb=[5e, 01, 00, 00, 00, 00, 00, 04, 00, 00] bytes=1024 wall_us=666 duration_ms=1 result=Ok(0) status=0x0 host=0x0 driver=0x0 resid=1000 info=0x0 sense=[]
[2026-09-27T13:30:47Z DEBUG tape_rs::scsi::device] SCSI 命令完成: cdb=[5e, 01, 00, 00, 00, 00, 00, 04, 00, 00], status=0x00, transferred=24, duration=1ms, info=0x0, sense=[NO SENSE] ASC=0x00 ASCQ=0x00
[2026-09-27T13:30:47Z DEBUG tape_rs::scsi::device] SG_IO: device=/dev/sg3 cdb=[00, 00, 00, 00, 00, 00] bytes=0 wall_us=485 duration_ms=0 result=Ok(0) status=0x0 host=0x0 driver=0x0 resid=0 info=0x0 sense=[]
[2026-09-27T13:30:47Z DEBUG tape_rs::scsi::device] SCSI 命令完成: cdb=[00, 00, 00, 00, 00, 00], status=0x00, transferred=0, duration=0ms, info=0x0, sense=[NO SENSE] ASC=0x00 ASCQ=0x00
[2026-09-27T13:30:47Z DEBUG tape_rs::scsi::device] SG_IO: device=/dev/sg3 cdb=[5e, 00, 00, 00, 00, 00, 00, 04, 00, 00] bytes=1024 wall_us=706 duration_ms=1 result=Ok(0) status=0x0 host=0x0 driver=0x0 resid=1008 info=0x0 sense=[]
[2026-09-27T13:30:47Z DEBUG tape_rs::scsi::device] SCSI 命令完成: cdb=[5e, 00, 00, 00, 00, 00, 00, 04, 00, 00], status=0x00, transferred=16, duration=1ms, info=0x0, sense=[NO SENSE] ASC=0x00 ASCQ=0x00
[2026-09-27T13:30:47Z DEBUG tape_rs::scsi::device] SG_IO: device=/dev/sg3 cdb=[5e, 01, 00, 00, 00, 00, 00, 04, 00, 00] bytes=1024 wall_us=682 duration_ms=0 result=Ok(0) status=0x0 host=0x0 driver=0x0 resid=1000 info=0x0 sense=[]
[2026-09-27T13:30:47Z DEBUG tape_rs::scsi::device] SCSI 命令完成: cdb=[5e, 01, 00, 00, 00, 00, 00, 04, 00, 00], status=0x00, transferred=24, duration=0ms, info=0x0, sense=[NO SENSE] ASC=0x00 ASCQ=0x00
[2026-09-27T13:30:47Z DEBUG tape_rs::scsi::device] SG_IO: device=/dev/sg3 cdb=[5e, 00, 00, 00, 00, 00, 00, 04, 00, 00] bytes=1024 wall_us=514 duration_ms=0 result=Ok(0) status=0x0 host=0x0 driver=0x0 resid=1008 info=0x0 sense=[]
[2026-09-27T13:30:47Z DEBUG tape_rs::scsi::device] SCSI 命令完成: cdb=[5e, 00, 00, 00, 00, 00, 00, 04, 00, 00], status=0x00, transferred=16, duration=0ms, info=0x0, sense=[NO SENSE] ASC=0x00 ASCQ=0x00
[2026-09-27T13:30:47Z DEBUG tape_rs::scsi::device] SG_IO: device=/dev/sg3 cdb=[5e, 01, 00, 00, 00, 00, 00, 04, 00, 00] bytes=1024 wall_us=678 duration_ms=1 result=Ok(0) status=0x0 host=0x0 driver=0x0 resid=1000 info=0x0 sense=[]
[2026-09-27T13:30:47Z DEBUG tape_rs::scsi::device] SCSI 命令完成: cdb=[5e, 01, 00, 00, 00, 00, 00, 04, 00, 00], status=0x00, transferred=24, duration=1ms, info=0x0, sense=[NO SENSE] ASC=0x00 ASCQ=0x00
[2026-09-27T13:30:47Z DEBUG tape_rs::scsi::device] SG_IO: device=/dev/sg3 cdb=[34, 00, 00, 00, 00, 00, 00, 00, 00, 00] bytes=20 wall_us=754 duration_ms=1 result=Ok(0) status=0x0 host=0x0 driver=0x0 resid=0 info=0x0 sense=[]
[2026-09-27T13:30:47Z DEBUG tape_rs::scsi::device] SCSI 命令完成: cdb=[34, 00, 00, 00, 00, 00, 00, 00, 00, 00], status=0x00, transferred=20, duration=1ms, info=0x0, sense=[NO SENSE] ASC=0x00 ASCQ=0x00
[2026-09-27T13:30:52Z DEBUG tape_rs::scsi::device] SG_IO: device=/dev/sg3 cdb=[0a, 00, 00, 10, 00, 00] bytes=4096 wall_us=4911149 duration_ms=4911 result=Ok(0) status=0x0 host=0x0 driver=0x0 resid=0 info=0x0 sense=[]
[2026-09-27T13:30:52Z DEBUG tape_rs::scsi::device] SCSI 命令完成: cdb=[0a, 00, 00, 10, 00, 00], status=0x00, transferred=4096, duration=4911ms, info=0x0, sense=[NO SENSE] ASC=0x00 ASCQ=0x00
[2026-09-27T13:30:52Z INFO  tape_rs::ltfs::volume] 追加 /comparison/session-20260927/f4.bin: 4096 字节 @ P1 block 38172
[2026-09-27T13:30:52Z DEBUG tape_rs::scsi::device] SG_IO: device=/dev/sg3 cdb=[5e, 00, 00, 00, 00, 00, 00, 04, 00, 00] bytes=1024 wall_us=593 duration_ms=0 result=Ok(0) status=0x0 host=0x0 driver=0x0 resid=1008 info=0x0 sense=[]
[2026-09-27T13:30:52Z DEBUG tape_rs::scsi::device] SCSI 命令完成: cdb=[5e, 00, 00, 00, 00, 00, 00, 04, 00, 00], status=0x00, transferred=16, duration=0ms, info=0x0, sense=[NO SENSE] ASC=0x00 ASCQ=0x00
[2026-09-27T13:30:52Z DEBUG tape_rs::scsi::device] SG_IO: device=/dev/sg3 cdb=[5e, 01, 00, 00, 00, 00, 00, 04, 00, 00] bytes=1024 wall_us=597 duration_ms=1 result=Ok(0) status=0x0 host=0x0 driver=0x0 resid=1000 info=0x0 sense=[]
[2026-09-27T13:30:52Z DEBUG tape_rs::scsi::device] SCSI 命令完成: cdb=[5e, 01, 00, 00, 00, 00, 00, 04, 00, 00], status=0x00, transferred=24, duration=1ms, info=0x0, sense=[NO SENSE] ASC=0x00 ASCQ=0x00
[2026-09-27T13:30:52Z DEBUG tape_rs::scsi::device] SG_IO: device=/dev/sg3 cdb=[34, 00, 00, 00, 00, 00, 00, 00, 00, 00] bytes=20 wall_us=800 duration_ms=1 result=Ok(0) status=0x0 host=0x0 driver=0x0 resid=0 info=0x0 sense=[]
[2026-09-27T13:30:52Z DEBUG tape_rs::scsi::device] SCSI 命令完成: cdb=[34, 00, 00, 00, 00, 00, 00, 00, 00, 00], status=0x00, transferred=20, duration=1ms, info=0x0, sense=[NO SENSE] ASC=0x00 ASCQ=0x00
[2026-09-27T13:30:52Z DEBUG tape_rs::scsi::device] SG_IO: device=/dev/sg3 cdb=[10, 01, 00, 00, 01, 00] bytes=0 wall_us=5997 duration_ms=6 result=Ok(0) status=0x0 host=0x0 driver=0x0 resid=0 info=0x0 sense=[]
[2026-09-27T13:30:52Z DEBUG tape_rs::scsi::device] SCSI 命令完成: cdb=[10, 01, 00, 00, 01, 00], status=0x00, transferred=0, duration=6ms, info=0x0, sense=[NO SENSE] ASC=0x00 ASCQ=0x00
[2026-09-27T13:30:52Z DEBUG tape_rs::scsi::device] SG_IO: device=/dev/sg3 cdb=[0a, 00, 00, 0e, 0f, 00] bytes=3599 wall_us=2159 duration_ms=2 result=Ok(0) status=0x0 host=0x0 driver=0x0 resid=0 info=0x0 sense=[]
[2026-09-27T13:30:52Z DEBUG tape_rs::scsi::device] SCSI 命令完成: cdb=[0a, 00, 00, 0e, 0f, 00], status=0x00, transferred=3599, duration=2ms, info=0x0, sense=[NO SENSE] ASC=0x00 ASCQ=0x00
[2026-09-27T13:31:00Z DEBUG tape_rs::scsi::device] SG_IO: device=/dev/sg3 cdb=[10, 00, 00, 00, 01, 00] bytes=0 wall_us=7527177 duration_ms=7527 result=Ok(0) status=0x0 host=0x0 driver=0x0 resid=0 info=0x0 sense=[]
[2026-09-27T13:31:00Z DEBUG tape_rs::scsi::device] SCSI 命令完成: cdb=[10, 00, 00, 00, 01, 00], status=0x00, transferred=0, duration=7527ms, info=0x0, sense=[NO SENSE] ASC=0x00 ASCQ=0x00
[2026-09-27T13:31:00Z DEBUG tape_rs::scsi::device] SG_IO: device=/dev/sg3 cdb=[5e, 00, 00, 00, 00, 00, 00, 04, 00, 00] bytes=1024 wall_us=668 duration_ms=0 result=Ok(0) status=0x0 host=0x0 driver=0x0 resid=1008 info=0x0 sense=[]
[2026-09-27T13:31:00Z DEBUG tape_rs::scsi::device] SCSI 命令完成: cdb=[5e, 00, 00, 00, 00, 00, 00, 04, 00, 00], status=0x00, transferred=16, duration=0ms, info=0x0, sense=[NO SENSE] ASC=0x00 ASCQ=0x00
[2026-09-27T13:31:00Z DEBUG tape_rs::scsi::device] SG_IO: device=/dev/sg3 cdb=[5e, 01, 00, 00, 00, 00, 00, 04, 00, 00] bytes=1024 wall_us=585 duration_ms=1 result=Ok(0) status=0x0 host=0x0 driver=0x0 resid=1000 info=0x0 sense=[]
[2026-09-27T13:31:00Z DEBUG tape_rs::scsi::device] SCSI 命令完成: cdb=[5e, 01, 00, 00, 00, 00, 00, 04, 00, 00], status=0x00, transferred=24, duration=1ms, info=0x0, sense=[NO SENSE] ASC=0x00 ASCQ=0x00
[2026-09-27T13:31:00Z DEBUG tape_rs::scsi::device] SG_IO: device=/dev/sg3 cdb=[10, 00, 00, 00, 00, 00] bytes=0 wall_us=1749 duration_ms=2 result=Ok(0) status=0x0 host=0x0 driver=0x0 resid=0 info=0x0 sense=[]
[2026-09-27T13:31:00Z DEBUG tape_rs::scsi::device] SCSI 命令完成: cdb=[10, 00, 00, 00, 00, 00], status=0x00, transferred=0, duration=2ms, info=0x0, sense=[NO SENSE] ASC=0x00 ASCQ=0x00
[2026-09-27T13:31:02Z DEBUG tape_rs::scsi::device] SG_IO: device=/dev/sg3 cdb=[8c, 00, 00, 00, 00, 00, 00, 00, 00, 09, 00, 00, 02, 00, 00, 00] bytes=512 wall_us=2860729 duration_ms=2861 result=Ok(0) status=0x0 host=0x0 driver=0x0 resid=0 info=0x0 sense=[]
[2026-09-27T13:31:02Z DEBUG tape_rs::scsi::device] SCSI 命令完成: cdb=[8c, 00, 00, 00, 00, 00, 00, 00, 00, 09, 00, 00, 02, 00, 00, 00], status=0x00, transferred=512, duration=2861ms, info=0x0, sense=[NO SENSE] ASC=0x00 ASCQ=0x00
[2026-09-27T13:31:04Z DEBUG tape_rs::scsi::device] SG_IO: device=/dev/sg3 cdb=[8d, 01, 00, 00, 00, 00, 00, 00, 00, 00, 00, 00, 00, 4f, 00, 00] bytes=79 wall_us=1630958 duration_ms=1631 result=Ok(0) status=0x0 host=0x0 driver=0x0 resid=0 info=0x0 sense=[]
[2026-09-27T13:31:04Z DEBUG tape_rs::scsi::device] SCSI 命令完成: cdb=[8d, 01, 00, 00, 00, 00, 00, 00, 00, 00, 00, 00, 00, 4f, 00, 00], status=0x00, transferred=79, duration=1631ms, info=0x0, sense=[NO SENSE] ASC=0x00 ASCQ=0x00
[2026-09-27T13:31:06Z DEBUG tape_rs::scsi::device] SG_IO: device=/dev/sg3 cdb=[8d, 01, 00, 00, 00, 00, 00, 01, 00, 00, 00, 00, 00, 4f, 00, 00] bytes=79 wall_us=1630935 duration_ms=1631 result=Ok(0) status=0x0 host=0x0 driver=0x0 resid=0 info=0x0 sense=[]
[2026-09-27T13:31:06Z DEBUG tape_rs::scsi::device] SCSI 命令完成: cdb=[8d, 01, 00, 00, 00, 00, 00, 01, 00, 00, 00, 00, 00, 4f, 00, 00], status=0x00, transferred=79, duration=1631ms, info=0x0, sense=[NO SENSE] ASC=0x00 ASCQ=0x00
[2026-09-27T13:31:06Z INFO  tape_rs::ltfs::volume] commit: gen 34 @ DP 38174, IP checkpoint=false
[2026-09-27T13:31:06Z DEBUG tape_rs::scsi::device] SG_IO: device=/dev/sg3 cdb=[8c, 00, 00, 00, 00, 00, 00, 01, 00, 00, 00, 00, 02, 00, 00, 00] bytes=512 wall_us=1861 duration_ms=2 result=Ok(0) status=0x0 host=0x0 driver=0x0 resid=0 info=0x0 sense=[]
[2026-09-27T13:31:06Z DEBUG tape_rs::scsi::device] SCSI 命令完成: cdb=[8c, 00, 00, 00, 00, 00, 00, 01, 00, 00, 00, 00, 02, 00, 00, 00], status=0x00, transferred=512, duration=2ms, info=0x0, sense=[NO SENSE] ASC=0x00 ASCQ=0x00
[2026-09-27T13:31:06Z DEBUG tape_rs::scsi::device] SG_IO: device=/dev/sg3 cdb=[8c, 00, 00, 00, 00, 00, 00, 01, 00, 01, 00, 00, 02, 00, 00, 00] bytes=512 wall_us=1848 duration_ms=2 result=Ok(0) status=0x0 host=0x0 driver=0x0 resid=0 info=0x0 sense=[]
[2026-09-27T13:31:06Z DEBUG tape_rs::scsi::device] SCSI 命令完成: cdb=[8c, 00, 00, 00, 00, 00, 00, 01, 00, 01, 00, 00, 02, 00, 00, 00], status=0x00, transferred=512, duration=2ms, info=0x0, sense=[NO SENSE] ASC=0x00 ASCQ=0x00
[2026-09-27T13:31:06Z INFO  tape_rs::daemon::executor] 执行线程: 已提交 1 个文件，索引 gen=34
[2026-09-27T13:31:06Z DEBUG tape_rs::scsi::device] SG_IO: device=/dev/sg3 cdb=[5e, 00, 00, 00, 00, 00, 00, 04, 00, 00] bytes=1024 wall_us=609 duration_ms=1 result=Ok(0) status=0x0 host=0x0 driver=0x0 resid=1008 info=0x0 sense=[]
[2026-09-27T13:31:06Z DEBUG tape_rs::scsi::device] SCSI 命令完成: cdb=[5e, 00, 00, 00, 00, 00, 00, 04, 00, 00], status=0x00, transferred=16, duration=1ms, info=0x0, sense=[NO SENSE] ASC=0x00 ASCQ=0x00
[2026-09-27T13:31:06Z DEBUG tape_rs::scsi::device] SG_IO: device=/dev/sg3 cdb=[5e, 01, 00, 00, 00, 00, 00, 04, 00, 00] bytes=1024 wall_us=559 duration_ms=0 result=Ok(0) status=0x0 host=0x0 driver=0x0 resid=1000 info=0x0 sense=[]
[2026-09-27T13:31:06Z DEBUG tape_rs::scsi::device] SCSI 命令完成: cdb=[5e, 01, 00, 00, 00, 00, 00, 04, 00, 00], status=0x00, transferred=24, duration=0ms, info=0x0, sense=[NO SENSE] ASC=0x00 ASCQ=0x00
[2026-09-27T13:31:06Z DEBUG tape_rs::scsi::device] SG_IO: device=/dev/sg5 cdb=[5e, 00, 00, 00, 00, 00, 00, 04, 00, 00] bytes=1024 wall_us=656 duration_ms=1 result=Ok(0) status=0x0 host=0x0 driver=0x0 resid=1008 info=0x0 sense=[]
[2026-09-27T13:31:06Z DEBUG tape_rs::scsi::device] SCSI 命令完成: cdb=[5e, 00, 00, 00, 00, 00, 00, 04, 00, 00], status=0x00, transferred=16, duration=1ms, info=0x0, sense=[NO SENSE] ASC=0x00 ASCQ=0x00
[2026-09-27T13:31:06Z DEBUG tape_rs::scsi::device] SG_IO: device=/dev/sg5 cdb=[5e, 01, 00, 00, 00, 00, 00, 04, 00, 00] bytes=1024 wall_us=660 duration_ms=1 result=Ok(0) status=0x0 host=0x0 driver=0x0 resid=1000 info=0x0 sense=[]
[2026-09-27T13:31:06Z DEBUG tape_rs::scsi::device] SCSI 命令完成: cdb=[5e, 01, 00, 00, 00, 00, 00, 04, 00, 00], status=0x00, transferred=24, duration=1ms, info=0x0, sense=[NO SENSE] ASC=0x00 ASCQ=0x00
[2026-09-27T13:31:06Z DEBUG tape_rs::scsi::device] SG_IO: device=/dev/sg3 cdb=[00, 00, 00, 00, 00, 00] bytes=0 wall_us=482 duration_ms=0 result=Ok(0) status=0x0 host=0x0 driver=0x0 resid=0 info=0x0 sense=[]
[2026-09-27T13:31:06Z DEBUG tape_rs::scsi::device] SCSI 命令完成: cdb=[00, 00, 00, 00, 00, 00], status=0x00, transferred=0, duration=0ms, info=0x0, sense=[NO SENSE] ASC=0x00 ASCQ=0x00
[2026-09-27T13:31:06Z DEBUG tape_rs::scsi::device] SG_IO: device=/dev/sg3 cdb=[5e, 00, 00, 00, 00, 00, 00, 04, 00, 00] bytes=1024 wall_us=706 duration_ms=1 result=Ok(0) status=0x0 host=0x0 driver=0x0 resid=1008 info=0x0 sense=[]
[2026-09-27T13:31:06Z DEBUG tape_rs::scsi::device] SCSI 命令完成: cdb=[5e, 00, 00, 00, 00, 00, 00, 04, 00, 00], status=0x00, transferred=16, duration=1ms, info=0x0, sense=[NO SENSE] ASC=0x00 ASCQ=0x00
[2026-09-27T13:31:06Z DEBUG tape_rs::scsi::device] SG_IO: device=/dev/sg3 cdb=[5e, 01, 00, 00, 00, 00, 00, 04, 00, 00] bytes=1024 wall_us=675 duration_ms=1 result=Ok(0) status=0x0 host=0x0 driver=0x0 resid=1000 info=0x0 sense=[]
[2026-09-27T13:31:06Z DEBUG tape_rs::scsi::device] SCSI 命令完成: cdb=[5e, 01, 00, 00, 00, 00, 00, 04, 00, 00], status=0x00, transferred=24, duration=1ms, info=0x0, sense=[NO SENSE] ASC=0x00 ASCQ=0x00
[2026-09-27T13:31:06Z DEBUG tape_rs::scsi::device] SG_IO: device=/dev/sg3 cdb=[5e, 00, 00, 00, 00, 00, 00, 04, 00, 00] bytes=1024 wall_us=514 duration_ms=0 result=Ok(0) status=0x0 host=0x0 driver=0x0 resid=1008 info=0x0 sense=[]
[2026-09-27T13:31:06Z DEBUG tape_rs::scsi::device] SCSI 命令完成: cdb=[5e, 00, 00, 00, 00, 00, 00, 04, 00, 00], status=0x00, transferred=16, duration=0ms, info=0x0, sense=[NO SENSE] ASC=0x00 ASCQ=0x00
[2026-09-27T13:31:06Z DEBUG tape_rs::scsi::device] SG_IO: device=/dev/sg3 cdb=[5e, 01, 00, 00, 00, 00, 00, 04, 00, 00] bytes=1024 wall_us=681 duration_ms=1 result=Ok(0) status=0x0 host=0x0 driver=0x0 resid=1000 info=0x0 sense=[]
[2026-09-27T13:31:06Z DEBUG tape_rs::scsi::device] SCSI 命令完成: cdb=[5e, 01, 00, 00, 00, 00, 00, 04, 00, 00], status=0x00, transferred=24, duration=1ms, info=0x0, sense=[NO SENSE] ASC=0x00 ASCQ=0x00
[2026-09-27T13:31:06Z DEBUG tape_rs::scsi::device] SG_IO: device=/dev/sg3 cdb=[34, 00, 00, 00, 00, 00, 00, 00, 00, 00] bytes=20 wall_us=752 duration_ms=1 result=Ok(0) status=0x0 host=0x0 driver=0x0 resid=0 info=0x0 sense=[]
[2026-09-27T13:31:06Z DEBUG tape_rs::scsi::device] SCSI 命令完成: cdb=[34, 00, 00, 00, 00, 00, 00, 00, 00, 00], status=0x00, transferred=20, duration=1ms, info=0x0, sense=[NO SENSE] ASC=0x00 ASCQ=0x00
[2026-09-27T13:31:11Z DEBUG tape_rs::scsi::device] SG_IO: device=/dev/sg3 cdb=[0a, 00, 00, 10, 00, 00] bytes=4096 wall_us=4972172 duration_ms=4972 result=Ok(0) status=0x0 host=0x0 driver=0x0 resid=0 info=0x0 sense=[]
[2026-09-27T13:31:11Z DEBUG tape_rs::scsi::device] SCSI 命令完成: cdb=[0a, 00, 00, 10, 00, 00], status=0x00, transferred=4096, duration=4972ms, info=0x0, sense=[NO SENSE] ASC=0x00 ASCQ=0x00
[2026-09-27T13:31:11Z INFO  tape_rs::ltfs::volume] 追加 /comparison/session-20260927/f5.bin: 4096 字节 @ P1 block 38176
[2026-09-27T13:31:11Z DEBUG tape_rs::scsi::device] SG_IO: device=/dev/sg3 cdb=[5e, 00, 00, 00, 00, 00, 00, 04, 00, 00] bytes=1024 wall_us=615 duration_ms=1 result=Ok(0) status=0x0 host=0x0 driver=0x0 resid=1008 info=0x0 sense=[]
[2026-09-27T13:31:11Z DEBUG tape_rs::scsi::device] SCSI 命令完成: cdb=[5e, 00, 00, 00, 00, 00, 00, 04, 00, 00], status=0x00, transferred=16, duration=1ms, info=0x0, sense=[NO SENSE] ASC=0x00 ASCQ=0x00
[2026-09-27T13:31:11Z DEBUG tape_rs::scsi::device] SG_IO: device=/dev/sg3 cdb=[5e, 01, 00, 00, 00, 00, 00, 04, 00, 00] bytes=1024 wall_us=588 duration_ms=0 result=Ok(0) status=0x0 host=0x0 driver=0x0 resid=1000 info=0x0 sense=[]
[2026-09-27T13:31:11Z DEBUG tape_rs::scsi::device] SCSI 命令完成: cdb=[5e, 01, 00, 00, 00, 00, 00, 04, 00, 00], status=0x00, transferred=24, duration=0ms, info=0x0, sense=[NO SENSE] ASC=0x00 ASCQ=0x00
[2026-09-27T13:31:11Z DEBUG tape_rs::scsi::device] SG_IO: device=/dev/sg3 cdb=[34, 00, 00, 00, 00, 00, 00, 00, 00, 00] bytes=20 wall_us=797 duration_ms=1 result=Ok(0) status=0x0 host=0x0 driver=0x0 resid=0 info=0x0 sense=[]
[2026-09-27T13:31:11Z DEBUG tape_rs::scsi::device] SCSI 命令完成: cdb=[34, 00, 00, 00, 00, 00, 00, 00, 00, 00], status=0x00, transferred=20, duration=1ms, info=0x0, sense=[NO SENSE] ASC=0x00 ASCQ=0x00
[2026-09-27T13:31:11Z DEBUG tape_rs::scsi::device] SG_IO: device=/dev/sg3 cdb=[10, 01, 00, 00, 01, 00] bytes=0 wall_us=4622 duration_ms=5 result=Ok(0) status=0x0 host=0x0 driver=0x0 resid=0 info=0x0 sense=[]
[2026-09-27T13:31:11Z DEBUG tape_rs::scsi::device] SCSI 命令完成: cdb=[10, 01, 00, 00, 01, 00], status=0x00, transferred=0, duration=5ms, info=0x0, sense=[NO SENSE] ASC=0x00 ASCQ=0x00
[2026-09-27T13:31:11Z DEBUG tape_rs::scsi::device] SG_IO: device=/dev/sg3 cdb=[0a, 00, 08, 00, 00, 00] bytes=524288 wall_us=3379 duration_ms=3 result=Ok(0) status=0x0 host=0x0 driver=0x0 resid=0 info=0x0 sense=[]
[2026-09-27T13:31:11Z DEBUG tape_rs::scsi::device] SCSI 命令完成: cdb=[0a, 00, 08, 00, 00, 00], status=0x00, transferred=524288, duration=3ms, info=0x0, sense=[NO SENSE] ASC=0x00 ASCQ=0x00
[2026-09-27T13:31:11Z DEBUG tape_rs::scsi::device] SG_IO: device=/dev/sg3 cdb=[0a, 00, 08, 00, 00, 00] bytes=524288 wall_us=918 duration_ms=1 result=Ok(0) status=0x0 host=0x0 driver=0x0 resid=0 info=0x0 sense=[]
[2026-09-27T13:31:11Z DEBUG tape_rs::scsi::device] SCSI 命令完成: cdb=[0a, 00, 08, 00, 00, 00], status=0x00, transferred=524288, duration=1ms, info=0x0, sense=[NO SENSE] ASC=0x00 ASCQ=0x00
[2026-09-27T13:31:11Z DEBUG tape_rs::scsi::device] SG_IO: device=/dev/sg3 cdb=[0a, 00, 08, 00, 00, 00] bytes=524288 wall_us=759 duration_ms=1 result=Ok(0) status=0x0 host=0x0 driver=0x0 resid=0 info=0x0 sense=[]
[2026-09-27T13:31:11Z DEBUG tape_rs::scsi::device] SCSI 命令完成: cdb=[0a, 00, 08, 00, 00, 00], status=0x00, transferred=524288, duration=1ms, info=0x0, sense=[NO SENSE] ASC=0x00 ASCQ=0x00
[2026-09-27T13:31:11Z DEBUG tape_rs::scsi::device] SG_IO: device=/dev/sg3 cdb=[0a, 00, 08, 00, 00, 00] bytes=524288 wall_us=757 duration_ms=1 result=Ok(0) status=0x0 host=0x0 driver=0x0 resid=0 info=0x0 sense=[]
[2026-09-27T13:31:11Z DEBUG tape_rs::scsi::device] SCSI 命令完成: cdb=[0a, 00, 08, 00, 00, 00], status=0x00, transferred=524288, duration=1ms, info=0x0, sense=[NO SENSE] ASC=0x00 ASCQ=0x00
[2026-09-27T13:31:11Z DEBUG tape_rs::scsi::device] SG_IO: device=/dev/sg3 cdb=[0a, 00, 08, 00, 00, 00] bytes=524288 wall_us=754 duration_ms=1 result=Ok(0) status=0x0 host=0x0 driver=0x0 resid=0 info=0x0 sense=[]
[2026-09-27T13:31:11Z DEBUG tape_rs::scsi::device] SCSI 命令完成: cdb=[0a, 00, 08, 00, 00, 00], status=0x00, transferred=524288, duration=1ms, info=0x0, sense=[NO SENSE] ASC=0x00 ASCQ=0x00
[2026-09-27T13:31:11Z DEBUG tape_rs::scsi::device] SG_IO: device=/dev/sg3 cdb=[0a, 00, 04, 3d, 3b, 00] bytes=277819 wall_us=408 duration_ms=0 result=Ok(0) status=0x0 host=0x0 driver=0x0 resid=0 info=0x0 sense=[]
[2026-09-27T13:31:11Z DEBUG tape_rs::scsi::device] SCSI 命令完成: cdb=[0a, 00, 04, 3d, 3b, 00], status=0x00, transferred=277819, duration=0ms, info=0x0, sense=[NO SENSE] ASC=0x00 ASCQ=0x00
[2026-09-27T13:31:18Z DEBUG tape_rs::scsi::device] SG_IO: device=/dev/sg3 cdb=[10, 00, 00, 00, 01, 00] bytes=0 wall_us=7528428 duration_ms=7528 result=Ok(0) status=0x0 host=0x0 driver=0x0 resid=0 info=0x0 sense=[]
[2026-09-27T13:31:18Z DEBUG tape_rs::scsi::device] SCSI 命令完成: cdb=[10, 00, 00, 00, 01, 00], status=0x00, transferred=0, duration=7528ms, info=0x0, sense=[NO SENSE] ASC=0x00 ASCQ=0x00
[2026-09-27T13:31:18Z INFO  tape_rs::tape::commands] 定位到 partition=0, block=4
[2026-09-27T13:31:57Z DEBUG tape_rs::scsi::device] SG_IO: device=/dev/sg3 cdb=[92, 02, 00, 00, 00, 00, 00, 00, 00, 00, 00, 04, 00, 00, 00, 00] bytes=0 wall_us=38689053 duration_ms=38689 result=Ok(0) status=0x0 host=0x0 driver=0x0 resid=0 info=0x0 sense=[]
[2026-09-27T13:31:57Z DEBUG tape_rs::scsi::device] SCSI 命令完成: cdb=[92, 02, 00, 00, 00, 00, 00, 00, 00, 00, 00, 04, 00, 00, 00, 00], status=0x00, transferred=0, duration=38689ms, info=0x0, sense=[NO SENSE] ASC=0x00 ASCQ=0x00
[2026-09-27T13:31:57Z DEBUG tape_rs::scsi::device] SG_IO: device=/dev/sg3 cdb=[10, 01, 00, 00, 01, 00] bytes=0 wall_us=51087 duration_ms=51 result=Ok(0) status=0x0 host=0x0 driver=0x0 resid=0 info=0x0 sense=[]
[2026-09-27T13:31:57Z DEBUG tape_rs::scsi::device] SCSI 命令完成: cdb=[10, 01, 00, 00, 01, 00], status=0x00, transferred=0, duration=51ms, info=0x0, sense=[NO SENSE] ASC=0x00 ASCQ=0x00
[2026-09-27T13:31:57Z DEBUG tape_rs::scsi::device] SG_IO: device=/dev/sg3 cdb=[0a, 00, 08, 00, 00, 00] bytes=524288 wall_us=3526 duration_ms=3 result=Ok(0) status=0x0 host=0x0 driver=0x0 resid=0 info=0x0 sense=[]
[2026-09-27T13:31:57Z DEBUG tape_rs::scsi::device] SCSI 命令完成: cdb=[0a, 00, 08, 00, 00, 00], status=0x00, transferred=524288, duration=3ms, info=0x0, sense=[NO SENSE] ASC=0x00 ASCQ=0x00
[2026-09-27T13:31:57Z DEBUG tape_rs::scsi::device] SG_IO: device=/dev/sg3 cdb=[0a, 00, 08, 00, 00, 00] bytes=524288 wall_us=862 duration_ms=1 result=Ok(0) status=0x0 host=0x0 driver=0x0 resid=0 info=0x0 sense=[]
[2026-09-27T13:31:57Z DEBUG tape_rs::scsi::device] SCSI 命令完成: cdb=[0a, 00, 08, 00, 00, 00], status=0x00, transferred=524288, duration=1ms, info=0x0, sense=[NO SENSE] ASC=0x00 ASCQ=0x00
[2026-09-27T13:31:57Z DEBUG tape_rs::scsi::device] SG_IO: device=/dev/sg3 cdb=[0a, 00, 08, 00, 00, 00] bytes=524288 wall_us=764 duration_ms=1 result=Ok(0) status=0x0 host=0x0 driver=0x0 resid=0 info=0x0 sense=[]
[2026-09-27T13:31:57Z DEBUG tape_rs::scsi::device] SCSI 命令完成: cdb=[0a, 00, 08, 00, 00, 00], status=0x00, transferred=524288, duration=1ms, info=0x0, sense=[NO SENSE] ASC=0x00 ASCQ=0x00
[2026-09-27T13:31:57Z DEBUG tape_rs::scsi::device] SG_IO: device=/dev/sg3 cdb=[0a, 00, 08, 00, 00, 00] bytes=524288 wall_us=759 duration_ms=1 result=Ok(0) status=0x0 host=0x0 driver=0x0 resid=0 info=0x0 sense=[]
[2026-09-27T13:31:57Z DEBUG tape_rs::scsi::device] SCSI 命令完成: cdb=[0a, 00, 08, 00, 00, 00], status=0x00, transferred=524288, duration=1ms, info=0x0, sense=[NO SENSE] ASC=0x00 ASCQ=0x00
[2026-09-27T13:31:57Z DEBUG tape_rs::scsi::device] SG_IO: device=/dev/sg3 cdb=[0a, 00, 08, 00, 00, 00] bytes=524288 wall_us=759 duration_ms=0 result=Ok(0) status=0x0 host=0x0 driver=0x0 resid=0 info=0x0 sense=[]
[2026-09-27T13:31:57Z DEBUG tape_rs::scsi::device] SCSI 命令完成: cdb=[0a, 00, 08, 00, 00, 00], status=0x00, transferred=524288, duration=0ms, info=0x0, sense=[NO SENSE] ASC=0x00 ASCQ=0x00
[2026-09-27T13:31:57Z DEBUG tape_rs::scsi::device] SG_IO: device=/dev/sg3 cdb=[0a, 00, 04, 3c, b6, 00] bytes=277686 wall_us=416 duration_ms=0 result=Ok(0) status=0x0 host=0x0 driver=0x0 resid=0 info=0x0 sense=[]
[2026-09-27T13:31:57Z DEBUG tape_rs::scsi::device] SCSI 命令完成: cdb=[0a, 00, 04, 3c, b6, 00], status=0x00, transferred=277686, duration=0ms, info=0x0, sense=[NO SENSE] ASC=0x00 ASCQ=0x00
[2026-09-27T13:32:03Z DEBUG tape_rs::scsi::device] SG_IO: device=/dev/sg3 cdb=[10, 00, 00, 00, 01, 00] bytes=0 wall_us=6232955 duration_ms=6233 result=Ok(0) status=0x0 host=0x0 driver=0x0 resid=0 info=0x0 sense=[]
[2026-09-27T13:32:03Z DEBUG tape_rs::scsi::device] SCSI 命令完成: cdb=[10, 00, 00, 00, 01, 00], status=0x00, transferred=0, duration=6233ms, info=0x0, sense=[NO SENSE] ASC=0x00 ASCQ=0x00
[2026-09-27T13:32:03Z DEBUG tape_rs::scsi::device] SG_IO: device=/dev/sg3 cdb=[5e, 00, 00, 00, 00, 00, 00, 04, 00, 00] bytes=1024 wall_us=815 duration_ms=0 result=Ok(0) status=0x0 host=0x0 driver=0x0 resid=1008 info=0x0 sense=[]
[2026-09-27T13:32:03Z DEBUG tape_rs::scsi::device] SCSI 命令完成: cdb=[5e, 00, 00, 00, 00, 00, 00, 04, 00, 00], status=0x00, transferred=16, duration=0ms, info=0x0, sense=[NO SENSE] ASC=0x00 ASCQ=0x00
[2026-09-27T13:32:03Z DEBUG tape_rs::scsi::device] SG_IO: device=/dev/sg3 cdb=[5e, 01, 00, 00, 00, 00, 00, 04, 00, 00] bytes=1024 wall_us=657 duration_ms=1 result=Ok(0) status=0x0 host=0x0 driver=0x0 resid=1000 info=0x0 sense=[]
[2026-09-27T13:32:03Z DEBUG tape_rs::scsi::device] SCSI 命令完成: cdb=[5e, 01, 00, 00, 00, 00, 00, 04, 00, 00], status=0x00, transferred=24, duration=1ms, info=0x0, sense=[NO SENSE] ASC=0x00 ASCQ=0x00
[2026-09-27T13:32:03Z DEBUG tape_rs::scsi::device] SG_IO: device=/dev/sg3 cdb=[10, 00, 00, 00, 00, 00] bytes=0 wall_us=1719 duration_ms=2 result=Ok(0) status=0x0 host=0x0 driver=0x0 resid=0 info=0x0 sense=[]
[2026-09-27T13:32:03Z DEBUG tape_rs::scsi::device] SCSI 命令完成: cdb=[10, 00, 00, 00, 00, 00], status=0x00, transferred=0, duration=2ms, info=0x0, sense=[NO SENSE] ASC=0x00 ASCQ=0x00
[2026-09-27T13:32:06Z DEBUG tape_rs::scsi::device] SG_IO: device=/dev/sg3 cdb=[8c, 00, 00, 00, 00, 00, 00, 00, 00, 09, 00, 00, 02, 00, 00, 00] bytes=512 wall_us=2506848 duration_ms=2507 result=Ok(0) status=0x0 host=0x0 driver=0x0 resid=0 info=0x0 sense=[]
[2026-09-27T13:32:06Z DEBUG tape_rs::scsi::device] SCSI 命令完成: cdb=[8c, 00, 00, 00, 00, 00, 00, 00, 00, 09, 00, 00, 02, 00, 00, 00], status=0x00, transferred=512, duration=2507ms, info=0x0, sense=[NO SENSE] ASC=0x00 ASCQ=0x00
[2026-09-27T13:32:07Z DEBUG tape_rs::scsi::device] SG_IO: device=/dev/sg3 cdb=[8d, 01, 00, 00, 00, 00, 00, 00, 00, 00, 00, 00, 00, 4f, 00, 00] bytes=79 wall_us=1634476 duration_ms=1634 result=Ok(0) status=0x0 host=0x0 driver=0x0 resid=0 info=0x0 sense=[]
[2026-09-27T13:32:07Z DEBUG tape_rs::scsi::device] SCSI 命令完成: cdb=[8d, 01, 00, 00, 00, 00, 00, 00, 00, 00, 00, 00, 00, 4f, 00, 00], status=0x00, transferred=79, duration=1634ms, info=0x0, sense=[NO SENSE] ASC=0x00 ASCQ=0x00
[2026-09-27T13:32:09Z DEBUG tape_rs::scsi::device] SG_IO: device=/dev/sg3 cdb=[8d, 01, 00, 00, 00, 00, 00, 01, 00, 00, 00, 00, 00, 4f, 00, 00] bytes=79 wall_us=1630961 duration_ms=1631 result=Ok(0) status=0x0 host=0x0 driver=0x0 resid=0 info=0x0 sense=[]
[2026-09-27T13:32:09Z DEBUG tape_rs::scsi::device] SCSI 命令完成: cdb=[8d, 01, 00, 00, 00, 00, 00, 01, 00, 00, 00, 00, 00, 4f, 00, 00], status=0x00, transferred=79, duration=1631ms, info=0x0, sense=[NO SENSE] ASC=0x00 ASCQ=0x00
[2026-09-27T13:32:09Z INFO  tape_rs::ltfs::volume] commit: gen 35 @ DP 38178, IP checkpoint=true
[2026-09-27T13:32:09Z DEBUG tape_rs::scsi::device] SG_IO: device=/dev/sg3 cdb=[8c, 00, 00, 00, 00, 00, 00, 01, 00, 00, 00, 00, 02, 00, 00, 00] bytes=512 wall_us=1848 duration_ms=2 result=Ok(0) status=0x0 host=0x0 driver=0x0 resid=0 info=0x0 sense=[]
[2026-09-27T13:32:09Z DEBUG tape_rs::scsi::device] SCSI 命令完成: cdb=[8c, 00, 00, 00, 00, 00, 00, 01, 00, 00, 00, 00, 02, 00, 00, 00], status=0x00, transferred=512, duration=2ms, info=0x0, sense=[NO SENSE] ASC=0x00 ASCQ=0x00
[2026-09-27T13:32:09Z DEBUG tape_rs::scsi::device] SG_IO: device=/dev/sg3 cdb=[8c, 00, 00, 00, 00, 00, 00, 01, 00, 01, 00, 00, 02, 00, 00, 00] bytes=512 wall_us=1875 duration_ms=2 result=Ok(0) status=0x0 host=0x0 driver=0x0 resid=0 info=0x0 sense=[]
[2026-09-27T13:32:09Z DEBUG tape_rs::scsi::device] SCSI 命令完成: cdb=[8c, 00, 00, 00, 00, 00, 00, 01, 00, 01, 00, 00, 02, 00, 00, 00], status=0x00, transferred=512, duration=2ms, info=0x0, sense=[NO SENSE] ASC=0x00 ASCQ=0x00
[2026-09-27T13:32:09Z INFO  tape_rs::daemon::executor] 执行线程: 已提交 1 个文件，索引 gen=35
[2026-09-27T13:32:09Z DEBUG tape_rs::scsi::device] SG_IO: device=/dev/sg3 cdb=[5e, 00, 00, 00, 00, 00, 00, 04, 00, 00] bytes=1024 wall_us=767 duration_ms=0 result=Ok(0) status=0x0 host=0x0 driver=0x0 resid=1008 info=0x0 sense=[]
[2026-09-27T13:32:09Z DEBUG tape_rs::scsi::device] SCSI 命令完成: cdb=[5e, 00, 00, 00, 00, 00, 00, 04, 00, 00], status=0x00, transferred=16, duration=0ms, info=0x0, sense=[NO SENSE] ASC=0x00 ASCQ=0x00
[2026-09-27T13:32:09Z DEBUG tape_rs::scsi::device] SG_IO: device=/dev/sg3 cdb=[5e, 01, 00, 00, 00, 00, 00, 04, 00, 00] bytes=1024 wall_us=563 duration_ms=1 result=Ok(0) status=0x0 host=0x0 driver=0x0 resid=1000 info=0x0 sense=[]
[2026-09-27T13:32:09Z DEBUG tape_rs::scsi::device] SCSI 命令完成: cdb=[5e, 01, 00, 00, 00, 00, 00, 04, 00, 00], status=0x00, transferred=24, duration=1ms, info=0x0, sense=[NO SENSE] ASC=0x00 ASCQ=0x00
[2026-09-27T13:32:09Z DEBUG tape_rs::scsi::device] SG_IO: device=/dev/sg5 cdb=[5e, 00, 00, 00, 00, 00, 00, 04, 00, 00] bytes=1024 wall_us=660 duration_ms=1 result=Ok(0) status=0x0 host=0x0 driver=0x0 resid=1008 info=0x0 sense=[]
[2026-09-27T13:32:09Z DEBUG tape_rs::scsi::device] SCSI 命令完成: cdb=[5e, 00, 00, 00, 00, 00, 00, 04, 00, 00], status=0x00, transferred=16, duration=1ms, info=0x0, sense=[NO SENSE] ASC=0x00 ASCQ=0x00
[2026-09-27T13:32:09Z DEBUG tape_rs::scsi::device] SG_IO: device=/dev/sg5 cdb=[5e, 01, 00, 00, 00, 00, 00, 04, 00, 00] bytes=1024 wall_us=659 duration_ms=0 result=Ok(0) status=0x0 host=0x0 driver=0x0 resid=1000 info=0x0 sense=[]
[2026-09-27T13:32:09Z DEBUG tape_rs::scsi::device] SCSI 命令完成: cdb=[5e, 01, 00, 00, 00, 00, 00, 04, 00, 00], status=0x00, transferred=24, duration=0ms, info=0x0, sense=[NO SENSE] ASC=0x00 ASCQ=0x00
[2026-09-27T13:32:09Z DEBUG tape_rs::scsi::device] SG_IO: device=/dev/sg3 cdb=[00, 00, 00, 00, 00, 00] bytes=0 wall_us=488 duration_ms=1 result=Ok(0) status=0x0 host=0x0 driver=0x0 resid=0 info=0x0 sense=[]
[2026-09-27T13:32:09Z DEBUG tape_rs::scsi::device] SCSI 命令完成: cdb=[00, 00, 00, 00, 00, 00], status=0x00, transferred=0, duration=1ms, info=0x0, sense=[NO SENSE] ASC=0x00 ASCQ=0x00
[2026-09-27T13:32:09Z DEBUG tape_rs::scsi::device] SG_IO: device=/dev/sg3 cdb=[5e, 00, 00, 00, 00, 00, 00, 04, 00, 00] bytes=1024 wall_us=697 duration_ms=0 result=Ok(0) status=0x0 host=0x0 driver=0x0 resid=1008 info=0x0 sense=[]
[2026-09-27T13:32:09Z DEBUG tape_rs::scsi::device] SCSI 命令完成: cdb=[5e, 00, 00, 00, 00, 00, 00, 04, 00, 00], status=0x00, transferred=16, duration=0ms, info=0x0, sense=[NO SENSE] ASC=0x00 ASCQ=0x00
[2026-09-27T13:32:09Z DEBUG tape_rs::scsi::device] SG_IO: device=/dev/sg3 cdb=[5e, 01, 00, 00, 00, 00, 00, 04, 00, 00] bytes=1024 wall_us=670 duration_ms=1 result=Ok(0) status=0x0 host=0x0 driver=0x0 resid=1000 info=0x0 sense=[]
[2026-09-27T13:32:09Z DEBUG tape_rs::scsi::device] SCSI 命令完成: cdb=[5e, 01, 00, 00, 00, 00, 00, 04, 00, 00], status=0x00, transferred=24, duration=1ms, info=0x0, sense=[NO SENSE] ASC=0x00 ASCQ=0x00
[2026-09-27T13:32:09Z DEBUG tape_rs::scsi::device] SG_IO: device=/dev/sg3 cdb=[5e, 00, 00, 00, 00, 00, 00, 04, 00, 00] bytes=1024 wall_us=505 duration_ms=1 result=Ok(0) status=0x0 host=0x0 driver=0x0 resid=1008 info=0x0 sense=[]
[2026-09-27T13:32:09Z DEBUG tape_rs::scsi::device] SCSI 命令完成: cdb=[5e, 00, 00, 00, 00, 00, 00, 04, 00, 00], status=0x00, transferred=16, duration=1ms, info=0x0, sense=[NO SENSE] ASC=0x00 ASCQ=0x00
[2026-09-27T13:32:09Z DEBUG tape_rs::scsi::device] SG_IO: device=/dev/sg3 cdb=[5e, 01, 00, 00, 00, 00, 00, 04, 00, 00] bytes=1024 wall_us=664 duration_ms=0 result=Ok(0) status=0x0 host=0x0 driver=0x0 resid=1000 info=0x0 sense=[]
[2026-09-27T13:32:09Z DEBUG tape_rs::scsi::device] SCSI 命令完成: cdb=[5e, 01, 00, 00, 00, 00, 00, 04, 00, 00], status=0x00, transferred=24, duration=0ms, info=0x0, sense=[NO SENSE] ASC=0x00 ASCQ=0x00
[2026-09-27T13:32:09Z DEBUG tape_rs::scsi::device] SG_IO: device=/dev/sg3 cdb=[34, 00, 00, 00, 00, 00, 00, 00, 00, 00] bytes=20 wall_us=772 duration_ms=1 result=Ok(0) status=0x0 host=0x0 driver=0x0 resid=0 info=0x0 sense=[]
[2026-09-27T13:32:09Z DEBUG tape_rs::scsi::device] SCSI 命令完成: cdb=[34, 00, 00, 00, 00, 00, 00, 00, 00, 00], status=0x00, transferred=20, duration=1ms, info=0x0, sense=[NO SENSE] ASC=0x00 ASCQ=0x00
[2026-09-27T13:32:09Z INFO  tape_rs::tape::commands] 定位到 partition=1, block=38185
[2026-09-27T13:32:44Z DEBUG tape_rs::scsi::device] SG_IO: device=/dev/sg3 cdb=[92, 02, 00, 01, 00, 00, 00, 00, 00, 00, 95, 29, 00, 00, 00, 00] bytes=0 wall_us=35154047 duration_ms=35154 result=Ok(0) status=0x0 host=0x0 driver=0x0 resid=0 info=0x0 sense=[]
[2026-09-27T13:32:44Z DEBUG tape_rs::scsi::device] SCSI 命令完成: cdb=[92, 02, 00, 01, 00, 00, 00, 00, 00, 00, 95, 29, 00, 00, 00, 00], status=0x00, transferred=0, duration=35154ms, info=0x0, sense=[NO SENSE] ASC=0x00 ASCQ=0x00
[2026-09-27T13:32:44Z DEBUG tape_rs::scsi::device] SG_IO: device=/dev/sg3 cdb=[0a, 00, 00, 10, 00, 00] bytes=4096 wall_us=76922 duration_ms=77 result=Ok(0) status=0x0 host=0x0 driver=0x0 resid=0 info=0x0 sense=[]
[2026-09-27T13:32:44Z DEBUG tape_rs::scsi::device] SCSI 命令完成: cdb=[0a, 00, 00, 10, 00, 00], status=0x00, transferred=4096, duration=77ms, info=0x0, sense=[NO SENSE] ASC=0x00 ASCQ=0x00
[2026-09-27T13:32:44Z INFO  tape_rs::ltfs::volume] 追加 /comparison/session-20260927/f6.bin: 4096 字节 @ P1 block 38185
[2026-09-27T13:32:44Z DEBUG tape_rs::scsi::device] SG_IO: device=/dev/sg3 cdb=[5e, 00, 00, 00, 00, 00, 00, 04, 00, 00] bytes=1024 wall_us=691 duration_ms=1 result=Ok(0) status=0x0 host=0x0 driver=0x0 resid=1008 info=0x0 sense=[]
[2026-09-27T13:32:44Z DEBUG tape_rs::scsi::device] SCSI 命令完成: cdb=[5e, 00, 00, 00, 00, 00, 00, 04, 00, 00], status=0x00, transferred=16, duration=1ms, info=0x0, sense=[NO SENSE] ASC=0x00 ASCQ=0x00
[2026-09-27T13:32:44Z DEBUG tape_rs::scsi::device] SG_IO: device=/dev/sg3 cdb=[5e, 01, 00, 00, 00, 00, 00, 04, 00, 00] bytes=1024 wall_us=708 duration_ms=1 result=Ok(0) status=0x0 host=0x0 driver=0x0 resid=1000 info=0x0 sense=[]
[2026-09-27T13:32:44Z DEBUG tape_rs::scsi::device] SCSI 命令完成: cdb=[5e, 01, 00, 00, 00, 00, 00, 04, 00, 00], status=0x00, transferred=24, duration=1ms, info=0x0, sense=[NO SENSE] ASC=0x00 ASCQ=0x00
[2026-09-27T13:32:44Z DEBUG tape_rs::scsi::device] SG_IO: device=/dev/sg3 cdb=[34, 00, 00, 00, 00, 00, 00, 00, 00, 00] bytes=20 wall_us=813 duration_ms=0 result=Ok(0) status=0x0 host=0x0 driver=0x0 resid=0 info=0x0 sense=[]
[2026-09-27T13:32:44Z DEBUG tape_rs::scsi::device] SCSI 命令完成: cdb=[34, 00, 00, 00, 00, 00, 00, 00, 00, 00], status=0x00, transferred=20, duration=0ms, info=0x0, sense=[NO SENSE] ASC=0x00 ASCQ=0x00
[2026-09-27T13:32:44Z DEBUG tape_rs::scsi::device] SG_IO: device=/dev/sg3 cdb=[10, 01, 00, 00, 01, 00] bytes=0 wall_us=4528 duration_ms=4 result=Ok(0) status=0x0 host=0x0 driver=0x0 resid=0 info=0x0 sense=[]
[2026-09-27T13:32:44Z DEBUG tape_rs::scsi::device] SCSI 命令完成: cdb=[10, 01, 00, 00, 01, 00], status=0x00, transferred=0, duration=4ms, info=0x0, sense=[NO SENSE] ASC=0x00 ASCQ=0x00
[2026-09-27T13:32:44Z DEBUG tape_rs::scsi::device] SG_IO: device=/dev/sg3 cdb=[0a, 00, 00, 0d, 8e, 00] bytes=3470 wall_us=2176 duration_ms=2 result=Ok(0) status=0x0 host=0x0 driver=0x0 resid=0 info=0x0 sense=[]
[2026-09-27T13:32:44Z DEBUG tape_rs::scsi::device] SCSI 命令完成: cdb=[0a, 00, 00, 0d, 8e, 00], status=0x00, transferred=3470, duration=2ms, info=0x0, sense=[NO SENSE] ASC=0x00 ASCQ=0x00
[2026-09-27T13:32:52Z DEBUG tape_rs::scsi::device] SG_IO: device=/dev/sg3 cdb=[10, 00, 00, 00, 01, 00] bytes=0 wall_us=7489554 duration_ms=7489 result=Ok(0) status=0x0 host=0x0 driver=0x0 resid=0 info=0x0 sense=[]
[2026-09-27T13:32:52Z DEBUG tape_rs::scsi::device] SCSI 命令完成: cdb=[10, 00, 00, 00, 01, 00], status=0x00, transferred=0, duration=7489ms, info=0x0, sense=[NO SENSE] ASC=0x00 ASCQ=0x00
[2026-09-27T13:32:52Z DEBUG tape_rs::scsi::device] SG_IO: device=/dev/sg3 cdb=[5e, 00, 00, 00, 00, 00, 00, 04, 00, 00] bytes=1024 wall_us=680 duration_ms=1 result=Ok(0) status=0x0 host=0x0 driver=0x0 resid=1008 info=0x0 sense=[]
[2026-09-27T13:32:52Z DEBUG tape_rs::scsi::device] SCSI 命令完成: cdb=[5e, 00, 00, 00, 00, 00, 00, 04, 00, 00], status=0x00, transferred=16, duration=1ms, info=0x0, sense=[NO SENSE] ASC=0x00 ASCQ=0x00
[2026-09-27T13:32:52Z DEBUG tape_rs::scsi::device] SG_IO: device=/dev/sg3 cdb=[5e, 01, 00, 00, 00, 00, 00, 04, 00, 00] bytes=1024 wall_us=674 duration_ms=1 result=Ok(0) status=0x0 host=0x0 driver=0x0 resid=1000 info=0x0 sense=[]
[2026-09-27T13:32:52Z DEBUG tape_rs::scsi::device] SCSI 命令完成: cdb=[5e, 01, 00, 00, 00, 00, 00, 04, 00, 00], status=0x00, transferred=24, duration=1ms, info=0x0, sense=[NO SENSE] ASC=0x00 ASCQ=0x00
[2026-09-27T13:32:52Z DEBUG tape_rs::scsi::device] SG_IO: device=/dev/sg3 cdb=[10, 00, 00, 00, 00, 00] bytes=0 wall_us=2745 duration_ms=3 result=Ok(0) status=0x0 host=0x0 driver=0x0 resid=0 info=0x0 sense=[]
[2026-09-27T13:32:52Z DEBUG tape_rs::scsi::device] SCSI 命令完成: cdb=[10, 00, 00, 00, 00, 00], status=0x00, transferred=0, duration=3ms, info=0x0, sense=[NO SENSE] ASC=0x00 ASCQ=0x00
[2026-09-27T13:32:54Z DEBUG tape_rs::scsi::device] SG_IO: device=/dev/sg3 cdb=[8c, 00, 00, 00, 00, 00, 00, 00, 00, 09, 00, 00, 02, 00, 00, 00] bytes=512 wall_us=2634077 duration_ms=2634 result=Ok(0) status=0x0 host=0x0 driver=0x0 resid=0 info=0x0 sense=[]
[2026-09-27T13:32:54Z DEBUG tape_rs::scsi::device] SCSI 命令完成: cdb=[8c, 00, 00, 00, 00, 00, 00, 00, 00, 09, 00, 00, 02, 00, 00, 00], status=0x00, transferred=512, duration=2634ms, info=0x0, sense=[NO SENSE] ASC=0x00 ASCQ=0x00
[2026-09-27T13:32:56Z DEBUG tape_rs::scsi::device] SG_IO: device=/dev/sg3 cdb=[8d, 01, 00, 00, 00, 00, 00, 00, 00, 00, 00, 00, 00, 4f, 00, 00] bytes=79 wall_us=1631041 duration_ms=1631 result=Ok(0) status=0x0 host=0x0 driver=0x0 resid=0 info=0x0 sense=[]
[2026-09-27T13:32:56Z DEBUG tape_rs::scsi::device] SCSI 命令完成: cdb=[8d, 01, 00, 00, 00, 00, 00, 00, 00, 00, 00, 00, 00, 4f, 00, 00], status=0x00, transferred=79, duration=1631ms, info=0x0, sense=[NO SENSE] ASC=0x00 ASCQ=0x00
[2026-09-27T13:32:58Z DEBUG tape_rs::scsi::device] SG_IO: device=/dev/sg3 cdb=[8d, 01, 00, 00, 00, 00, 00, 01, 00, 00, 00, 00, 00, 4f, 00, 00] bytes=79 wall_us=1628309 duration_ms=1628 result=Ok(0) status=0x0 host=0x0 driver=0x0 resid=0 info=0x0 sense=[]
[2026-09-27T13:32:58Z DEBUG tape_rs::scsi::device] SCSI 命令完成: cdb=[8d, 01, 00, 00, 00, 00, 00, 01, 00, 00, 00, 00, 00, 4f, 00, 00], status=0x00, transferred=79, duration=1628ms, info=0x0, sense=[NO SENSE] ASC=0x00 ASCQ=0x00
[2026-09-27T13:32:58Z INFO  tape_rs::ltfs::volume] commit: gen 36 @ DP 38187, IP checkpoint=false
[2026-09-27T13:32:58Z DEBUG tape_rs::scsi::device] SG_IO: device=/dev/sg3 cdb=[8c, 00, 00, 00, 00, 00, 00, 01, 00, 00, 00, 00, 02, 00, 00, 00] bytes=512 wall_us=1849 duration_ms=2 result=Ok(0) status=0x0 host=0x0 driver=0x0 resid=0 info=0x0 sense=[]
[2026-09-27T13:32:58Z DEBUG tape_rs::scsi::device] SCSI 命令完成: cdb=[8c, 00, 00, 00, 00, 00, 00, 01, 00, 00, 00, 00, 02, 00, 00, 00], status=0x00, transferred=512, duration=2ms, info=0x0, sense=[NO SENSE] ASC=0x00 ASCQ=0x00
[2026-09-27T13:32:58Z DEBUG tape_rs::scsi::device] SG_IO: device=/dev/sg3 cdb=[8c, 00, 00, 00, 00, 00, 00, 01, 00, 01, 00, 00, 02, 00, 00, 00] bytes=512 wall_us=1792 duration_ms=1 result=Ok(0) status=0x0 host=0x0 driver=0x0 resid=0 info=0x0 sense=[]
[2026-09-27T13:32:58Z DEBUG tape_rs::scsi::device] SCSI 命令完成: cdb=[8c, 00, 00, 00, 00, 00, 00, 01, 00, 01, 00, 00, 02, 00, 00, 00], status=0x00, transferred=512, duration=1ms, info=0x0, sense=[NO SENSE] ASC=0x00 ASCQ=0x00
[2026-09-27T13:32:58Z INFO  tape_rs::daemon::executor] 执行线程: 已提交 1 个文件，索引 gen=36
[2026-09-27T13:32:58Z DEBUG tape_rs::scsi::device] SG_IO: device=/dev/sg3 cdb=[5e, 00, 00, 00, 00, 00, 00, 04, 00, 00] bytes=1024 wall_us=547 duration_ms=0 result=Ok(0) status=0x0 host=0x0 driver=0x0 resid=1008 info=0x0 sense=[]
[2026-09-27T13:32:58Z DEBUG tape_rs::scsi::device] SCSI 命令完成: cdb=[5e, 00, 00, 00, 00, 00, 00, 04, 00, 00], status=0x00, transferred=16, duration=0ms, info=0x0, sense=[NO SENSE] ASC=0x00 ASCQ=0x00
[2026-09-27T13:32:58Z DEBUG tape_rs::scsi::device] SG_IO: device=/dev/sg3 cdb=[5e, 01, 00, 00, 00, 00, 00, 04, 00, 00] bytes=1024 wall_us=674 duration_ms=1 result=Ok(0) status=0x0 host=0x0 driver=0x0 resid=1000 info=0x0 sense=[]
[2026-09-27T13:32:58Z DEBUG tape_rs::scsi::device] SCSI 命令完成: cdb=[5e, 01, 00, 00, 00, 00, 00, 04, 00, 00], status=0x00, transferred=24, duration=1ms, info=0x0, sense=[NO SENSE] ASC=0x00 ASCQ=0x00
[2026-09-27T13:32:58Z DEBUG tape_rs::scsi::device] SG_IO: device=/dev/sg5 cdb=[5e, 00, 00, 00, 00, 00, 00, 04, 00, 00] bytes=1024 wall_us=650 duration_ms=1 result=Ok(0) status=0x0 host=0x0 driver=0x0 resid=1008 info=0x0 sense=[]
[2026-09-27T13:32:58Z DEBUG tape_rs::scsi::device] SCSI 命令完成: cdb=[5e, 00, 00, 00, 00, 00, 00, 04, 00, 00], status=0x00, transferred=16, duration=1ms, info=0x0, sense=[NO SENSE] ASC=0x00 ASCQ=0x00
[2026-09-27T13:32:58Z DEBUG tape_rs::scsi::device] SG_IO: device=/dev/sg5 cdb=[5e, 01, 00, 00, 00, 00, 00, 04, 00, 00] bytes=1024 wall_us=552 duration_ms=0 result=Ok(0) status=0x0 host=0x0 driver=0x0 resid=1000 info=0x0 sense=[]
[2026-09-27T13:32:58Z DEBUG tape_rs::scsi::device] SCSI 命令完成: cdb=[5e, 01, 00, 00, 00, 00, 00, 04, 00, 00], status=0x00, transferred=24, duration=0ms, info=0x0, sense=[NO SENSE] ASC=0x00 ASCQ=0x00
[2026-09-27T13:32:58Z DEBUG tape_rs::scsi::device] SG_IO: device=/dev/sg3 cdb=[00, 00, 00, 00, 00, 00] bytes=0 wall_us=580 duration_ms=1 result=Ok(0) status=0x0 host=0x0 driver=0x0 resid=0 info=0x0 sense=[]
[2026-09-27T13:32:58Z DEBUG tape_rs::scsi::device] SCSI 命令完成: cdb=[00, 00, 00, 00, 00, 00], status=0x00, transferred=0, duration=1ms, info=0x0, sense=[NO SENSE] ASC=0x00 ASCQ=0x00
[2026-09-27T13:32:58Z DEBUG tape_rs::scsi::device] SG_IO: device=/dev/sg3 cdb=[5e, 00, 00, 00, 00, 00, 00, 04, 00, 00] bytes=1024 wall_us=702 duration_ms=1 result=Ok(0) status=0x0 host=0x0 driver=0x0 resid=1008 info=0x0 sense=[]
[2026-09-27T13:32:58Z DEBUG tape_rs::scsi::device] SCSI 命令完成: cdb=[5e, 00, 00, 00, 00, 00, 00, 04, 00, 00], status=0x00, transferred=16, duration=1ms, info=0x0, sense=[NO SENSE] ASC=0x00 ASCQ=0x00
[2026-09-27T13:32:58Z DEBUG tape_rs::scsi::device] SG_IO: device=/dev/sg3 cdb=[5e, 01, 00, 00, 00, 00, 00, 04, 00, 00] bytes=1024 wall_us=592 duration_ms=0 result=Ok(0) status=0x0 host=0x0 driver=0x0 resid=1000 info=0x0 sense=[]
[2026-09-27T13:32:58Z DEBUG tape_rs::scsi::device] SCSI 命令完成: cdb=[5e, 01, 00, 00, 00, 00, 00, 04, 00, 00], status=0x00, transferred=24, duration=0ms, info=0x0, sense=[NO SENSE] ASC=0x00 ASCQ=0x00
[2026-09-27T13:32:58Z DEBUG tape_rs::scsi::device] SG_IO: device=/dev/sg3 cdb=[5e, 00, 00, 00, 00, 00, 00, 04, 00, 00] bytes=1024 wall_us=616 duration_ms=1 result=Ok(0) status=0x0 host=0x0 driver=0x0 resid=1008 info=0x0 sense=[]
[2026-09-27T13:32:58Z DEBUG tape_rs::scsi::device] SCSI 命令完成: cdb=[5e, 00, 00, 00, 00, 00, 00, 04, 00, 00], status=0x00, transferred=16, duration=1ms, info=0x0, sense=[NO SENSE] ASC=0x00 ASCQ=0x00
[2026-09-27T13:32:58Z DEBUG tape_rs::scsi::device] SG_IO: device=/dev/sg3 cdb=[5e, 01, 00, 00, 00, 00, 00, 04, 00, 00] bytes=1024 wall_us=673 duration_ms=1 result=Ok(0) status=0x0 host=0x0 driver=0x0 resid=1000 info=0x0 sense=[]
[2026-09-27T13:32:58Z DEBUG tape_rs::scsi::device] SCSI 命令完成: cdb=[5e, 01, 00, 00, 00, 00, 00, 04, 00, 00], status=0x00, transferred=24, duration=1ms, info=0x0, sense=[NO SENSE] ASC=0x00 ASCQ=0x00
[2026-09-27T13:32:58Z DEBUG tape_rs::scsi::device] SG_IO: device=/dev/sg3 cdb=[34, 00, 00, 00, 00, 00, 00, 00, 00, 00] bytes=20 wall_us=669 duration_ms=0 result=Ok(0) status=0x0 host=0x0 driver=0x0 resid=0 info=0x0 sense=[]
[2026-09-27T13:32:58Z DEBUG tape_rs::scsi::device] SCSI 命令完成: cdb=[34, 00, 00, 00, 00, 00, 00, 00, 00, 00], status=0x00, transferred=20, duration=0ms, info=0x0, sense=[NO SENSE] ASC=0x00 ASCQ=0x00
[2026-09-27T13:33:03Z DEBUG tape_rs::scsi::device] SG_IO: device=/dev/sg3 cdb=[0a, 00, 00, 10, 00, 00] bytes=4096 wall_us=5028415 duration_ms=5029 result=Ok(0) status=0x0 host=0x0 driver=0x0 resid=0 info=0x0 sense=[]
[2026-09-27T13:33:03Z DEBUG tape_rs::scsi::device] SCSI 命令完成: cdb=[0a, 00, 00, 10, 00, 00], status=0x00, transferred=4096, duration=5029ms, info=0x0, sense=[NO SENSE] ASC=0x00 ASCQ=0x00
[2026-09-27T13:33:03Z INFO  tape_rs::ltfs::volume] 追加 /comparison/session-20260927/f7.bin: 4096 字节 @ P1 block 38189
[2026-09-27T13:33:03Z DEBUG tape_rs::scsi::device] SG_IO: device=/dev/sg3 cdb=[5e, 00, 00, 00, 00, 00, 00, 04, 00, 00] bytes=1024 wall_us=504 duration_ms=0 result=Ok(0) status=0x0 host=0x0 driver=0x0 resid=1008 info=0x0 sense=[]
[2026-09-27T13:33:03Z DEBUG tape_rs::scsi::device] SCSI 命令完成: cdb=[5e, 00, 00, 00, 00, 00, 00, 04, 00, 00], status=0x00, transferred=16, duration=0ms, info=0x0, sense=[NO SENSE] ASC=0x00 ASCQ=0x00
[2026-09-27T13:33:03Z DEBUG tape_rs::scsi::device] SG_IO: device=/dev/sg3 cdb=[5e, 01, 00, 00, 00, 00, 00, 04, 00, 00] bytes=1024 wall_us=699 duration_ms=1 result=Ok(0) status=0x0 host=0x0 driver=0x0 resid=1000 info=0x0 sense=[]
[2026-09-27T13:33:03Z DEBUG tape_rs::scsi::device] SCSI 命令完成: cdb=[5e, 01, 00, 00, 00, 00, 00, 04, 00, 00], status=0x00, transferred=24, duration=1ms, info=0x0, sense=[NO SENSE] ASC=0x00 ASCQ=0x00
[2026-09-27T13:33:03Z DEBUG tape_rs::scsi::device] SG_IO: device=/dev/sg3 cdb=[34, 00, 00, 00, 00, 00, 00, 00, 00, 00] bytes=20 wall_us=805 duration_ms=1 result=Ok(0) status=0x0 host=0x0 driver=0x0 resid=0 info=0x0 sense=[]
[2026-09-27T13:33:03Z DEBUG tape_rs::scsi::device] SCSI 命令完成: cdb=[34, 00, 00, 00, 00, 00, 00, 00, 00, 00], status=0x00, transferred=20, duration=1ms, info=0x0, sense=[NO SENSE] ASC=0x00 ASCQ=0x00
[2026-09-27T13:33:03Z DEBUG tape_rs::scsi::device] SG_IO: device=/dev/sg3 cdb=[10, 01, 00, 00, 01, 00] bytes=0 wall_us=5363 duration_ms=5 result=Ok(0) status=0x0 host=0x0 driver=0x0 resid=0 info=0x0 sense=[]
[2026-09-27T13:33:03Z DEBUG tape_rs::scsi::device] SCSI 命令完成: cdb=[10, 01, 00, 00, 01, 00], status=0x00, transferred=0, duration=5ms, info=0x0, sense=[NO SENSE] ASC=0x00 ASCQ=0x00
[2026-09-27T13:33:03Z DEBUG tape_rs::scsi::device] SG_IO: device=/dev/sg3 cdb=[0a, 00, 00, 0e, 0f, 00] bytes=3599 wall_us=2149 duration_ms=2 result=Ok(0) status=0x0 host=0x0 driver=0x0 resid=0 info=0x0 sense=[]
[2026-09-27T13:33:03Z DEBUG tape_rs::scsi::device] SCSI 命令完成: cdb=[0a, 00, 00, 0e, 0f, 00], status=0x00, transferred=3599, duration=2ms, info=0x0, sense=[NO SENSE] ASC=0x00 ASCQ=0x00
[2026-09-27T13:33:10Z DEBUG tape_rs::scsi::device] SG_IO: device=/dev/sg3 cdb=[10, 00, 00, 00, 01, 00] bytes=0 wall_us=7509509 duration_ms=7510 result=Ok(0) status=0x0 host=0x0 driver=0x0 resid=0 info=0x0 sense=[]
[2026-09-27T13:33:10Z DEBUG tape_rs::scsi::device] SCSI 命令完成: cdb=[10, 00, 00, 00, 01, 00], status=0x00, transferred=0, duration=7510ms, info=0x0, sense=[NO SENSE] ASC=0x00 ASCQ=0x00
[2026-09-27T13:33:10Z DEBUG tape_rs::scsi::device] SG_IO: device=/dev/sg3 cdb=[5e, 00, 00, 00, 00, 00, 00, 04, 00, 00] bytes=1024 wall_us=571 duration_ms=0 result=Ok(0) status=0x0 host=0x0 driver=0x0 resid=1008 info=0x0 sense=[]
[2026-09-27T13:33:10Z DEBUG tape_rs::scsi::device] SCSI 命令完成: cdb=[5e, 00, 00, 00, 00, 00, 00, 04, 00, 00], status=0x00, transferred=16, duration=0ms, info=0x0, sense=[NO SENSE] ASC=0x00 ASCQ=0x00
[2026-09-27T13:33:10Z DEBUG tape_rs::scsi::device] SG_IO: device=/dev/sg3 cdb=[5e, 01, 00, 00, 00, 00, 00, 04, 00, 00] bytes=1024 wall_us=672 duration_ms=1 result=Ok(0) status=0x0 host=0x0 driver=0x0 resid=1000 info=0x0 sense=[]
[2026-09-27T13:33:10Z DEBUG tape_rs::scsi::device] SCSI 命令完成: cdb=[5e, 01, 00, 00, 00, 00, 00, 04, 00, 00], status=0x00, transferred=24, duration=1ms, info=0x0, sense=[NO SENSE] ASC=0x00 ASCQ=0x00
[2026-09-27T13:33:10Z DEBUG tape_rs::scsi::device] SG_IO: device=/dev/sg3 cdb=[10, 00, 00, 00, 00, 00] bytes=0 wall_us=1750 duration_ms=2 result=Ok(0) status=0x0 host=0x0 driver=0x0 resid=0 info=0x0 sense=[]
[2026-09-27T13:33:10Z DEBUG tape_rs::scsi::device] SCSI 命令完成: cdb=[10, 00, 00, 00, 00, 00], status=0x00, transferred=0, duration=2ms, info=0x0, sense=[NO SENSE] ASC=0x00 ASCQ=0x00
[2026-09-27T13:33:13Z DEBUG tape_rs::scsi::device] SG_IO: device=/dev/sg3 cdb=[8c, 00, 00, 00, 00, 00, 00, 00, 00, 09, 00, 00, 02, 00, 00, 00] bytes=512 wall_us=2680579 duration_ms=2680 result=Ok(0) status=0x0 host=0x0 driver=0x0 resid=0 info=0x0 sense=[]
[2026-09-27T13:33:13Z DEBUG tape_rs::scsi::device] SCSI 命令完成: cdb=[8c, 00, 00, 00, 00, 00, 00, 00, 00, 09, 00, 00, 02, 00, 00, 00], status=0x00, transferred=512, duration=2680ms, info=0x0, sense=[NO SENSE] ASC=0x00 ASCQ=0x00
[2026-09-27T13:33:15Z DEBUG tape_rs::scsi::device] SG_IO: device=/dev/sg3 cdb=[8d, 01, 00, 00, 00, 00, 00, 00, 00, 00, 00, 00, 00, 4f, 00, 00] bytes=79 wall_us=1632847 duration_ms=1633 result=Ok(0) status=0x0 host=0x0 driver=0x0 resid=0 info=0x0 sense=[]
[2026-09-27T13:33:15Z DEBUG tape_rs::scsi::device] SCSI 命令完成: cdb=[8d, 01, 00, 00, 00, 00, 00, 00, 00, 00, 00, 00, 00, 4f, 00, 00], status=0x00, transferred=79, duration=1633ms, info=0x0, sense=[NO SENSE] ASC=0x00 ASCQ=0x00
[2026-09-27T13:33:16Z DEBUG tape_rs::scsi::device] SG_IO: device=/dev/sg3 cdb=[8d, 01, 00, 00, 00, 00, 00, 01, 00, 00, 00, 00, 00, 4f, 00, 00] bytes=79 wall_us=1628002 duration_ms=1628 result=Ok(0) status=0x0 host=0x0 driver=0x0 resid=0 info=0x0 sense=[]
[2026-09-27T13:33:16Z DEBUG tape_rs::scsi::device] SCSI 命令完成: cdb=[8d, 01, 00, 00, 00, 00, 00, 01, 00, 00, 00, 00, 00, 4f, 00, 00], status=0x00, transferred=79, duration=1628ms, info=0x0, sense=[NO SENSE] ASC=0x00 ASCQ=0x00
[2026-09-27T13:33:16Z INFO  tape_rs::ltfs::volume] commit: gen 37 @ DP 38191, IP checkpoint=false
[2026-09-27T13:33:16Z DEBUG tape_rs::scsi::device] SG_IO: device=/dev/sg3 cdb=[8c, 00, 00, 00, 00, 00, 00, 01, 00, 00, 00, 00, 02, 00, 00, 00] bytes=512 wall_us=1791 duration_ms=1 result=Ok(0) status=0x0 host=0x0 driver=0x0 resid=0 info=0x0 sense=[]
[2026-09-27T13:33:16Z DEBUG tape_rs::scsi::device] SCSI 命令完成: cdb=[8c, 00, 00, 00, 00, 00, 00, 01, 00, 00, 00, 00, 02, 00, 00, 00], status=0x00, transferred=512, duration=1ms, info=0x0, sense=[NO SENSE] ASC=0x00 ASCQ=0x00
[2026-09-27T13:33:16Z DEBUG tape_rs::scsi::device] SG_IO: device=/dev/sg3 cdb=[8c, 00, 00, 00, 00, 00, 00, 01, 00, 01, 00, 00, 02, 00, 00, 00] bytes=512 wall_us=1867 duration_ms=2 result=Ok(0) status=0x0 host=0x0 driver=0x0 resid=0 info=0x0 sense=[]
[2026-09-27T13:33:16Z DEBUG tape_rs::scsi::device] SCSI 命令完成: cdb=[8c, 00, 00, 00, 00, 00, 00, 01, 00, 01, 00, 00, 02, 00, 00, 00], status=0x00, transferred=512, duration=2ms, info=0x0, sense=[NO SENSE] ASC=0x00 ASCQ=0x00
[2026-09-27T13:33:16Z INFO  tape_rs::daemon::executor] 执行线程: 已提交 1 个文件，索引 gen=37
[2026-09-27T13:33:16Z DEBUG tape_rs::scsi::device] SG_IO: device=/dev/sg3 cdb=[5e, 00, 00, 00, 00, 00, 00, 04, 00, 00] bytes=1024 wall_us=530 duration_ms=0 result=Ok(0) status=0x0 host=0x0 driver=0x0 resid=1008 info=0x0 sense=[]
[2026-09-27T13:33:16Z DEBUG tape_rs::scsi::device] SCSI 命令完成: cdb=[5e, 00, 00, 00, 00, 00, 00, 04, 00, 00], status=0x00, transferred=16, duration=0ms, info=0x0, sense=[NO SENSE] ASC=0x00 ASCQ=0x00
[2026-09-27T13:33:16Z DEBUG tape_rs::scsi::device] SG_IO: device=/dev/sg3 cdb=[5e, 01, 00, 00, 00, 00, 00, 04, 00, 00] bytes=1024 wall_us=658 duration_ms=1 result=Ok(0) status=0x0 host=0x0 driver=0x0 resid=1000 info=0x0 sense=[]
[2026-09-27T13:33:16Z DEBUG tape_rs::scsi::device] SCSI 命令完成: cdb=[5e, 01, 00, 00, 00, 00, 00, 04, 00, 00], status=0x00, transferred=24, duration=1ms, info=0x0, sense=[NO SENSE] ASC=0x00 ASCQ=0x00
[2026-09-27T13:33:16Z DEBUG tape_rs::scsi::device] SG_IO: device=/dev/sg5 cdb=[5e, 00, 00, 00, 00, 00, 00, 04, 00, 00] bytes=1024 wall_us=571 duration_ms=1 result=Ok(0) status=0x0 host=0x0 driver=0x0 resid=1008 info=0x0 sense=[]
[2026-09-27T13:33:16Z DEBUG tape_rs::scsi::device] SCSI 命令完成: cdb=[5e, 00, 00, 00, 00, 00, 00, 04, 00, 00], status=0x00, transferred=16, duration=1ms, info=0x0, sense=[NO SENSE] ASC=0x00 ASCQ=0x00
[2026-09-27T13:33:16Z DEBUG tape_rs::scsi::device] SG_IO: device=/dev/sg5 cdb=[5e, 01, 00, 00, 00, 00, 00, 04, 00, 00] bytes=1024 wall_us=658 duration_ms=0 result=Ok(0) status=0x0 host=0x0 driver=0x0 resid=1000 info=0x0 sense=[]
[2026-09-27T13:33:16Z DEBUG tape_rs::scsi::device] SCSI 命令完成: cdb=[5e, 01, 00, 00, 00, 00, 00, 04, 00, 00], status=0x00, transferred=24, duration=0ms, info=0x0, sense=[NO SENSE] ASC=0x00 ASCQ=0x00
[2026-09-27T13:33:16Z DEBUG tape_rs::scsi::device] SG_IO: device=/dev/sg3 cdb=[00, 00, 00, 00, 00, 00] bytes=0 wall_us=579 duration_ms=1 result=Ok(0) status=0x0 host=0x0 driver=0x0 resid=0 info=0x0 sense=[]
[2026-09-27T13:33:16Z DEBUG tape_rs::scsi::device] SCSI 命令完成: cdb=[00, 00, 00, 00, 00, 00], status=0x00, transferred=0, duration=1ms, info=0x0, sense=[NO SENSE] ASC=0x00 ASCQ=0x00
[2026-09-27T13:33:16Z DEBUG tape_rs::scsi::device] SG_IO: device=/dev/sg3 cdb=[5e, 00, 00, 00, 00, 00, 00, 04, 00, 00] bytes=1024 wall_us=604 duration_ms=0 result=Ok(0) status=0x0 host=0x0 driver=0x0 resid=1008 info=0x0 sense=[]
[2026-09-27T13:33:16Z DEBUG tape_rs::scsi::device] SCSI 命令完成: cdb=[5e, 00, 00, 00, 00, 00, 00, 04, 00, 00], status=0x00, transferred=16, duration=0ms, info=0x0, sense=[NO SENSE] ASC=0x00 ASCQ=0x00
[2026-09-27T13:33:16Z DEBUG tape_rs::scsi::device] SG_IO: device=/dev/sg3 cdb=[5e, 01, 00, 00, 00, 00, 00, 04, 00, 00] bytes=1024 wall_us=699 duration_ms=1 result=Ok(0) status=0x0 host=0x0 driver=0x0 resid=1000 info=0x0 sense=[]
[2026-09-27T13:33:16Z DEBUG tape_rs::scsi::device] SCSI 命令完成: cdb=[5e, 01, 00, 00, 00, 00, 00, 04, 00, 00], status=0x00, transferred=24, duration=1ms, info=0x0, sense=[NO SENSE] ASC=0x00 ASCQ=0x00
[2026-09-27T13:33:16Z DEBUG tape_rs::scsi::device] SG_IO: device=/dev/sg3 cdb=[34, 00, 00, 00, 00, 00, 00, 00, 00, 00] bytes=20 wall_us=764 duration_ms=1 result=Ok(0) status=0x0 host=0x0 driver=0x0 resid=0 info=0x0 sense=[]
[2026-09-27T13:33:16Z DEBUG tape_rs::scsi::device] SCSI 命令完成: cdb=[34, 00, 00, 00, 00, 00, 00, 00, 00, 00], status=0x00, transferred=20, duration=1ms, info=0x0, sense=[NO SENSE] ASC=0x00 ASCQ=0x00
[2026-09-27T13:33:16Z INFO  tape_rs::tape::commands] 定位到 partition=1, block=38156
[2026-09-27T13:33:20Z DEBUG tape_rs::scsi::device] SG_IO: device=/dev/sg3 cdb=[92, 02, 00, 01, 00, 00, 00, 00, 00, 00, 95, 0c, 00, 00, 00, 00] bytes=0 wall_us=3386299 duration_ms=3386 result=Ok(0) status=0x0 host=0x0 driver=0x0 resid=0 info=0x0 sense=[]
[2026-09-27T13:33:20Z DEBUG tape_rs::scsi::device] SCSI 命令完成: cdb=[92, 02, 00, 01, 00, 00, 00, 00, 00, 00, 95, 0c, 00, 00, 00, 00], status=0x00, transferred=0, duration=3386ms, info=0x0, sense=[NO SENSE] ASC=0x00 ASCQ=0x00
[2026-09-27T13:33:20Z DEBUG tape_rs::scsi::device] SG_IO: device=/dev/sg3 cdb=[08, 00, 08, 00, 00, 00] bytes=524288 wall_us=203493 duration_ms=204 result=Ok(0) status=0x2 host=0x0 driver=0x8 resid=520192 info=0x1 sense=[f0, 00, 20, 00, 07, f0, 00, 58, 00, 00, 00, 00, 00, 00, 30, 00, 14, 11, 00, 00, 01, 01, 52, 43, 30, 30, 31, 38, 4c, 00, 00, 00, 00, 00, 26, 00, 01, 00, 00, 26, c0, 08, 80, 4c, 39, 00, 00, 95, 0c, 00, 00, 00, 00, 00, 00, 00, 00, 00, 00, 00, 00, 00, 00, 00]
[2026-09-27T13:33:20Z DEBUG tape_rs::scsi::device] SCSI 命令完成: cdb=[08, 00, 08, 00, 00, 00], status=0x02, transferred=4096, duration=204ms, info=0x1, sense=[NO SENSE] ASC=0x00 ASCQ=0x00
[2026-09-27T13:33:20Z INFO  tape_rs::ltfs::volume] 读取 comparison/session-20260927/f0.bin: 4096 字节
[2026-09-27T13:33:20Z DEBUG tape_rs::scsi::device] SG_IO: device=/dev/sg3 cdb=[5e, 00, 00, 00, 00, 00, 00, 04, 00, 00] bytes=1024 wall_us=1474 duration_ms=1 result=Ok(0) status=0x0 host=0x0 driver=0x0 resid=1008 info=0x0 sense=[]
[2026-09-27T13:33:20Z DEBUG tape_rs::scsi::device] SCSI 命令完成: cdb=[5e, 00, 00, 00, 00, 00, 00, 04, 00, 00], status=0x00, transferred=16, duration=1ms, info=0x0, sense=[NO SENSE] ASC=0x00 ASCQ=0x00
[2026-09-27T13:33:20Z DEBUG tape_rs::scsi::device] SG_IO: device=/dev/sg3 cdb=[5e, 01, 00, 00, 00, 00, 00, 04, 00, 00] bytes=1024 wall_us=765 duration_ms=1 result=Ok(0) status=0x0 host=0x0 driver=0x0 resid=1000 info=0x0 sense=[]
[2026-09-27T13:33:20Z DEBUG tape_rs::scsi::device] SCSI 命令完成: cdb=[5e, 01, 00, 00, 00, 00, 00, 04, 00, 00], status=0x00, transferred=24, duration=1ms, info=0x0, sense=[NO SENSE] ASC=0x00 ASCQ=0x00
[2026-09-27T13:33:20Z DEBUG tape_rs::scsi::device] SG_IO: device=/dev/sg5 cdb=[5e, 00, 00, 00, 00, 00, 00, 04, 00, 00] bytes=1024 wall_us=701 duration_ms=1 result=Ok(0) status=0x0 host=0x0 driver=0x0 resid=1008 info=0x0 sense=[]
[2026-09-27T13:33:20Z DEBUG tape_rs::scsi::device] SCSI 命令完成: cdb=[5e, 00, 00, 00, 00, 00, 00, 04, 00, 00], status=0x00, transferred=16, duration=1ms, info=0x0, sense=[NO SENSE] ASC=0x00 ASCQ=0x00
[2026-09-27T13:33:20Z DEBUG tape_rs::scsi::device] SG_IO: device=/dev/sg5 cdb=[5e, 01, 00, 00, 00, 00, 00, 04, 00, 00] bytes=1024 wall_us=613 duration_ms=0 result=Ok(0) status=0x0 host=0x0 driver=0x0 resid=1000 info=0x0 sense=[]
[2026-09-27T13:33:20Z DEBUG tape_rs::scsi::device] SCSI 命令完成: cdb=[5e, 01, 00, 00, 00, 00, 00, 04, 00, 00], status=0x00, transferred=24, duration=0ms, info=0x0, sense=[NO SENSE] ASC=0x00 ASCQ=0x00
[2026-09-27T13:33:20Z INFO  ltfsd] 收到停机信号，正在计划停机（再按一次直接退出）
[2026-09-27T13:33:20Z INFO  tape_rs::daemon::executor] 执行线程: 轮次 2 计划停机
[2026-09-27T13:33:20Z DEBUG tape_rs::scsi::device] SG_IO: device=/dev/sg3 cdb=[5e, 00, 00, 00, 00, 00, 00, 04, 00, 00] bytes=1024 wall_us=667 duration_ms=0 result=Ok(0) status=0x0 host=0x0 driver=0x0 resid=1008 info=0x0 sense=[]
[2026-09-27T13:33:20Z DEBUG tape_rs::scsi::device] SCSI 命令完成: cdb=[5e, 00, 00, 00, 00, 00, 00, 04, 00, 00], status=0x00, transferred=16, duration=0ms, info=0x0, sense=[NO SENSE] ASC=0x00 ASCQ=0x00
[2026-09-27T13:33:20Z DEBUG tape_rs::scsi::device] SG_IO: device=/dev/sg3 cdb=[5e, 01, 00, 00, 00, 00, 00, 04, 00, 00] bytes=1024 wall_us=813 duration_ms=1 result=Ok(0) status=0x0 host=0x0 driver=0x0 resid=1000 info=0x0 sense=[]
[2026-09-27T13:33:20Z DEBUG tape_rs::scsi::device] SCSI 命令完成: cdb=[5e, 01, 00, 00, 00, 00, 00, 04, 00, 00], status=0x00, transferred=24, duration=1ms, info=0x0, sense=[NO SENSE] ASC=0x00 ASCQ=0x00
[2026-09-27T13:33:20Z DEBUG tape_rs::scsi::device] SG_IO: device=/dev/sg5 cdb=[5a, 00, 1d, 00, 00, 00, 00, 00, ff, 00] bytes=255 wall_us=48195 duration_ms=48 result=Ok(0) status=0x0 host=0x0 driver=0x0 resid=219 info=0x0 sense=[]
[2026-09-27T13:33:20Z DEBUG tape_rs::scsi::device] SCSI 命令完成: cdb=[5a, 00, 1d, 00, 00, 00, 00, 00, ff, 00], status=0x00, transferred=36, duration=48ms, info=0x0, sense=[NO SENSE] ASC=0x00 ASCQ=0x00
[2026-09-27T13:33:20Z DEBUG tape_rs::scsi::device] SG_IO: device=/dev/sg5 cdb=[b8, 10, 00, 00, 00, 2a, 01, 00, 1f, c8, 00, 00] bytes=8136 wall_us=82579 duration_ms=83 result=Ok(0) status=0x0 host=0x0 driver=0x0 resid=5878 info=0x0 sense=[]
[2026-09-27T13:33:20Z DEBUG tape_rs::scsi::device] SCSI 命令完成: cdb=[b8, 10, 00, 00, 00, 2a, 01, 00, 1f, c8, 00, 00], status=0x00, transferred=2258, duration=83ms, info=0x0, sense=[NO SENSE] ASC=0x00 ASCQ=0x00
[2026-09-27T13:33:20Z DEBUG tape_rs::scsi::device] SG_IO: device=/dev/sg3 cdb=[00, 00, 00, 00, 00, 00] bytes=0 wall_us=494 duration_ms=0 result=Ok(0) status=0x0 host=0x0 driver=0x0 resid=0 info=0x0 sense=[]
[2026-09-27T13:33:20Z DEBUG tape_rs::scsi::device] SCSI 命令完成: cdb=[00, 00, 00, 00, 00, 00], status=0x00, transferred=0, duration=0ms, info=0x0, sense=[NO SENSE] ASC=0x00 ASCQ=0x00
[2026-09-27T13:33:20Z DEBUG tape_rs::scsi::device] SG_IO: device=/dev/sg3 cdb=[5e, 00, 00, 00, 00, 00, 00, 04, 00, 00] bytes=1024 wall_us=702 duration_ms=1 result=Ok(0) status=0x0 host=0x0 driver=0x0 resid=1008 info=0x0 sense=[]
[2026-09-27T13:33:20Z DEBUG tape_rs::scsi::device] SCSI 命令完成: cdb=[5e, 00, 00, 00, 00, 00, 00, 04, 00, 00], status=0x00, transferred=16, duration=1ms, info=0x0, sense=[NO SENSE] ASC=0x00 ASCQ=0x00
[2026-09-27T13:33:20Z DEBUG tape_rs::scsi::device] SG_IO: device=/dev/sg3 cdb=[5e, 01, 00, 00, 00, 00, 00, 04, 00, 00] bytes=1024 wall_us=676 duration_ms=1 result=Ok(0) status=0x0 host=0x0 driver=0x0 resid=1000 info=0x0 sense=[]
[2026-09-27T13:33:20Z DEBUG tape_rs::scsi::device] SCSI 命令完成: cdb=[5e, 01, 00, 00, 00, 00, 00, 04, 00, 00], status=0x00, transferred=24, duration=1ms, info=0x0, sense=[NO SENSE] ASC=0x00 ASCQ=0x00
[2026-09-27T13:33:20Z DEBUG tape_rs::scsi::device] SG_IO: device=/dev/sg3 cdb=[5e, 00, 00, 00, 00, 00, 00, 04, 00, 00] bytes=1024 wall_us=587 duration_ms=0 result=Ok(0) status=0x0 host=0x0 driver=0x0 resid=1008 info=0x0 sense=[]
[2026-09-27T13:33:20Z DEBUG tape_rs::scsi::device] SCSI 命令完成: cdb=[5e, 00, 00, 00, 00, 00, 00, 04, 00, 00], status=0x00, transferred=16, duration=0ms, info=0x0, sense=[NO SENSE] ASC=0x00 ASCQ=0x00
[2026-09-27T13:33:20Z DEBUG tape_rs::scsi::device] SG_IO: device=/dev/sg3 cdb=[5e, 01, 00, 00, 00, 00, 00, 04, 00, 00] bytes=1024 wall_us=682 duration_ms=1 result=Ok(0) status=0x0 host=0x0 driver=0x0 resid=1000 info=0x0 sense=[]
[2026-09-27T13:33:20Z DEBUG tape_rs::scsi::device] SCSI 命令完成: cdb=[5e, 01, 00, 00, 00, 00, 00, 04, 00, 00], status=0x00, transferred=24, duration=1ms, info=0x0, sense=[NO SENSE] ASC=0x00 ASCQ=0x00
[2026-09-27T13:33:20Z DEBUG tape_rs::scsi::device] SG_IO: device=/dev/sg3 cdb=[34, 00, 00, 00, 00, 00, 00, 00, 00, 00] bytes=20 wall_us=943 duration_ms=1 result=Ok(0) status=0x0 host=0x0 driver=0x0 resid=0 info=0x0 sense=[]
[2026-09-27T13:33:20Z DEBUG tape_rs::scsi::device] SCSI 命令完成: cdb=[34, 00, 00, 00, 00, 00, 00, 00, 00, 00], status=0x00, transferred=20, duration=1ms, info=0x0, sense=[NO SENSE] ASC=0x00 ASCQ=0x00
[2026-09-27T13:33:20Z INFO  tape_rs::tape::commands] 定位到 partition=1, block=38193
[2026-09-27T13:33:25Z DEBUG tape_rs::scsi::device] SG_IO: device=/dev/sg3 cdb=[92, 02, 00, 01, 00, 00, 00, 00, 00, 00, 95, 31, 00, 00, 00, 00] bytes=0 wall_us=5199059 duration_ms=5199 result=Ok(0) status=0x0 host=0x0 driver=0x0 resid=0 info=0x0 sense=[]
[2026-09-27T13:33:25Z DEBUG tape_rs::scsi::device] SCSI 命令完成: cdb=[92, 02, 00, 01, 00, 00, 00, 00, 00, 00, 95, 31, 00, 00, 00, 00], status=0x00, transferred=0, duration=5199ms, info=0x0, sense=[NO SENSE] ASC=0x00 ASCQ=0x00
[2026-09-27T13:33:25Z DEBUG tape_rs::scsi::device] SG_IO: device=/dev/sg3 cdb=[10, 01, 00, 00, 01, 00] bytes=0 wall_us=79820 duration_ms=80 result=Ok(0) status=0x0 host=0x0 driver=0x0 resid=0 info=0x0 sense=[]
[2026-09-27T13:33:25Z DEBUG tape_rs::scsi::device] SCSI 命令完成: cdb=[10, 01, 00, 00, 01, 00], status=0x00, transferred=0, duration=80ms, info=0x0, sense=[NO SENSE] ASC=0x00 ASCQ=0x00
[2026-09-27T13:33:25Z DEBUG tape_rs::scsi::device] SG_IO: device=/dev/sg3 cdb=[0a, 00, 08, 00, 00, 00] bytes=524288 wall_us=4006 duration_ms=4 result=Ok(0) status=0x0 host=0x0 driver=0x0 resid=0 info=0x0 sense=[]
[2026-09-27T13:33:25Z DEBUG tape_rs::scsi::device] SCSI 命令完成: cdb=[0a, 00, 08, 00, 00, 00], status=0x00, transferred=524288, duration=4ms, info=0x0, sense=[NO SENSE] ASC=0x00 ASCQ=0x00
[2026-09-27T13:33:25Z DEBUG tape_rs::scsi::device] SG_IO: device=/dev/sg3 cdb=[0a, 00, 08, 00, 00, 00] bytes=524288 wall_us=931 duration_ms=1 result=Ok(0) status=0x0 host=0x0 driver=0x0 resid=0 info=0x0 sense=[]
[2026-09-27T13:33:25Z DEBUG tape_rs::scsi::device] SCSI 命令完成: cdb=[0a, 00, 08, 00, 00, 00], status=0x00, transferred=524288, duration=1ms, info=0x0, sense=[NO SENSE] ASC=0x00 ASCQ=0x00
[2026-09-27T13:33:25Z DEBUG tape_rs::scsi::device] SG_IO: device=/dev/sg3 cdb=[0a, 00, 08, 00, 00, 00] bytes=524288 wall_us=754 duration_ms=0 result=Ok(0) status=0x0 host=0x0 driver=0x0 resid=0 info=0x0 sense=[]
[2026-09-27T13:33:25Z DEBUG tape_rs::scsi::device] SCSI 命令完成: cdb=[0a, 00, 08, 00, 00, 00], status=0x00, transferred=524288, duration=0ms, info=0x0, sense=[NO SENSE] ASC=0x00 ASCQ=0x00
[2026-09-27T13:33:25Z DEBUG tape_rs::scsi::device] SG_IO: device=/dev/sg3 cdb=[0a, 00, 08, 00, 00, 00] bytes=524288 wall_us=750 duration_ms=1 result=Ok(0) status=0x0 host=0x0 driver=0x0 resid=0 info=0x0 sense=[]
[2026-09-27T13:33:25Z DEBUG tape_rs::scsi::device] SCSI 命令完成: cdb=[0a, 00, 08, 00, 00, 00], status=0x00, transferred=524288, duration=1ms, info=0x0, sense=[NO SENSE] ASC=0x00 ASCQ=0x00
[2026-09-27T13:33:25Z DEBUG tape_rs::scsi::device] SG_IO: device=/dev/sg3 cdb=[0a, 00, 08, 00, 00, 00] bytes=524288 wall_us=747 duration_ms=1 result=Ok(0) status=0x0 host=0x0 driver=0x0 resid=0 info=0x0 sense=[]
[2026-09-27T13:33:25Z DEBUG tape_rs::scsi::device] SCSI 命令完成: cdb=[0a, 00, 08, 00, 00, 00], status=0x00, transferred=524288, duration=1ms, info=0x0, sense=[NO SENSE] ASC=0x00 ASCQ=0x00
[2026-09-27T13:33:25Z DEBUG tape_rs::scsi::device] SG_IO: device=/dev/sg3 cdb=[0a, 00, 04, 47, a5, 00] bytes=280485 wall_us=406 duration_ms=0 result=Ok(0) status=0x0 host=0x0 driver=0x0 resid=0 info=0x0 sense=[]
[2026-09-27T13:33:25Z DEBUG tape_rs::scsi::device] SCSI 命令完成: cdb=[0a, 00, 04, 47, a5, 00], status=0x00, transferred=280485, duration=0ms, info=0x0, sense=[NO SENSE] ASC=0x00 ASCQ=0x00
[2026-09-27T13:33:33Z DEBUG tape_rs::scsi::device] SG_IO: device=/dev/sg3 cdb=[10, 00, 00, 00, 01, 00] bytes=0 wall_us=7509461 duration_ms=7510 result=Ok(0) status=0x0 host=0x0 driver=0x0 resid=0 info=0x0 sense=[]
[2026-09-27T13:33:33Z DEBUG tape_rs::scsi::device] SCSI 命令完成: cdb=[10, 00, 00, 00, 01, 00], status=0x00, transferred=0, duration=7510ms, info=0x0, sense=[NO SENSE] ASC=0x00 ASCQ=0x00
[2026-09-27T13:33:33Z INFO  tape_rs::tape::commands] 定位到 partition=0, block=4
[2026-09-27T13:34:11Z DEBUG tape_rs::scsi::device] SG_IO: device=/dev/sg3 cdb=[92, 02, 00, 00, 00, 00, 00, 00, 00, 00, 00, 04, 00, 00, 00, 00] bytes=0 wall_us=38514290 duration_ms=38514 result=Ok(0) status=0x0 host=0x0 driver=0x0 resid=0 info=0x0 sense=[]
[2026-09-27T13:34:11Z DEBUG tape_rs::scsi::device] SCSI 命令完成: cdb=[92, 02, 00, 00, 00, 00, 00, 00, 00, 00, 00, 04, 00, 00, 00, 00], status=0x00, transferred=0, duration=38514ms, info=0x0, sense=[NO SENSE] ASC=0x00 ASCQ=0x00
[2026-09-27T13:34:11Z DEBUG tape_rs::scsi::device] SG_IO: device=/dev/sg3 cdb=[10, 01, 00, 00, 01, 00] bytes=0 wall_us=53854 duration_ms=54 result=Ok(0) status=0x0 host=0x0 driver=0x0 resid=0 info=0x0 sense=[]
[2026-09-27T13:34:11Z DEBUG tape_rs::scsi::device] SCSI 命令完成: cdb=[10, 01, 00, 00, 01, 00], status=0x00, transferred=0, duration=54ms, info=0x0, sense=[NO SENSE] ASC=0x00 ASCQ=0x00
[2026-09-27T13:34:11Z DEBUG tape_rs::scsi::device] SG_IO: device=/dev/sg3 cdb=[0a, 00, 08, 00, 00, 00] bytes=524288 wall_us=3558 duration_ms=3 result=Ok(0) status=0x0 host=0x0 driver=0x0 resid=0 info=0x0 sense=[]
[2026-09-27T13:34:11Z DEBUG tape_rs::scsi::device] SCSI 命令完成: cdb=[0a, 00, 08, 00, 00, 00], status=0x00, transferred=524288, duration=3ms, info=0x0, sense=[NO SENSE] ASC=0x00 ASCQ=0x00
[2026-09-27T13:34:11Z DEBUG tape_rs::scsi::device] SG_IO: device=/dev/sg3 cdb=[0a, 00, 08, 00, 00, 00] bytes=524288 wall_us=846 duration_ms=0 result=Ok(0) status=0x0 host=0x0 driver=0x0 resid=0 info=0x0 sense=[]
[2026-09-27T13:34:11Z DEBUG tape_rs::scsi::device] SCSI 命令完成: cdb=[0a, 00, 08, 00, 00, 00], status=0x00, transferred=524288, duration=0ms, info=0x0, sense=[NO SENSE] ASC=0x00 ASCQ=0x00
[2026-09-27T13:34:11Z DEBUG tape_rs::scsi::device] SG_IO: device=/dev/sg3 cdb=[0a, 00, 08, 00, 00, 00] bytes=524288 wall_us=764 duration_ms=1 result=Ok(0) status=0x0 host=0x0 driver=0x0 resid=0 info=0x0 sense=[]
[2026-09-27T13:34:11Z DEBUG tape_rs::scsi::device] SCSI 命令完成: cdb=[0a, 00, 08, 00, 00, 00], status=0x00, transferred=524288, duration=1ms, info=0x0, sense=[NO SENSE] ASC=0x00 ASCQ=0x00
[2026-09-27T13:34:11Z DEBUG tape_rs::scsi::device] SG_IO: device=/dev/sg3 cdb=[0a, 00, 08, 00, 00, 00] bytes=524288 wall_us=765 duration_ms=1 result=Ok(0) status=0x0 host=0x0 driver=0x0 resid=0 info=0x0 sense=[]
[2026-09-27T13:34:11Z DEBUG tape_rs::scsi::device] SCSI 命令完成: cdb=[0a, 00, 08, 00, 00, 00], status=0x00, transferred=524288, duration=1ms, info=0x0, sense=[NO SENSE] ASC=0x00 ASCQ=0x00
[2026-09-27T13:34:11Z DEBUG tape_rs::scsi::device] SG_IO: device=/dev/sg3 cdb=[0a, 00, 08, 00, 00, 00] bytes=524288 wall_us=762 duration_ms=1 result=Ok(0) status=0x0 host=0x0 driver=0x0 resid=0 info=0x0 sense=[]
[2026-09-27T13:34:11Z DEBUG tape_rs::scsi::device] SCSI 命令完成: cdb=[0a, 00, 08, 00, 00, 00], status=0x00, transferred=524288, duration=1ms, info=0x0, sense=[NO SENSE] ASC=0x00 ASCQ=0x00
[2026-09-27T13:34:11Z DEBUG tape_rs::scsi::device] SG_IO: device=/dev/sg3 cdb=[0a, 00, 04, 47, 20, 00] bytes=280352 wall_us=418 duration_ms=0 result=Ok(0) status=0x0 host=0x0 driver=0x0 resid=0 info=0x0 sense=[]
[2026-09-27T13:34:11Z DEBUG tape_rs::scsi::device] SCSI 命令完成: cdb=[0a, 00, 04, 47, 20, 00], status=0x00, transferred=280352, duration=0ms, info=0x0, sense=[NO SENSE] ASC=0x00 ASCQ=0x00
[2026-09-27T13:34:18Z DEBUG tape_rs::scsi::device] SG_IO: device=/dev/sg3 cdb=[10, 00, 00, 00, 01, 00] bytes=0 wall_us=6219615 duration_ms=6220 result=Ok(0) status=0x0 host=0x0 driver=0x0 resid=0 info=0x0 sense=[]
[2026-09-27T13:34:18Z DEBUG tape_rs::scsi::device] SCSI 命令完成: cdb=[10, 00, 00, 00, 01, 00], status=0x00, transferred=0, duration=6220ms, info=0x0, sense=[NO SENSE] ASC=0x00 ASCQ=0x00
[2026-09-27T13:34:18Z DEBUG tape_rs::scsi::device] SG_IO: device=/dev/sg3 cdb=[5e, 00, 00, 00, 00, 00, 00, 04, 00, 00] bytes=1024 wall_us=562 duration_ms=1 result=Ok(0) status=0x0 host=0x0 driver=0x0 resid=1008 info=0x0 sense=[]
[2026-09-27T13:34:18Z DEBUG tape_rs::scsi::device] SCSI 命令完成: cdb=[5e, 00, 00, 00, 00, 00, 00, 04, 00, 00], status=0x00, transferred=16, duration=1ms, info=0x0, sense=[NO SENSE] ASC=0x00 ASCQ=0x00
[2026-09-27T13:34:18Z DEBUG tape_rs::scsi::device] SG_IO: device=/dev/sg3 cdb=[5e, 01, 00, 00, 00, 00, 00, 04, 00, 00] bytes=1024 wall_us=669 duration_ms=1 result=Ok(0) status=0x0 host=0x0 driver=0x0 resid=1000 info=0x0 sense=[]
[2026-09-27T13:34:18Z DEBUG tape_rs::scsi::device] SCSI 命令完成: cdb=[5e, 01, 00, 00, 00, 00, 00, 04, 00, 00], status=0x00, transferred=24, duration=1ms, info=0x0, sense=[NO SENSE] ASC=0x00 ASCQ=0x00
[2026-09-27T13:34:18Z DEBUG tape_rs::scsi::device] SG_IO: device=/dev/sg3 cdb=[10, 00, 00, 00, 00, 00] bytes=0 wall_us=1721 duration_ms=1 result=Ok(0) status=0x0 host=0x0 driver=0x0 resid=0 info=0x0 sense=[]
[2026-09-27T13:34:18Z DEBUG tape_rs::scsi::device] SCSI 命令完成: cdb=[10, 00, 00, 00, 00, 00], status=0x00, transferred=0, duration=1ms, info=0x0, sense=[NO SENSE] ASC=0x00 ASCQ=0x00
[2026-09-27T13:34:20Z DEBUG tape_rs::scsi::device] SG_IO: device=/dev/sg3 cdb=[8c, 00, 00, 00, 00, 00, 00, 00, 00, 09, 00, 00, 02, 00, 00, 00] bytes=512 wall_us=2476941 duration_ms=2477 result=Ok(0) status=0x0 host=0x0 driver=0x0 resid=0 info=0x0 sense=[]
[2026-09-27T13:34:20Z DEBUG tape_rs::scsi::device] SCSI 命令完成: cdb=[8c, 00, 00, 00, 00, 00, 00, 00, 00, 09, 00, 00, 02, 00, 00, 00], status=0x00, transferred=512, duration=2477ms, info=0x0, sense=[NO SENSE] ASC=0x00 ASCQ=0x00
[2026-09-27T13:34:22Z DEBUG tape_rs::scsi::device] SG_IO: device=/dev/sg3 cdb=[8d, 01, 00, 00, 00, 00, 00, 00, 00, 00, 00, 00, 00, 4f, 00, 00] bytes=79 wall_us=1631426 duration_ms=1632 result=Ok(0) status=0x0 host=0x0 driver=0x0 resid=0 info=0x0 sense=[]
[2026-09-27T13:34:22Z DEBUG tape_rs::scsi::device] SCSI 命令完成: cdb=[8d, 01, 00, 00, 00, 00, 00, 00, 00, 00, 00, 00, 00, 4f, 00, 00], status=0x00, transferred=79, duration=1632ms, info=0x0, sense=[NO SENSE] ASC=0x00 ASCQ=0x00
[2026-09-27T13:34:23Z DEBUG tape_rs::scsi::device] SG_IO: device=/dev/sg3 cdb=[8d, 01, 00, 00, 00, 00, 00, 01, 00, 00, 00, 00, 00, 4f, 00, 00] bytes=79 wall_us=1630612 duration_ms=1631 result=Ok(0) status=0x0 host=0x0 driver=0x0 resid=0 info=0x0 sense=[]
[2026-09-27T13:34:23Z DEBUG tape_rs::scsi::device] SCSI 命令完成: cdb=[8d, 01, 00, 00, 00, 00, 00, 01, 00, 00, 00, 00, 00, 4f, 00, 00], status=0x00, transferred=79, duration=1631ms, info=0x0, sense=[NO SENSE] ASC=0x00 ASCQ=0x00
[2026-09-27T13:34:23Z INFO  tape_rs::ltfs::volume] commit: gen 38 @ DP 38194, IP checkpoint=true
[2026-09-27T13:34:23Z DEBUG tape_rs::scsi::device] SG_IO: device=/dev/sg3 cdb=[8c, 00, 00, 00, 00, 00, 00, 01, 00, 00, 00, 00, 02, 00, 00, 00] bytes=512 wall_us=1829 duration_ms=2 result=Ok(0) status=0x0 host=0x0 driver=0x0 resid=0 info=0x0 sense=[]
[2026-09-27T13:34:23Z DEBUG tape_rs::scsi::device] SCSI 命令完成: cdb=[8c, 00, 00, 00, 00, 00, 00, 01, 00, 00, 00, 00, 02, 00, 00, 00], status=0x00, transferred=512, duration=2ms, info=0x0, sense=[NO SENSE] ASC=0x00 ASCQ=0x00
[2026-09-27T13:34:23Z DEBUG tape_rs::scsi::device] SG_IO: device=/dev/sg3 cdb=[8c, 00, 00, 00, 00, 00, 00, 01, 00, 01, 00, 00, 02, 00, 00, 00] bytes=512 wall_us=1867 duration_ms=2 result=Ok(0) status=0x0 host=0x0 driver=0x0 resid=0 info=0x0 sense=[]
[2026-09-27T13:34:23Z DEBUG tape_rs::scsi::device] SCSI 命令完成: cdb=[8c, 00, 00, 00, 00, 00, 00, 01, 00, 01, 00, 00, 02, 00, 00, 00], status=0x00, transferred=512, duration=2ms, info=0x0, sense=[NO SENSE] ASC=0x00 ASCQ=0x00
[2026-09-27T13:34:23Z INFO  tape_rs::tape::commands] 弹出磁带...
[2026-09-27T13:35:59Z DEBUG tape_rs::scsi::device] SG_IO: device=/dev/sg3 cdb=[1b, 00, 00, 00, 00, 00] bytes=0 wall_us=95487318 duration_ms=95488 result=Ok(0) status=0x0 host=0x0 driver=0x0 resid=0 info=0x0 sense=[]
[2026-09-27T13:35:59Z DEBUG tape_rs::scsi::device] SCSI 命令完成: cdb=[1b, 00, 00, 00, 00, 00], status=0x00, transferred=0, duration=95488ms, info=0x0, sense=[NO SENSE] ASC=0x00 ASCQ=0x00
[2026-09-27T13:35:59Z INFO  tape_rs::tape::commands] 弹出完成
[2026-09-27T13:35:59Z DEBUG tape_rs::scsi::device] SG_IO: device=/dev/sg3 cdb=[5f, 02, 03, 00, 00, 00, 00, 00, 18, 00] bytes=24 wall_us=739 duration_ms=1 result=Ok(0) status=0x0 host=0x0 driver=0x0 resid=0 info=0x0 sense=[]
[2026-09-27T13:35:59Z DEBUG tape_rs::scsi::device] SCSI 命令完成: cdb=[5f, 02, 03, 00, 00, 00, 00, 00, 18, 00], status=0x00, transferred=24, duration=1ms, info=0x0, sense=[NO SENSE] ASC=0x00 ASCQ=0x00
[2026-09-27T13:35:59Z DEBUG tape_rs::scsi::device] SG_IO: device=/dev/sg3 cdb=[5f, 06, 00, 00, 00, 00, 00, 00, 18, 00] bytes=24 wall_us=683 duration_ms=0 result=Ok(0) status=0x0 host=0x0 driver=0x0 resid=0 info=0x0 sense=[]
[2026-09-27T13:35:59Z DEBUG tape_rs::scsi::device] SCSI 命令完成: cdb=[5f, 06, 00, 00, 00, 00, 00, 00, 18, 00], status=0x00, transferred=24, duration=0ms, info=0x0, sense=[NO SENSE] ASC=0x00 ASCQ=0x00
[2026-09-27T13:35:59Z INFO  tape_rs::daemon::executor] 执行线程: 11EB4A80F1 (/dev/sg3) 的预留已释放
[2026-09-27T13:35:59Z DEBUG tape_rs::scsi::device] SG_IO: device=/dev/sg5 cdb=[5f, 02, 03, 00, 00, 00, 00, 00, 18, 00] bytes=24 wall_us=765 duration_ms=1 result=Ok(0) status=0x0 host=0x0 driver=0x0 resid=0 info=0x0 sense=[]
[2026-09-27T13:35:59Z DEBUG tape_rs::scsi::device] SCSI 命令完成: cdb=[5f, 02, 03, 00, 00, 00, 00, 00, 18, 00], status=0x00, transferred=24, duration=1ms, info=0x0, sense=[NO SENSE] ASC=0x00 ASCQ=0x00
[2026-09-27T13:35:59Z DEBUG tape_rs::scsi::device] SG_IO: device=/dev/sg5 cdb=[5f, 06, 00, 00, 00, 00, 00, 00, 18, 00] bytes=24 wall_us=766 duration_ms=1 result=Ok(0) status=0x0 host=0x0 driver=0x0 resid=0 info=0x0 sense=[]
[2026-09-27T13:35:59Z DEBUG tape_rs::scsi::device] SCSI 命令完成: cdb=[5f, 06, 00, 00, 00, 00, 00, 00, 18, 00], status=0x00, transferred=24, duration=1ms, info=0x0, sense=[NO SENSE] ASC=0x00 ASCQ=0x00
[2026-09-27T13:35:59Z INFO  tape_rs::daemon::executor] 执行线程: 55L3A7802K19LL01 (/dev/sg5) 的预留已释放
[2026-09-27T13:35:59Z INFO  tape_rs::daemon::node] 节点 3 停机
